 !FromTopology={TPSurfouter}

 !ToTopology={TPQuad}


 !NewElementMapDefinition
           1           2
         1.0000000000000000        0.0000000000000000        0.0000000000000000     
         1.0000000000000000        1.0000000000000000        0.0000000000000000     
         1.0000000000000000        0.0000000000000000        1.0000000000000000     
         1.0000000000000000        1.0000000000000000        1.0000000000000000     
         1.0000000000000000       0.50000000000000000        0.0000000000000000     
         1.0000000000000000        0.0000000000000000       0.50000000000000000     
         1.0000000000000000       0.50000000000000000       0.50000000000000000     
         1.0000000000000000        1.0000000000000000       0.50000000000000000     
         1.0000000000000000       0.50000000000000000        1.0000000000000000     

 !NewElementMapDefinition
           2           4
         1.0000000000000000        0.0000000000000000        0.0000000000000000     
         1.0000000000000000        1.0000000000000000        0.0000000000000000     
         1.0000000000000000        0.0000000000000000        1.0000000000000000     
         1.0000000000000000        1.0000000000000000        1.0000000000000000     
         1.0000000000000000       0.50000000000000000        0.0000000000000000     
         1.0000000000000000        0.0000000000000000       0.50000000000000000     
         1.0000000000000000       0.50000000000000000       0.50000000000000000     
         1.0000000000000000        1.0000000000000000       0.50000000000000000     
         1.0000000000000000       0.50000000000000000        1.0000000000000000     

 !NewElementMapDefinition
           3           6
         1.0000000000000000        0.0000000000000000        0.0000000000000000     
         1.0000000000000000        1.0000000000000000        0.0000000000000000     
         1.0000000000000000        0.0000000000000000        1.0000000000000000     
         1.0000000000000000        1.0000000000000000        1.0000000000000000     
         1.0000000000000000       0.50000000000000000        0.0000000000000000     
         1.0000000000000000        0.0000000000000000       0.50000000000000000     
         1.0000000000000000       0.50000000000000000       0.50000000000000000     
         1.0000000000000000        1.0000000000000000       0.50000000000000000     
         1.0000000000000000       0.50000000000000000        1.0000000000000000     

 !NewElementMapDefinition
           4           8
         1.0000000000000000        0.0000000000000000        0.0000000000000000     
         1.0000000000000000        1.0000000000000000        0.0000000000000000     
         1.0000000000000000        0.0000000000000000        1.0000000000000000     
         1.0000000000000000        1.0000000000000000        1.0000000000000000     
         1.0000000000000000       0.50000000000000000        0.0000000000000000     
         1.0000000000000000        0.0000000000000000       0.50000000000000000     
         1.0000000000000000       0.50000000000000000       0.50000000000000000     
         1.0000000000000000        1.0000000000000000       0.50000000000000000     
         1.0000000000000000       0.50000000000000000        1.0000000000000000     

 !NewElementMapDefinition
           5          10
         1.0000000000000000        0.0000000000000000        0.0000000000000000     
         1.0000000000000000        1.0000000000000000        0.0000000000000000     
         1.0000000000000000        0.0000000000000000        1.0000000000000000     
         1.0000000000000000        1.0000000000000000        1.0000000000000000     
         1.0000000000000000       0.50000000000000000        0.0000000000000000     
         1.0000000000000000        0.0000000000000000       0.50000000000000000     
         1.0000000000000000       0.50000000000000000       0.50000000000000000     
         1.0000000000000000        1.0000000000000000       0.50000000000000000     
         1.0000000000000000       0.50000000000000000        1.0000000000000000     

 !NewElementMapDefinition
           6          12
         1.0000000000000000        0.0000000000000000        0.0000000000000000     
         1.0000000000000000        1.0000000000000000        0.0000000000000000     
         1.0000000000000000        0.0000000000000000        1.0000000000000000     
         1.0000000000000000        1.0000000000000000        1.0000000000000000     
         1.0000000000000000       0.50000000000000000        0.0000000000000000     
         1.0000000000000000        0.0000000000000000       0.50000000000000000     
         1.0000000000000000       0.50000000000000000       0.50000000000000000     
         1.0000000000000000        1.0000000000000000       0.50000000000000000     
         1.0000000000000000       0.50000000000000000        1.0000000000000000     

 !NewElementMapDefinition
           7          14
         1.0000000000000000        0.0000000000000000        0.0000000000000000     
         1.0000000000000000        1.0000000000000000        0.0000000000000000     
         1.0000000000000000        0.0000000000000000        1.0000000000000000     
         1.0000000000000000        1.0000000000000000        1.0000000000000000     
         1.0000000000000000       0.50000000000000000        0.0000000000000000     
         1.0000000000000000        0.0000000000000000       0.50000000000000000     
         1.0000000000000000       0.50000000000000000       0.50000000000000000     
         1.0000000000000000        1.0000000000000000       0.50000000000000000     
         1.0000000000000000       0.50000000000000000        1.0000000000000000     

 !NewElementMapDefinition
           8          16
         1.0000000000000000        0.0000000000000000        0.0000000000000000     
         1.0000000000000000        1.0000000000000000        0.0000000000000000     
         1.0000000000000000        0.0000000000000000        1.0000000000000000     
         1.0000000000000000        1.0000000000000000        1.0000000000000000     
         1.0000000000000000       0.50000000000000000        0.0000000000000000     
         1.0000000000000000        0.0000000000000000       0.50000000000000000     
         1.0000000000000000       0.50000000000000000       0.50000000000000000     
         1.0000000000000000        1.0000000000000000       0.50000000000000000     
         1.0000000000000000       0.50000000000000000        1.0000000000000000     

 !NewElementMapDefinition
           9          18
         1.0000000000000000        0.0000000000000000        0.0000000000000000     
         1.0000000000000000        1.0000000000000000        0.0000000000000000     
         1.0000000000000000        0.0000000000000000        1.0000000000000000     
         1.0000000000000000        1.0000000000000000        1.0000000000000000     
         1.0000000000000000       0.50000000000000000        0.0000000000000000     
         1.0000000000000000        0.0000000000000000       0.50000000000000000     
         1.0000000000000000       0.50000000000000000       0.50000000000000000     
         1.0000000000000000        1.0000000000000000       0.50000000000000000     
         1.0000000000000000       0.50000000000000000        1.0000000000000000     

 !NewElementMapDefinition
          10          20
         1.0000000000000000        0.0000000000000000        0.0000000000000000     
         1.0000000000000000        1.0000000000000000        0.0000000000000000     
         1.0000000000000000        0.0000000000000000        1.0000000000000000     
         1.0000000000000000        1.0000000000000000        1.0000000000000000     
         1.0000000000000000       0.50000000000000000        0.0000000000000000     
         1.0000000000000000        0.0000000000000000       0.50000000000000000     
         1.0000000000000000       0.50000000000000000       0.50000000000000000     
         1.0000000000000000        1.0000000000000000       0.50000000000000000     
         1.0000000000000000       0.50000000000000000        1.0000000000000000     

 !NewElementMapDefinition
          11          22
         1.0000000000000000        0.0000000000000000        0.0000000000000000     
         1.0000000000000000        1.0000000000000000        0.0000000000000000     
         1.0000000000000000        0.0000000000000000        1.0000000000000000     
         1.0000000000000000        1.0000000000000000        1.0000000000000000     
         1.0000000000000000       0.50000000000000000        0.0000000000000000     
         1.0000000000000000        0.0000000000000000       0.50000000000000000     
         1.0000000000000000       0.50000000000000000       0.50000000000000000     
         1.0000000000000000        1.0000000000000000       0.50000000000000000     
         1.0000000000000000       0.50000000000000000        1.0000000000000000     

 !NewElementMapDefinition
          12          24
         1.0000000000000000        0.0000000000000000        0.0000000000000000     
         1.0000000000000000        1.0000000000000000        0.0000000000000000     
         1.0000000000000000        0.0000000000000000        1.0000000000000000     
         1.0000000000000000        1.0000000000000000        1.0000000000000000     
         1.0000000000000000       0.50000000000000000        0.0000000000000000     
         1.0000000000000000        0.0000000000000000       0.50000000000000000     
         1.0000000000000000       0.50000000000000000       0.50000000000000000     
         1.0000000000000000        1.0000000000000000       0.50000000000000000     
         1.0000000000000000       0.50000000000000000        1.0000000000000000     

 !NewElementMapDefinition
          13          26
         1.0000000000000000        0.0000000000000000        0.0000000000000000     
         1.0000000000000000        1.0000000000000000        0.0000000000000000     
         1.0000000000000000        0.0000000000000000        1.0000000000000000     
         1.0000000000000000        1.0000000000000000        1.0000000000000000     
         1.0000000000000000       0.50000000000000000        0.0000000000000000     
         1.0000000000000000        0.0000000000000000       0.50000000000000000     
         1.0000000000000000       0.50000000000000000       0.50000000000000000     
         1.0000000000000000        1.0000000000000000       0.50000000000000000     
         1.0000000000000000       0.50000000000000000        1.0000000000000000     

 !NewElementMapDefinition
          14          28
         1.0000000000000000        0.0000000000000000        0.0000000000000000     
         1.0000000000000000        1.0000000000000000        0.0000000000000000     
         1.0000000000000000        0.0000000000000000        1.0000000000000000     
         1.0000000000000000        1.0000000000000000        1.0000000000000000     
         1.0000000000000000       0.50000000000000000        0.0000000000000000     
         1.0000000000000000        0.0000000000000000       0.50000000000000000     
         1.0000000000000000       0.50000000000000000       0.50000000000000000     
         1.0000000000000000        1.0000000000000000       0.50000000000000000     
         1.0000000000000000       0.50000000000000000        1.0000000000000000     

 !NewElementMapDefinition
          15          30
         1.0000000000000000        0.0000000000000000        0.0000000000000000     
         1.0000000000000000        1.0000000000000000        0.0000000000000000     
         1.0000000000000000        0.0000000000000000        1.0000000000000000     
         1.0000000000000000        1.0000000000000000        1.0000000000000000     
         1.0000000000000000       0.50000000000000000        0.0000000000000000     
         1.0000000000000000        0.0000000000000000       0.50000000000000000     
         1.0000000000000000       0.50000000000000000       0.50000000000000000     
         1.0000000000000000        1.0000000000000000       0.50000000000000000     
         1.0000000000000000       0.50000000000000000        1.0000000000000000     

 !NewElementMapDefinition
          16          32
         1.0000000000000000        0.0000000000000000        0.0000000000000000     
         1.0000000000000000        1.0000000000000000        0.0000000000000000     
         1.0000000000000000        0.0000000000000000        1.0000000000000000     
         1.0000000000000000        1.0000000000000000        1.0000000000000000     
         1.0000000000000000       0.50000000000000000        0.0000000000000000     
         1.0000000000000000        0.0000000000000000       0.50000000000000000     
         1.0000000000000000       0.50000000000000000       0.50000000000000000     
         1.0000000000000000        1.0000000000000000       0.50000000000000000     
         1.0000000000000000       0.50000000000000000        1.0000000000000000     

 !NewElementMapDefinition
          17          34
         1.0000000000000000        0.0000000000000000        0.0000000000000000     
         1.0000000000000000        1.0000000000000000        0.0000000000000000     
         1.0000000000000000        0.0000000000000000        1.0000000000000000     
         1.0000000000000000        1.0000000000000000        1.0000000000000000     
         1.0000000000000000       0.50000000000000000        0.0000000000000000     
         1.0000000000000000        0.0000000000000000       0.50000000000000000     
         1.0000000000000000       0.50000000000000000       0.50000000000000000     
         1.0000000000000000        1.0000000000000000       0.50000000000000000     
         1.0000000000000000       0.50000000000000000        1.0000000000000000     

 !NewElementMapDefinition
          18          36
         1.0000000000000000        0.0000000000000000        0.0000000000000000     
         1.0000000000000000        1.0000000000000000        0.0000000000000000     
         1.0000000000000000        0.0000000000000000        1.0000000000000000     
         1.0000000000000000        1.0000000000000000        1.0000000000000000     
         1.0000000000000000       0.50000000000000000        0.0000000000000000     
         1.0000000000000000        0.0000000000000000       0.50000000000000000     
         1.0000000000000000       0.50000000000000000       0.50000000000000000     
         1.0000000000000000        1.0000000000000000       0.50000000000000000     
         1.0000000000000000       0.50000000000000000        1.0000000000000000     

 !NewElementMapDefinition
          19          38
         1.0000000000000000        0.0000000000000000        0.0000000000000000     
         1.0000000000000000        1.0000000000000000        0.0000000000000000     
         1.0000000000000000        0.0000000000000000        1.0000000000000000     
         1.0000000000000000        1.0000000000000000        1.0000000000000000     
         1.0000000000000000       0.50000000000000000        0.0000000000000000     
         1.0000000000000000        0.0000000000000000       0.50000000000000000     
         1.0000000000000000       0.50000000000000000       0.50000000000000000     
         1.0000000000000000        1.0000000000000000       0.50000000000000000     
         1.0000000000000000       0.50000000000000000        1.0000000000000000     

 !NewElementMapDefinition
          20          40
         1.0000000000000000        0.0000000000000000        0.0000000000000000     
         1.0000000000000000        1.0000000000000000        0.0000000000000000     
         1.0000000000000000        0.0000000000000000        1.0000000000000000     
         1.0000000000000000        1.0000000000000000        1.0000000000000000     
         1.0000000000000000       0.50000000000000000        0.0000000000000000     
         1.0000000000000000        0.0000000000000000       0.50000000000000000     
         1.0000000000000000       0.50000000000000000       0.50000000000000000     
         1.0000000000000000        1.0000000000000000       0.50000000000000000     
         1.0000000000000000       0.50000000000000000        1.0000000000000000     

 !NewElementMapDefinition
          21          42
         1.0000000000000000        0.0000000000000000        0.0000000000000000     
         1.0000000000000000        1.0000000000000000        0.0000000000000000     
         1.0000000000000000        0.0000000000000000        1.0000000000000000     
         1.0000000000000000        1.0000000000000000        1.0000000000000000     
         1.0000000000000000       0.50000000000000000        0.0000000000000000     
         1.0000000000000000        0.0000000000000000       0.50000000000000000     
         1.0000000000000000       0.50000000000000000       0.50000000000000000     
         1.0000000000000000        1.0000000000000000       0.50000000000000000     
         1.0000000000000000       0.50000000000000000        1.0000000000000000     

 !NewElementMapDefinition
          22          44
         1.0000000000000000        0.0000000000000000        0.0000000000000000     
         1.0000000000000000        1.0000000000000000        0.0000000000000000     
         1.0000000000000000        0.0000000000000000        1.0000000000000000     
         1.0000000000000000        1.0000000000000000        1.0000000000000000     
         1.0000000000000000       0.50000000000000000        0.0000000000000000     
         1.0000000000000000        0.0000000000000000       0.50000000000000000     
         1.0000000000000000       0.50000000000000000       0.50000000000000000     
         1.0000000000000000        1.0000000000000000       0.50000000000000000     
         1.0000000000000000       0.50000000000000000        1.0000000000000000     

 !NewElementMapDefinition
          23          46
         1.0000000000000000        0.0000000000000000        0.0000000000000000     
         1.0000000000000000        1.0000000000000000        0.0000000000000000     
         1.0000000000000000        0.0000000000000000        1.0000000000000000     
         1.0000000000000000        1.0000000000000000        1.0000000000000000     
         1.0000000000000000       0.50000000000000000        0.0000000000000000     
         1.0000000000000000        0.0000000000000000       0.50000000000000000     
         1.0000000000000000       0.50000000000000000       0.50000000000000000     
         1.0000000000000000        1.0000000000000000       0.50000000000000000     
         1.0000000000000000       0.50000000000000000        1.0000000000000000     

 !NewElementMapDefinition
          24          48
         1.0000000000000000        0.0000000000000000        0.0000000000000000     
         1.0000000000000000        1.0000000000000000        0.0000000000000000     
         1.0000000000000000        0.0000000000000000        1.0000000000000000     
         1.0000000000000000        1.0000000000000000        1.0000000000000000     
         1.0000000000000000       0.50000000000000000        0.0000000000000000     
         1.0000000000000000        0.0000000000000000       0.50000000000000000     
         1.0000000000000000       0.50000000000000000       0.50000000000000000     
         1.0000000000000000        1.0000000000000000       0.50000000000000000     
         1.0000000000000000       0.50000000000000000        1.0000000000000000     

 !NewElementMapDefinition
          25          50
         1.0000000000000000        0.0000000000000000        0.0000000000000000     
         1.0000000000000000        1.0000000000000000        0.0000000000000000     
         1.0000000000000000        0.0000000000000000        1.0000000000000000     
         1.0000000000000000        1.0000000000000000        1.0000000000000000     
         1.0000000000000000       0.50000000000000000        0.0000000000000000     
         1.0000000000000000        0.0000000000000000       0.50000000000000000     
         1.0000000000000000       0.50000000000000000       0.50000000000000000     
         1.0000000000000000        1.0000000000000000       0.50000000000000000     
         1.0000000000000000       0.50000000000000000        1.0000000000000000     

 !NewElementMapDefinition
          26          52
         1.0000000000000000        0.0000000000000000        0.0000000000000000     
         1.0000000000000000        1.0000000000000000        0.0000000000000000     
         1.0000000000000000        0.0000000000000000        1.0000000000000000     
         1.0000000000000000        1.0000000000000000        1.0000000000000000     
         1.0000000000000000       0.50000000000000000        0.0000000000000000     
         1.0000000000000000        0.0000000000000000       0.50000000000000000     
         1.0000000000000000       0.50000000000000000       0.50000000000000000     
         1.0000000000000000        1.0000000000000000       0.50000000000000000     
         1.0000000000000000       0.50000000000000000        1.0000000000000000     

 !NewElementMapDefinition
          27          54
         1.0000000000000000        0.0000000000000000        0.0000000000000000     
         1.0000000000000000        1.0000000000000000        0.0000000000000000     
         1.0000000000000000        0.0000000000000000        1.0000000000000000     
         1.0000000000000000        1.0000000000000000        1.0000000000000000     
         1.0000000000000000       0.50000000000000000        0.0000000000000000     
         1.0000000000000000        0.0000000000000000       0.50000000000000000     
         1.0000000000000000       0.50000000000000000       0.50000000000000000     
         1.0000000000000000        1.0000000000000000       0.50000000000000000     
         1.0000000000000000       0.50000000000000000        1.0000000000000000     

 !NewElementMapDefinition
          28          56
         1.0000000000000000        0.0000000000000000        0.0000000000000000     
         1.0000000000000000        1.0000000000000000        0.0000000000000000     
         1.0000000000000000        0.0000000000000000        1.0000000000000000     
         1.0000000000000000        1.0000000000000000        1.0000000000000000     
         1.0000000000000000       0.50000000000000000        0.0000000000000000     
         1.0000000000000000        0.0000000000000000       0.50000000000000000     
         1.0000000000000000       0.50000000000000000       0.50000000000000000     
         1.0000000000000000        1.0000000000000000       0.50000000000000000     
         1.0000000000000000       0.50000000000000000        1.0000000000000000     

 !NewElementMapDefinition
          29          58
         1.0000000000000000        0.0000000000000000        0.0000000000000000     
         1.0000000000000000        1.0000000000000000        0.0000000000000000     
         1.0000000000000000        0.0000000000000000        1.0000000000000000     
         1.0000000000000000        1.0000000000000000        1.0000000000000000     
         1.0000000000000000       0.50000000000000000        0.0000000000000000     
         1.0000000000000000        0.0000000000000000       0.50000000000000000     
         1.0000000000000000       0.50000000000000000       0.50000000000000000     
         1.0000000000000000        1.0000000000000000       0.50000000000000000     
         1.0000000000000000       0.50000000000000000        1.0000000000000000     

 !NewElementMapDefinition
          30          60
         1.0000000000000000        0.0000000000000000        0.0000000000000000     
         1.0000000000000000        1.0000000000000000        0.0000000000000000     
         1.0000000000000000        0.0000000000000000        1.0000000000000000     
         1.0000000000000000        1.0000000000000000        1.0000000000000000     
         1.0000000000000000       0.50000000000000000        0.0000000000000000     
         1.0000000000000000        0.0000000000000000       0.50000000000000000     
         1.0000000000000000       0.50000000000000000       0.50000000000000000     
         1.0000000000000000        1.0000000000000000       0.50000000000000000     
         1.0000000000000000       0.50000000000000000        1.0000000000000000     

 !NewElementMapDefinition
          31          62
         1.0000000000000000        0.0000000000000000        0.0000000000000000     
         1.0000000000000000        1.0000000000000000        0.0000000000000000     
         1.0000000000000000        0.0000000000000000        1.0000000000000000     
         1.0000000000000000        1.0000000000000000        1.0000000000000000     
         1.0000000000000000       0.50000000000000000        0.0000000000000000     
         1.0000000000000000        0.0000000000000000       0.50000000000000000     
         1.0000000000000000       0.50000000000000000       0.50000000000000000     
         1.0000000000000000        1.0000000000000000       0.50000000000000000     
         1.0000000000000000       0.50000000000000000        1.0000000000000000     

 !NewElementMapDefinition
          32          64
         1.0000000000000000        0.0000000000000000        0.0000000000000000     
         1.0000000000000000        1.0000000000000000        0.0000000000000000     
         1.0000000000000000        0.0000000000000000        1.0000000000000000     
         1.0000000000000000        1.0000000000000000        1.0000000000000000     
         1.0000000000000000       0.50000000000000000        0.0000000000000000     
         1.0000000000000000        0.0000000000000000       0.50000000000000000     
         1.0000000000000000       0.50000000000000000       0.50000000000000000     
         1.0000000000000000        1.0000000000000000       0.50000000000000000     
         1.0000000000000000       0.50000000000000000        1.0000000000000000     

 !NewElementMapDefinition
          33          66
         1.0000000000000000        0.0000000000000000        0.0000000000000000     
         1.0000000000000000        1.0000000000000000        0.0000000000000000     
         1.0000000000000000        0.0000000000000000        1.0000000000000000     
         1.0000000000000000        1.0000000000000000        1.0000000000000000     
         1.0000000000000000       0.50000000000000000        0.0000000000000000     
         1.0000000000000000        0.0000000000000000       0.50000000000000000     
         1.0000000000000000       0.50000000000000000       0.50000000000000000     
         1.0000000000000000        1.0000000000000000       0.50000000000000000     
         1.0000000000000000       0.50000000000000000        1.0000000000000000     

 !NewElementMapDefinition
          34          68
         1.0000000000000000        0.0000000000000000        0.0000000000000000     
         1.0000000000000000        1.0000000000000000        0.0000000000000000     
         1.0000000000000000        0.0000000000000000        1.0000000000000000     
         1.0000000000000000        1.0000000000000000        1.0000000000000000     
         1.0000000000000000       0.50000000000000000        0.0000000000000000     
         1.0000000000000000        0.0000000000000000       0.50000000000000000     
         1.0000000000000000       0.50000000000000000       0.50000000000000000     
         1.0000000000000000        1.0000000000000000       0.50000000000000000     
         1.0000000000000000       0.50000000000000000        1.0000000000000000     

 !NewElementMapDefinition
          35          70
         1.0000000000000000        0.0000000000000000        0.0000000000000000     
         1.0000000000000000        1.0000000000000000        0.0000000000000000     
         1.0000000000000000        0.0000000000000000        1.0000000000000000     
         1.0000000000000000        1.0000000000000000        1.0000000000000000     
         1.0000000000000000       0.50000000000000000        0.0000000000000000     
         1.0000000000000000        0.0000000000000000       0.50000000000000000     
         1.0000000000000000       0.50000000000000000       0.50000000000000000     
         1.0000000000000000        1.0000000000000000       0.50000000000000000     
         1.0000000000000000       0.50000000000000000        1.0000000000000000     

 !NewElementMapDefinition
          36          72
         1.0000000000000000        0.0000000000000000        0.0000000000000000     
         1.0000000000000000        1.0000000000000000        0.0000000000000000     
         1.0000000000000000        0.0000000000000000        1.0000000000000000     
         1.0000000000000000        1.0000000000000000        1.0000000000000000     
         1.0000000000000000       0.50000000000000000        0.0000000000000000     
         1.0000000000000000        0.0000000000000000       0.50000000000000000     
         1.0000000000000000       0.50000000000000000       0.50000000000000000     
         1.0000000000000000        1.0000000000000000       0.50000000000000000     
         1.0000000000000000       0.50000000000000000        1.0000000000000000     

 !NewElementMapDefinition
          37          74
         1.0000000000000000        0.0000000000000000        0.0000000000000000     
         1.0000000000000000        1.0000000000000000        0.0000000000000000     
         1.0000000000000000        0.0000000000000000        1.0000000000000000     
         1.0000000000000000        1.0000000000000000        1.0000000000000000     
         1.0000000000000000       0.50000000000000000        0.0000000000000000     
         1.0000000000000000        0.0000000000000000       0.50000000000000000     
         1.0000000000000000       0.50000000000000000       0.50000000000000000     
         1.0000000000000000        1.0000000000000000       0.50000000000000000     
         1.0000000000000000       0.50000000000000000        1.0000000000000000     

 !NewElementMapDefinition
          38          76
         1.0000000000000000        0.0000000000000000        0.0000000000000000     
         1.0000000000000000        1.0000000000000000        0.0000000000000000     
         1.0000000000000000        0.0000000000000000        1.0000000000000000     
         1.0000000000000000        1.0000000000000000        1.0000000000000000     
         1.0000000000000000       0.50000000000000000        0.0000000000000000     
         1.0000000000000000        0.0000000000000000       0.50000000000000000     
         1.0000000000000000       0.50000000000000000       0.50000000000000000     
         1.0000000000000000        1.0000000000000000       0.50000000000000000     
         1.0000000000000000       0.50000000000000000        1.0000000000000000     

 !NewElementMapDefinition
          39          78
         1.0000000000000000        0.0000000000000000        0.0000000000000000     
         1.0000000000000000        1.0000000000000000        0.0000000000000000     
         1.0000000000000000        0.0000000000000000        1.0000000000000000     
         1.0000000000000000        1.0000000000000000        1.0000000000000000     
         1.0000000000000000       0.50000000000000000        0.0000000000000000     
         1.0000000000000000        0.0000000000000000       0.50000000000000000     
         1.0000000000000000       0.50000000000000000       0.50000000000000000     
         1.0000000000000000        1.0000000000000000       0.50000000000000000     
         1.0000000000000000       0.50000000000000000        1.0000000000000000     

 !NewElementMapDefinition
          40          80
         1.0000000000000000        0.0000000000000000        0.0000000000000000     
         1.0000000000000000        1.0000000000000000        0.0000000000000000     
         1.0000000000000000        0.0000000000000000        1.0000000000000000     
         1.0000000000000000        1.0000000000000000        1.0000000000000000     
         1.0000000000000000       0.50000000000000000        0.0000000000000000     
         1.0000000000000000        0.0000000000000000       0.50000000000000000     
         1.0000000000000000       0.50000000000000000       0.50000000000000000     
         1.0000000000000000        1.0000000000000000       0.50000000000000000     
         1.0000000000000000       0.50000000000000000        1.0000000000000000     

 !NewElementMapDefinition
          41          82
         1.0000000000000000        0.0000000000000000        0.0000000000000000     
         1.0000000000000000        1.0000000000000000        0.0000000000000000     
         1.0000000000000000        0.0000000000000000        1.0000000000000000     
         1.0000000000000000        1.0000000000000000        1.0000000000000000     
         1.0000000000000000       0.50000000000000000        0.0000000000000000     
         1.0000000000000000        0.0000000000000000       0.50000000000000000     
         1.0000000000000000       0.50000000000000000       0.50000000000000000     
         1.0000000000000000        1.0000000000000000       0.50000000000000000     
         1.0000000000000000       0.50000000000000000        1.0000000000000000     

 !NewElementMapDefinition
          42          84
         1.0000000000000000        0.0000000000000000        0.0000000000000000     
         1.0000000000000000        1.0000000000000000        0.0000000000000000     
         1.0000000000000000        0.0000000000000000        1.0000000000000000     
         1.0000000000000000        1.0000000000000000        1.0000000000000000     
         1.0000000000000000       0.50000000000000000        0.0000000000000000     
         1.0000000000000000        0.0000000000000000       0.50000000000000000     
         1.0000000000000000       0.50000000000000000       0.50000000000000000     
         1.0000000000000000        1.0000000000000000       0.50000000000000000     
         1.0000000000000000       0.50000000000000000        1.0000000000000000     

 !NewElementMapDefinition
          43          86
         1.0000000000000000        0.0000000000000000        0.0000000000000000     
         1.0000000000000000        1.0000000000000000        0.0000000000000000     
         1.0000000000000000        0.0000000000000000        1.0000000000000000     
         1.0000000000000000        1.0000000000000000        1.0000000000000000     
         1.0000000000000000       0.50000000000000000        0.0000000000000000     
         1.0000000000000000        0.0000000000000000       0.50000000000000000     
         1.0000000000000000       0.50000000000000000       0.50000000000000000     
         1.0000000000000000        1.0000000000000000       0.50000000000000000     
         1.0000000000000000       0.50000000000000000        1.0000000000000000     

 !NewElementMapDefinition
          44          88
         1.0000000000000000        0.0000000000000000        0.0000000000000000     
         1.0000000000000000        1.0000000000000000        0.0000000000000000     
         1.0000000000000000        0.0000000000000000        1.0000000000000000     
         1.0000000000000000        1.0000000000000000        1.0000000000000000     
         1.0000000000000000       0.50000000000000000        0.0000000000000000     
         1.0000000000000000        0.0000000000000000       0.50000000000000000     
         1.0000000000000000       0.50000000000000000       0.50000000000000000     
         1.0000000000000000        1.0000000000000000       0.50000000000000000     
         1.0000000000000000       0.50000000000000000        1.0000000000000000     

 !NewElementMapDefinition
          45          90
         1.0000000000000000        0.0000000000000000        0.0000000000000000     
         1.0000000000000000        1.0000000000000000        0.0000000000000000     
         1.0000000000000000        0.0000000000000000        1.0000000000000000     
         1.0000000000000000        1.0000000000000000        1.0000000000000000     
         1.0000000000000000       0.50000000000000000        0.0000000000000000     
         1.0000000000000000        0.0000000000000000       0.50000000000000000     
         1.0000000000000000       0.50000000000000000       0.50000000000000000     
         1.0000000000000000        1.0000000000000000       0.50000000000000000     
         1.0000000000000000       0.50000000000000000        1.0000000000000000     

 !NewElementMapDefinition
          46          92
         1.0000000000000000        0.0000000000000000        0.0000000000000000     
         1.0000000000000000        1.0000000000000000        0.0000000000000000     
         1.0000000000000000        0.0000000000000000        1.0000000000000000     
         1.0000000000000000        1.0000000000000000        1.0000000000000000     
         1.0000000000000000       0.50000000000000000        0.0000000000000000     
         1.0000000000000000        0.0000000000000000       0.50000000000000000     
         1.0000000000000000       0.50000000000000000       0.50000000000000000     
         1.0000000000000000        1.0000000000000000       0.50000000000000000     
         1.0000000000000000       0.50000000000000000        1.0000000000000000     

 !NewElementMapDefinition
          47          94
         1.0000000000000000        0.0000000000000000        0.0000000000000000     
         1.0000000000000000        1.0000000000000000        0.0000000000000000     
         1.0000000000000000        0.0000000000000000        1.0000000000000000     
         1.0000000000000000        1.0000000000000000        1.0000000000000000     
         1.0000000000000000       0.50000000000000000        0.0000000000000000     
         1.0000000000000000        0.0000000000000000       0.50000000000000000     
         1.0000000000000000       0.50000000000000000       0.50000000000000000     
         1.0000000000000000        1.0000000000000000       0.50000000000000000     
         1.0000000000000000       0.50000000000000000        1.0000000000000000     

 !NewElementMapDefinition
          48          96
         1.0000000000000000        0.0000000000000000        0.0000000000000000     
         1.0000000000000000        1.0000000000000000        0.0000000000000000     
         1.0000000000000000        0.0000000000000000        1.0000000000000000     
         1.0000000000000000        1.0000000000000000        1.0000000000000000     
         1.0000000000000000       0.50000000000000000        0.0000000000000000     
         1.0000000000000000        0.0000000000000000       0.50000000000000000     
         1.0000000000000000       0.50000000000000000       0.50000000000000000     
         1.0000000000000000        1.0000000000000000       0.50000000000000000     
         1.0000000000000000       0.50000000000000000        1.0000000000000000     

 !NewElementMapDefinition
          49          98
         1.0000000000000000        0.0000000000000000        0.0000000000000000     
         1.0000000000000000        1.0000000000000000        0.0000000000000000     
         1.0000000000000000        0.0000000000000000        1.0000000000000000     
         1.0000000000000000        1.0000000000000000        1.0000000000000000     
         1.0000000000000000       0.50000000000000000        0.0000000000000000     
         1.0000000000000000        0.0000000000000000       0.50000000000000000     
         1.0000000000000000       0.50000000000000000       0.50000000000000000     
         1.0000000000000000        1.0000000000000000       0.50000000000000000     
         1.0000000000000000       0.50000000000000000        1.0000000000000000     

 !NewElementMapDefinition
          50         100
         1.0000000000000000        0.0000000000000000        0.0000000000000000     
         1.0000000000000000        1.0000000000000000        0.0000000000000000     
         1.0000000000000000        0.0000000000000000        1.0000000000000000     
         1.0000000000000000        1.0000000000000000        1.0000000000000000     
         1.0000000000000000       0.50000000000000000        0.0000000000000000     
         1.0000000000000000        0.0000000000000000       0.50000000000000000     
         1.0000000000000000       0.50000000000000000       0.50000000000000000     
         1.0000000000000000        1.0000000000000000       0.50000000000000000     
         1.0000000000000000       0.50000000000000000        1.0000000000000000     

 !NewElementMapDefinition
          51         102
         1.0000000000000000        0.0000000000000000        0.0000000000000000     
         1.0000000000000000        1.0000000000000000        0.0000000000000000     
         1.0000000000000000        0.0000000000000000        1.0000000000000000     
         1.0000000000000000        1.0000000000000000        1.0000000000000000     
         1.0000000000000000       0.50000000000000000        0.0000000000000000     
         1.0000000000000000        0.0000000000000000       0.50000000000000000     
         1.0000000000000000       0.50000000000000000       0.50000000000000000     
         1.0000000000000000        1.0000000000000000       0.50000000000000000     
         1.0000000000000000       0.50000000000000000        1.0000000000000000     

 !NewElementMapDefinition
          52         104
         1.0000000000000000        0.0000000000000000        0.0000000000000000     
         1.0000000000000000        1.0000000000000000        0.0000000000000000     
         1.0000000000000000        0.0000000000000000        1.0000000000000000     
         1.0000000000000000        1.0000000000000000        1.0000000000000000     
         1.0000000000000000       0.50000000000000000        0.0000000000000000     
         1.0000000000000000        0.0000000000000000       0.50000000000000000     
         1.0000000000000000       0.50000000000000000       0.50000000000000000     
         1.0000000000000000        1.0000000000000000       0.50000000000000000     
         1.0000000000000000       0.50000000000000000        1.0000000000000000     

 !NewElementMapDefinition
          53         106
         1.0000000000000000        0.0000000000000000        0.0000000000000000     
         1.0000000000000000        1.0000000000000000        0.0000000000000000     
         1.0000000000000000        0.0000000000000000        1.0000000000000000     
         1.0000000000000000        1.0000000000000000        1.0000000000000000     
         1.0000000000000000       0.50000000000000000        0.0000000000000000     
         1.0000000000000000        0.0000000000000000       0.50000000000000000     
         1.0000000000000000       0.50000000000000000       0.50000000000000000     
         1.0000000000000000        1.0000000000000000       0.50000000000000000     
         1.0000000000000000       0.50000000000000000        1.0000000000000000     

 !NewElementMapDefinition
          54         108
         1.0000000000000000        0.0000000000000000        0.0000000000000000     
         1.0000000000000000        1.0000000000000000        0.0000000000000000     
         1.0000000000000000        0.0000000000000000        1.0000000000000000     
         1.0000000000000000        1.0000000000000000        1.0000000000000000     
         1.0000000000000000       0.50000000000000000        0.0000000000000000     
         1.0000000000000000        0.0000000000000000       0.50000000000000000     
         1.0000000000000000       0.50000000000000000       0.50000000000000000     
         1.0000000000000000        1.0000000000000000       0.50000000000000000     
         1.0000000000000000       0.50000000000000000        1.0000000000000000     

 !NewElementMapDefinition
          55         110
         1.0000000000000000        0.0000000000000000        0.0000000000000000     
         1.0000000000000000        1.0000000000000000        0.0000000000000000     
         1.0000000000000000        0.0000000000000000        1.0000000000000000     
         1.0000000000000000        1.0000000000000000        1.0000000000000000     
         1.0000000000000000       0.50000000000000000        0.0000000000000000     
         1.0000000000000000        0.0000000000000000       0.50000000000000000     
         1.0000000000000000       0.50000000000000000       0.50000000000000000     
         1.0000000000000000        1.0000000000000000       0.50000000000000000     
         1.0000000000000000       0.50000000000000000        1.0000000000000000     

 !NewElementMapDefinition
          56         112
         1.0000000000000000        0.0000000000000000        0.0000000000000000     
         1.0000000000000000        1.0000000000000000        0.0000000000000000     
         1.0000000000000000        0.0000000000000000        1.0000000000000000     
         1.0000000000000000        1.0000000000000000        1.0000000000000000     
         1.0000000000000000       0.50000000000000000        0.0000000000000000     
         1.0000000000000000        0.0000000000000000       0.50000000000000000     
         1.0000000000000000       0.50000000000000000       0.50000000000000000     
         1.0000000000000000        1.0000000000000000       0.50000000000000000     
         1.0000000000000000       0.50000000000000000        1.0000000000000000     

 !NewElementMapDefinition
          57         114
         1.0000000000000000        0.0000000000000000        0.0000000000000000     
         1.0000000000000000        1.0000000000000000        0.0000000000000000     
         1.0000000000000000        0.0000000000000000        1.0000000000000000     
         1.0000000000000000        1.0000000000000000        1.0000000000000000     
         1.0000000000000000       0.50000000000000000        0.0000000000000000     
         1.0000000000000000        0.0000000000000000       0.50000000000000000     
         1.0000000000000000       0.50000000000000000       0.50000000000000000     
         1.0000000000000000        1.0000000000000000       0.50000000000000000     
         1.0000000000000000       0.50000000000000000        1.0000000000000000     

 !NewElementMapDefinition
          58         116
         1.0000000000000000        0.0000000000000000        0.0000000000000000     
         1.0000000000000000        1.0000000000000000        0.0000000000000000     
         1.0000000000000000        0.0000000000000000        1.0000000000000000     
         1.0000000000000000        1.0000000000000000        1.0000000000000000     
         1.0000000000000000       0.50000000000000000        0.0000000000000000     
         1.0000000000000000        0.0000000000000000       0.50000000000000000     
         1.0000000000000000       0.50000000000000000       0.50000000000000000     
         1.0000000000000000        1.0000000000000000       0.50000000000000000     
         1.0000000000000000       0.50000000000000000        1.0000000000000000     

 !NewElementMapDefinition
          59         118
         1.0000000000000000        0.0000000000000000        0.0000000000000000     
         1.0000000000000000        1.0000000000000000        0.0000000000000000     
         1.0000000000000000        0.0000000000000000        1.0000000000000000     
         1.0000000000000000        1.0000000000000000        1.0000000000000000     
         1.0000000000000000       0.50000000000000000        0.0000000000000000     
         1.0000000000000000        0.0000000000000000       0.50000000000000000     
         1.0000000000000000       0.50000000000000000       0.50000000000000000     
         1.0000000000000000        1.0000000000000000       0.50000000000000000     
         1.0000000000000000       0.50000000000000000        1.0000000000000000     

 !NewElementMapDefinition
          60         120
         1.0000000000000000        0.0000000000000000        0.0000000000000000     
         1.0000000000000000        1.0000000000000000        0.0000000000000000     
         1.0000000000000000        0.0000000000000000        1.0000000000000000     
         1.0000000000000000        1.0000000000000000        1.0000000000000000     
         1.0000000000000000       0.50000000000000000        0.0000000000000000     
         1.0000000000000000        0.0000000000000000       0.50000000000000000     
         1.0000000000000000       0.50000000000000000       0.50000000000000000     
         1.0000000000000000        1.0000000000000000       0.50000000000000000     
         1.0000000000000000       0.50000000000000000        1.0000000000000000     

 !NewElementMapDefinition
          61         122
         1.0000000000000000        0.0000000000000000        0.0000000000000000     
         1.0000000000000000        1.0000000000000000        0.0000000000000000     
         1.0000000000000000        0.0000000000000000        1.0000000000000000     
         1.0000000000000000        1.0000000000000000        1.0000000000000000     
         1.0000000000000000       0.50000000000000000        0.0000000000000000     
         1.0000000000000000        0.0000000000000000       0.50000000000000000     
         1.0000000000000000       0.50000000000000000       0.50000000000000000     
         1.0000000000000000        1.0000000000000000       0.50000000000000000     
         1.0000000000000000       0.50000000000000000        1.0000000000000000     

 !NewElementMapDefinition
          62         124
         1.0000000000000000        0.0000000000000000        0.0000000000000000     
         1.0000000000000000        1.0000000000000000        0.0000000000000000     
         1.0000000000000000        0.0000000000000000        1.0000000000000000     
         1.0000000000000000        1.0000000000000000        1.0000000000000000     
         1.0000000000000000       0.50000000000000000        0.0000000000000000     
         1.0000000000000000        0.0000000000000000       0.50000000000000000     
         1.0000000000000000       0.50000000000000000       0.50000000000000000     
         1.0000000000000000        1.0000000000000000       0.50000000000000000     
         1.0000000000000000       0.50000000000000000        1.0000000000000000     

 !NewElementMapDefinition
          63         126
         1.0000000000000000        0.0000000000000000        0.0000000000000000     
         1.0000000000000000        1.0000000000000000        0.0000000000000000     
         1.0000000000000000        0.0000000000000000        1.0000000000000000     
         1.0000000000000000        1.0000000000000000        1.0000000000000000     
         1.0000000000000000       0.50000000000000000        0.0000000000000000     
         1.0000000000000000        0.0000000000000000       0.50000000000000000     
         1.0000000000000000       0.50000000000000000       0.50000000000000000     
         1.0000000000000000        1.0000000000000000       0.50000000000000000     
         1.0000000000000000       0.50000000000000000        1.0000000000000000     

 !NewElementMapDefinition
          64         128
         1.0000000000000000        0.0000000000000000        0.0000000000000000     
         1.0000000000000000        1.0000000000000000        0.0000000000000000     
         1.0000000000000000        0.0000000000000000        1.0000000000000000     
         1.0000000000000000        1.0000000000000000        1.0000000000000000     
         1.0000000000000000       0.50000000000000000        0.0000000000000000     
         1.0000000000000000        0.0000000000000000       0.50000000000000000     
         1.0000000000000000       0.50000000000000000       0.50000000000000000     
         1.0000000000000000        1.0000000000000000       0.50000000000000000     
         1.0000000000000000       0.50000000000000000        1.0000000000000000     

 !NewElementMapDefinition
          65         130
         1.0000000000000000        0.0000000000000000        0.0000000000000000     
         1.0000000000000000        1.0000000000000000        0.0000000000000000     
         1.0000000000000000        0.0000000000000000        1.0000000000000000     
         1.0000000000000000        1.0000000000000000        1.0000000000000000     
         1.0000000000000000       0.50000000000000000        0.0000000000000000     
         1.0000000000000000        0.0000000000000000       0.50000000000000000     
         1.0000000000000000       0.50000000000000000       0.50000000000000000     
         1.0000000000000000        1.0000000000000000       0.50000000000000000     
         1.0000000000000000       0.50000000000000000        1.0000000000000000     

 !NewElementMapDefinition
          66         132
         1.0000000000000000        0.0000000000000000        0.0000000000000000     
         1.0000000000000000        1.0000000000000000        0.0000000000000000     
         1.0000000000000000        0.0000000000000000        1.0000000000000000     
         1.0000000000000000        1.0000000000000000        1.0000000000000000     
         1.0000000000000000       0.50000000000000000        0.0000000000000000     
         1.0000000000000000        0.0000000000000000       0.50000000000000000     
         1.0000000000000000       0.50000000000000000       0.50000000000000000     
         1.0000000000000000        1.0000000000000000       0.50000000000000000     
         1.0000000000000000       0.50000000000000000        1.0000000000000000     

 !NewElementMapDefinition
          67         134
         1.0000000000000000        0.0000000000000000        0.0000000000000000     
         1.0000000000000000        1.0000000000000000        0.0000000000000000     
         1.0000000000000000        0.0000000000000000        1.0000000000000000     
         1.0000000000000000        1.0000000000000000        1.0000000000000000     
         1.0000000000000000       0.50000000000000000        0.0000000000000000     
         1.0000000000000000        0.0000000000000000       0.50000000000000000     
         1.0000000000000000       0.50000000000000000       0.50000000000000000     
         1.0000000000000000        1.0000000000000000       0.50000000000000000     
         1.0000000000000000       0.50000000000000000        1.0000000000000000     

 !NewElementMapDefinition
          68         136
         1.0000000000000000        0.0000000000000000        0.0000000000000000     
         1.0000000000000000        1.0000000000000000        0.0000000000000000     
         1.0000000000000000        0.0000000000000000        1.0000000000000000     
         1.0000000000000000        1.0000000000000000        1.0000000000000000     
         1.0000000000000000       0.50000000000000000        0.0000000000000000     
         1.0000000000000000        0.0000000000000000       0.50000000000000000     
         1.0000000000000000       0.50000000000000000       0.50000000000000000     
         1.0000000000000000        1.0000000000000000       0.50000000000000000     
         1.0000000000000000       0.50000000000000000        1.0000000000000000     

 !NewElementMapDefinition
          69         138
         1.0000000000000000        0.0000000000000000        0.0000000000000000     
         1.0000000000000000        1.0000000000000000        0.0000000000000000     
         1.0000000000000000        0.0000000000000000        1.0000000000000000     
         1.0000000000000000        1.0000000000000000        1.0000000000000000     
         1.0000000000000000       0.50000000000000000        0.0000000000000000     
         1.0000000000000000        0.0000000000000000       0.50000000000000000     
         1.0000000000000000       0.50000000000000000       0.50000000000000000     
         1.0000000000000000        1.0000000000000000       0.50000000000000000     
         1.0000000000000000       0.50000000000000000        1.0000000000000000     

 !NewElementMapDefinition
          70         140
         1.0000000000000000        0.0000000000000000        0.0000000000000000     
         1.0000000000000000        1.0000000000000000        0.0000000000000000     
         1.0000000000000000        0.0000000000000000        1.0000000000000000     
         1.0000000000000000        1.0000000000000000        1.0000000000000000     
         1.0000000000000000       0.50000000000000000        0.0000000000000000     
         1.0000000000000000        0.0000000000000000       0.50000000000000000     
         1.0000000000000000       0.50000000000000000       0.50000000000000000     
         1.0000000000000000        1.0000000000000000       0.50000000000000000     
         1.0000000000000000       0.50000000000000000        1.0000000000000000     

 !NewElementMapDefinition
          71         142
         1.0000000000000000        0.0000000000000000        0.0000000000000000     
         1.0000000000000000        1.0000000000000000        0.0000000000000000     
         1.0000000000000000        0.0000000000000000        1.0000000000000000     
         1.0000000000000000        1.0000000000000000        1.0000000000000000     
         1.0000000000000000       0.50000000000000000        0.0000000000000000     
         1.0000000000000000        0.0000000000000000       0.50000000000000000     
         1.0000000000000000       0.50000000000000000       0.50000000000000000     
         1.0000000000000000        1.0000000000000000       0.50000000000000000     
         1.0000000000000000       0.50000000000000000        1.0000000000000000     

 !NewElementMapDefinition
          72         144
         1.0000000000000000        0.0000000000000000        0.0000000000000000     
         1.0000000000000000        1.0000000000000000        0.0000000000000000     
         1.0000000000000000        0.0000000000000000        1.0000000000000000     
         1.0000000000000000        1.0000000000000000        1.0000000000000000     
         1.0000000000000000       0.50000000000000000        0.0000000000000000     
         1.0000000000000000        0.0000000000000000       0.50000000000000000     
         1.0000000000000000       0.50000000000000000       0.50000000000000000     
         1.0000000000000000        1.0000000000000000       0.50000000000000000     
         1.0000000000000000       0.50000000000000000        1.0000000000000000     

 !NewElementMapDefinition
          73         146
         1.0000000000000000        0.0000000000000000        0.0000000000000000     
         1.0000000000000000        1.0000000000000000        0.0000000000000000     
         1.0000000000000000        0.0000000000000000        1.0000000000000000     
         1.0000000000000000        1.0000000000000000        1.0000000000000000     
         1.0000000000000000       0.50000000000000000        0.0000000000000000     
         1.0000000000000000        0.0000000000000000       0.50000000000000000     
         1.0000000000000000       0.50000000000000000       0.50000000000000000     
         1.0000000000000000        1.0000000000000000       0.50000000000000000     
         1.0000000000000000       0.50000000000000000        1.0000000000000000     

 !NewElementMapDefinition
          74         148
         1.0000000000000000        0.0000000000000000        0.0000000000000000     
         1.0000000000000000        1.0000000000000000        0.0000000000000000     
         1.0000000000000000        0.0000000000000000        1.0000000000000000     
         1.0000000000000000        1.0000000000000000        1.0000000000000000     
         1.0000000000000000       0.50000000000000000        0.0000000000000000     
         1.0000000000000000        0.0000000000000000       0.50000000000000000     
         1.0000000000000000       0.50000000000000000       0.50000000000000000     
         1.0000000000000000        1.0000000000000000       0.50000000000000000     
         1.0000000000000000       0.50000000000000000        1.0000000000000000     

 !NewElementMapDefinition
          75         150
         1.0000000000000000        0.0000000000000000        0.0000000000000000     
         1.0000000000000000        1.0000000000000000        0.0000000000000000     
         1.0000000000000000        0.0000000000000000        1.0000000000000000     
         1.0000000000000000        1.0000000000000000        1.0000000000000000     
         1.0000000000000000       0.50000000000000000        0.0000000000000000     
         1.0000000000000000        0.0000000000000000       0.50000000000000000     
         1.0000000000000000       0.50000000000000000       0.50000000000000000     
         1.0000000000000000        1.0000000000000000       0.50000000000000000     
         1.0000000000000000       0.50000000000000000        1.0000000000000000     

 !NewElementMapDefinition
          76         152
         1.0000000000000000        0.0000000000000000        0.0000000000000000     
         1.0000000000000000        1.0000000000000000        0.0000000000000000     
         1.0000000000000000        0.0000000000000000        1.0000000000000000     
         1.0000000000000000        1.0000000000000000        1.0000000000000000     
         1.0000000000000000       0.50000000000000000        0.0000000000000000     
         1.0000000000000000        0.0000000000000000       0.50000000000000000     
         1.0000000000000000       0.50000000000000000       0.50000000000000000     
         1.0000000000000000        1.0000000000000000       0.50000000000000000     
         1.0000000000000000       0.50000000000000000        1.0000000000000000     

 !NewElementMapDefinition
          77         154
         1.0000000000000000        0.0000000000000000        0.0000000000000000     
         1.0000000000000000        1.0000000000000000        0.0000000000000000     
         1.0000000000000000        0.0000000000000000        1.0000000000000000     
         1.0000000000000000        1.0000000000000000        1.0000000000000000     
         1.0000000000000000       0.50000000000000000        0.0000000000000000     
         1.0000000000000000        0.0000000000000000       0.50000000000000000     
         1.0000000000000000       0.50000000000000000       0.50000000000000000     
         1.0000000000000000        1.0000000000000000       0.50000000000000000     
         1.0000000000000000       0.50000000000000000        1.0000000000000000     

 !NewElementMapDefinition
          78         156
         1.0000000000000000        0.0000000000000000        0.0000000000000000     
         1.0000000000000000        1.0000000000000000        0.0000000000000000     
         1.0000000000000000        0.0000000000000000        1.0000000000000000     
         1.0000000000000000        1.0000000000000000        1.0000000000000000     
         1.0000000000000000       0.50000000000000000        0.0000000000000000     
         1.0000000000000000        0.0000000000000000       0.50000000000000000     
         1.0000000000000000       0.50000000000000000       0.50000000000000000     
         1.0000000000000000        1.0000000000000000       0.50000000000000000     
         1.0000000000000000       0.50000000000000000        1.0000000000000000     

 !NewElementMapDefinition
          79         158
         1.0000000000000000        0.0000000000000000        0.0000000000000000     
         1.0000000000000000        1.0000000000000000        0.0000000000000000     
         1.0000000000000000        0.0000000000000000        1.0000000000000000     
         1.0000000000000000        1.0000000000000000        1.0000000000000000     
         1.0000000000000000       0.50000000000000000        0.0000000000000000     
         1.0000000000000000        0.0000000000000000       0.50000000000000000     
         1.0000000000000000       0.50000000000000000       0.50000000000000000     
         1.0000000000000000        1.0000000000000000       0.50000000000000000     
         1.0000000000000000       0.50000000000000000        1.0000000000000000     

 !NewElementMapDefinition
          80         160
         1.0000000000000000        0.0000000000000000        0.0000000000000000     
         1.0000000000000000        1.0000000000000000        0.0000000000000000     
         1.0000000000000000        0.0000000000000000        1.0000000000000000     
         1.0000000000000000        1.0000000000000000        1.0000000000000000     
         1.0000000000000000       0.50000000000000000        0.0000000000000000     
         1.0000000000000000        0.0000000000000000       0.50000000000000000     
         1.0000000000000000       0.50000000000000000       0.50000000000000000     
         1.0000000000000000        1.0000000000000000       0.50000000000000000     
         1.0000000000000000       0.50000000000000000        1.0000000000000000     

 !NewElementMapDefinition
          81         162
         1.0000000000000000        0.0000000000000000        0.0000000000000000     
         1.0000000000000000        1.0000000000000000        0.0000000000000000     
         1.0000000000000000        0.0000000000000000        1.0000000000000000     
         1.0000000000000000        1.0000000000000000        1.0000000000000000     
         1.0000000000000000       0.50000000000000000        0.0000000000000000     
         1.0000000000000000        0.0000000000000000       0.50000000000000000     
         1.0000000000000000       0.50000000000000000       0.50000000000000000     
         1.0000000000000000        1.0000000000000000       0.50000000000000000     
         1.0000000000000000       0.50000000000000000        1.0000000000000000     

 !NewElementMapDefinition
          82         164
         1.0000000000000000        0.0000000000000000        0.0000000000000000     
         1.0000000000000000        1.0000000000000000        0.0000000000000000     
         1.0000000000000000        0.0000000000000000        1.0000000000000000     
         1.0000000000000000        1.0000000000000000        1.0000000000000000     
         1.0000000000000000       0.50000000000000000        0.0000000000000000     
         1.0000000000000000        0.0000000000000000       0.50000000000000000     
         1.0000000000000000       0.50000000000000000       0.50000000000000000     
         1.0000000000000000        1.0000000000000000       0.50000000000000000     
         1.0000000000000000       0.50000000000000000        1.0000000000000000     

 !NewElementMapDefinition
          83         166
         1.0000000000000000        0.0000000000000000        0.0000000000000000     
         1.0000000000000000        1.0000000000000000        0.0000000000000000     
         1.0000000000000000        0.0000000000000000        1.0000000000000000     
         1.0000000000000000        1.0000000000000000        1.0000000000000000     
         1.0000000000000000       0.50000000000000000        0.0000000000000000     
         1.0000000000000000        0.0000000000000000       0.50000000000000000     
         1.0000000000000000       0.50000000000000000       0.50000000000000000     
         1.0000000000000000        1.0000000000000000       0.50000000000000000     
         1.0000000000000000       0.50000000000000000        1.0000000000000000     

 !NewElementMapDefinition
          84         168
         1.0000000000000000        0.0000000000000000        0.0000000000000000     
         1.0000000000000000        1.0000000000000000        0.0000000000000000     
         1.0000000000000000        0.0000000000000000        1.0000000000000000     
         1.0000000000000000        1.0000000000000000        1.0000000000000000     
         1.0000000000000000       0.50000000000000000        0.0000000000000000     
         1.0000000000000000        0.0000000000000000       0.50000000000000000     
         1.0000000000000000       0.50000000000000000       0.50000000000000000     
         1.0000000000000000        1.0000000000000000       0.50000000000000000     
         1.0000000000000000       0.50000000000000000        1.0000000000000000     

 !NewElementMapDefinition
          85         170
         1.0000000000000000        0.0000000000000000        0.0000000000000000     
         1.0000000000000000        1.0000000000000000        0.0000000000000000     
         1.0000000000000000        0.0000000000000000        1.0000000000000000     
         1.0000000000000000        1.0000000000000000        1.0000000000000000     
         1.0000000000000000       0.50000000000000000        0.0000000000000000     
         1.0000000000000000        0.0000000000000000       0.50000000000000000     
         1.0000000000000000       0.50000000000000000       0.50000000000000000     
         1.0000000000000000        1.0000000000000000       0.50000000000000000     
         1.0000000000000000       0.50000000000000000        1.0000000000000000     

 !NewElementMapDefinition
          86         172
         1.0000000000000000        0.0000000000000000        0.0000000000000000     
         1.0000000000000000        1.0000000000000000        0.0000000000000000     
         1.0000000000000000        0.0000000000000000        1.0000000000000000     
         1.0000000000000000        1.0000000000000000        1.0000000000000000     
         1.0000000000000000       0.50000000000000000        0.0000000000000000     
         1.0000000000000000        0.0000000000000000       0.50000000000000000     
         1.0000000000000000       0.50000000000000000       0.50000000000000000     
         1.0000000000000000        1.0000000000000000       0.50000000000000000     
         1.0000000000000000       0.50000000000000000        1.0000000000000000     

 !NewElementMapDefinition
          87         174
         1.0000000000000000        0.0000000000000000        0.0000000000000000     
         1.0000000000000000        1.0000000000000000        0.0000000000000000     
         1.0000000000000000        0.0000000000000000        1.0000000000000000     
         1.0000000000000000        1.0000000000000000        1.0000000000000000     
         1.0000000000000000       0.50000000000000000        0.0000000000000000     
         1.0000000000000000        0.0000000000000000       0.50000000000000000     
         1.0000000000000000       0.50000000000000000       0.50000000000000000     
         1.0000000000000000        1.0000000000000000       0.50000000000000000     
         1.0000000000000000       0.50000000000000000        1.0000000000000000     

 !NewElementMapDefinition
          88         176
         1.0000000000000000        0.0000000000000000        0.0000000000000000     
         1.0000000000000000        1.0000000000000000        0.0000000000000000     
         1.0000000000000000        0.0000000000000000        1.0000000000000000     
         1.0000000000000000        1.0000000000000000        1.0000000000000000     
         1.0000000000000000       0.50000000000000000        0.0000000000000000     
         1.0000000000000000        0.0000000000000000       0.50000000000000000     
         1.0000000000000000       0.50000000000000000       0.50000000000000000     
         1.0000000000000000        1.0000000000000000       0.50000000000000000     
         1.0000000000000000       0.50000000000000000        1.0000000000000000     

 !NewElementMapDefinition
          89         178
         1.0000000000000000        0.0000000000000000        0.0000000000000000     
         1.0000000000000000        1.0000000000000000        0.0000000000000000     
         1.0000000000000000        0.0000000000000000        1.0000000000000000     
         1.0000000000000000        1.0000000000000000        1.0000000000000000     
         1.0000000000000000       0.50000000000000000        0.0000000000000000     
         1.0000000000000000        0.0000000000000000       0.50000000000000000     
         1.0000000000000000       0.50000000000000000       0.50000000000000000     
         1.0000000000000000        1.0000000000000000       0.50000000000000000     
         1.0000000000000000       0.50000000000000000        1.0000000000000000     

 !NewElementMapDefinition
          90         180
         1.0000000000000000        0.0000000000000000        0.0000000000000000     
         1.0000000000000000        1.0000000000000000        0.0000000000000000     
         1.0000000000000000        0.0000000000000000        1.0000000000000000     
         1.0000000000000000        1.0000000000000000        1.0000000000000000     
         1.0000000000000000       0.50000000000000000        0.0000000000000000     
         1.0000000000000000        0.0000000000000000       0.50000000000000000     
         1.0000000000000000       0.50000000000000000       0.50000000000000000     
         1.0000000000000000        1.0000000000000000       0.50000000000000000     
         1.0000000000000000       0.50000000000000000        1.0000000000000000     

 !NewElementMapDefinition
          91         182
         1.0000000000000000        0.0000000000000000        0.0000000000000000     
         1.0000000000000000        1.0000000000000000        0.0000000000000000     
         1.0000000000000000        0.0000000000000000        1.0000000000000000     
         1.0000000000000000        1.0000000000000000        1.0000000000000000     
         1.0000000000000000       0.50000000000000000        0.0000000000000000     
         1.0000000000000000        0.0000000000000000       0.50000000000000000     
         1.0000000000000000       0.50000000000000000       0.50000000000000000     
         1.0000000000000000        1.0000000000000000       0.50000000000000000     
         1.0000000000000000       0.50000000000000000        1.0000000000000000     

 !NewElementMapDefinition
          92         184
         1.0000000000000000        0.0000000000000000        0.0000000000000000     
         1.0000000000000000        1.0000000000000000        0.0000000000000000     
         1.0000000000000000        0.0000000000000000        1.0000000000000000     
         1.0000000000000000        1.0000000000000000        1.0000000000000000     
         1.0000000000000000       0.50000000000000000        0.0000000000000000     
         1.0000000000000000        0.0000000000000000       0.50000000000000000     
         1.0000000000000000       0.50000000000000000       0.50000000000000000     
         1.0000000000000000        1.0000000000000000       0.50000000000000000     
         1.0000000000000000       0.50000000000000000        1.0000000000000000     

 !NewElementMapDefinition
          93         186
         1.0000000000000000        0.0000000000000000        0.0000000000000000     
         1.0000000000000000        1.0000000000000000        0.0000000000000000     
         1.0000000000000000        0.0000000000000000        1.0000000000000000     
         1.0000000000000000        1.0000000000000000        1.0000000000000000     
         1.0000000000000000       0.50000000000000000        0.0000000000000000     
         1.0000000000000000        0.0000000000000000       0.50000000000000000     
         1.0000000000000000       0.50000000000000000       0.50000000000000000     
         1.0000000000000000        1.0000000000000000       0.50000000000000000     
         1.0000000000000000       0.50000000000000000        1.0000000000000000     

 !NewElementMapDefinition
          94         188
         1.0000000000000000        0.0000000000000000        0.0000000000000000     
         1.0000000000000000        1.0000000000000000        0.0000000000000000     
         1.0000000000000000        0.0000000000000000        1.0000000000000000     
         1.0000000000000000        1.0000000000000000        1.0000000000000000     
         1.0000000000000000       0.50000000000000000        0.0000000000000000     
         1.0000000000000000        0.0000000000000000       0.50000000000000000     
         1.0000000000000000       0.50000000000000000       0.50000000000000000     
         1.0000000000000000        1.0000000000000000       0.50000000000000000     
         1.0000000000000000       0.50000000000000000        1.0000000000000000     

 !NewElementMapDefinition
          95         190
         1.0000000000000000        0.0000000000000000        0.0000000000000000     
         1.0000000000000000        1.0000000000000000        0.0000000000000000     
         1.0000000000000000        0.0000000000000000        1.0000000000000000     
         1.0000000000000000        1.0000000000000000        1.0000000000000000     
         1.0000000000000000       0.50000000000000000        0.0000000000000000     
         1.0000000000000000        0.0000000000000000       0.50000000000000000     
         1.0000000000000000       0.50000000000000000       0.50000000000000000     
         1.0000000000000000        1.0000000000000000       0.50000000000000000     
         1.0000000000000000       0.50000000000000000        1.0000000000000000     

 !NewElementMapDefinition
          96         192
         1.0000000000000000        0.0000000000000000        0.0000000000000000     
         1.0000000000000000        1.0000000000000000        0.0000000000000000     
         1.0000000000000000        0.0000000000000000        1.0000000000000000     
         1.0000000000000000        1.0000000000000000        1.0000000000000000     
         1.0000000000000000       0.50000000000000000        0.0000000000000000     
         1.0000000000000000        0.0000000000000000       0.50000000000000000     
         1.0000000000000000       0.50000000000000000       0.50000000000000000     
         1.0000000000000000        1.0000000000000000       0.50000000000000000     
         1.0000000000000000       0.50000000000000000        1.0000000000000000     

 !NewElementMapDefinition
          97         194
         1.0000000000000000        0.0000000000000000        0.0000000000000000     
         1.0000000000000000        1.0000000000000000        0.0000000000000000     
         1.0000000000000000        0.0000000000000000        1.0000000000000000     
         1.0000000000000000        1.0000000000000000        1.0000000000000000     
         1.0000000000000000       0.50000000000000000        0.0000000000000000     
         1.0000000000000000        0.0000000000000000       0.50000000000000000     
         1.0000000000000000       0.50000000000000000       0.50000000000000000     
         1.0000000000000000        1.0000000000000000       0.50000000000000000     
         1.0000000000000000       0.50000000000000000        1.0000000000000000     

 !NewElementMapDefinition
          98         196
         1.0000000000000000        0.0000000000000000        0.0000000000000000     
         1.0000000000000000        1.0000000000000000        0.0000000000000000     
         1.0000000000000000        0.0000000000000000        1.0000000000000000     
         1.0000000000000000        1.0000000000000000        1.0000000000000000     
         1.0000000000000000       0.50000000000000000        0.0000000000000000     
         1.0000000000000000        0.0000000000000000       0.50000000000000000     
         1.0000000000000000       0.50000000000000000       0.50000000000000000     
         1.0000000000000000        1.0000000000000000       0.50000000000000000     
         1.0000000000000000       0.50000000000000000        1.0000000000000000     

 !NewElementMapDefinition
          99         198
         1.0000000000000000        0.0000000000000000        0.0000000000000000     
         1.0000000000000000        1.0000000000000000        0.0000000000000000     
         1.0000000000000000        0.0000000000000000        1.0000000000000000     
         1.0000000000000000        1.0000000000000000        1.0000000000000000     
         1.0000000000000000       0.50000000000000000        0.0000000000000000     
         1.0000000000000000        0.0000000000000000       0.50000000000000000     
         1.0000000000000000       0.50000000000000000       0.50000000000000000     
         1.0000000000000000        1.0000000000000000       0.50000000000000000     
         1.0000000000000000       0.50000000000000000        1.0000000000000000     

 !NewElementMapDefinition
         100         200
         1.0000000000000000        0.0000000000000000        0.0000000000000000     
         1.0000000000000000        1.0000000000000000        0.0000000000000000     
         1.0000000000000000        0.0000000000000000        1.0000000000000000     
         1.0000000000000000        1.0000000000000000        1.0000000000000000     
         1.0000000000000000       0.50000000000000000        0.0000000000000000     
         1.0000000000000000        0.0000000000000000       0.50000000000000000     
         1.0000000000000000       0.50000000000000000       0.50000000000000000     
         1.0000000000000000        1.0000000000000000       0.50000000000000000     
         1.0000000000000000       0.50000000000000000        1.0000000000000000     

 !NewElementMapDefinition
         101         202
         1.0000000000000000        0.0000000000000000        0.0000000000000000     
         1.0000000000000000        1.0000000000000000        0.0000000000000000     
         1.0000000000000000        0.0000000000000000        1.0000000000000000     
         1.0000000000000000        1.0000000000000000        1.0000000000000000     
         1.0000000000000000       0.50000000000000000        0.0000000000000000     
         1.0000000000000000        0.0000000000000000       0.50000000000000000     
         1.0000000000000000       0.50000000000000000       0.50000000000000000     
         1.0000000000000000        1.0000000000000000       0.50000000000000000     
         1.0000000000000000       0.50000000000000000        1.0000000000000000     

 !NewElementMapDefinition
         102         204
         1.0000000000000000        0.0000000000000000        0.0000000000000000     
         1.0000000000000000        1.0000000000000000        0.0000000000000000     
         1.0000000000000000        0.0000000000000000        1.0000000000000000     
         1.0000000000000000        1.0000000000000000        1.0000000000000000     
         1.0000000000000000       0.50000000000000000        0.0000000000000000     
         1.0000000000000000        0.0000000000000000       0.50000000000000000     
         1.0000000000000000       0.50000000000000000       0.50000000000000000     
         1.0000000000000000        1.0000000000000000       0.50000000000000000     
         1.0000000000000000       0.50000000000000000        1.0000000000000000     

 !NewElementMapDefinition
         103         206
         1.0000000000000000        0.0000000000000000        0.0000000000000000     
         1.0000000000000000        1.0000000000000000        0.0000000000000000     
         1.0000000000000000        0.0000000000000000        1.0000000000000000     
         1.0000000000000000        1.0000000000000000        1.0000000000000000     
         1.0000000000000000       0.50000000000000000        0.0000000000000000     
         1.0000000000000000        0.0000000000000000       0.50000000000000000     
         1.0000000000000000       0.50000000000000000       0.50000000000000000     
         1.0000000000000000        1.0000000000000000       0.50000000000000000     
         1.0000000000000000       0.50000000000000000        1.0000000000000000     

 !NewElementMapDefinition
         104         208
         1.0000000000000000        0.0000000000000000        0.0000000000000000     
         1.0000000000000000        1.0000000000000000        0.0000000000000000     
         1.0000000000000000        0.0000000000000000        1.0000000000000000     
         1.0000000000000000        1.0000000000000000        1.0000000000000000     
         1.0000000000000000       0.50000000000000000        0.0000000000000000     
         1.0000000000000000        0.0000000000000000       0.50000000000000000     
         1.0000000000000000       0.50000000000000000       0.50000000000000000     
         1.0000000000000000        1.0000000000000000       0.50000000000000000     
         1.0000000000000000       0.50000000000000000        1.0000000000000000     

 !NewElementMapDefinition
         105         210
         1.0000000000000000        0.0000000000000000        0.0000000000000000     
         1.0000000000000000        1.0000000000000000        0.0000000000000000     
         1.0000000000000000        0.0000000000000000        1.0000000000000000     
         1.0000000000000000        1.0000000000000000        1.0000000000000000     
         1.0000000000000000       0.50000000000000000        0.0000000000000000     
         1.0000000000000000        0.0000000000000000       0.50000000000000000     
         1.0000000000000000       0.50000000000000000       0.50000000000000000     
         1.0000000000000000        1.0000000000000000       0.50000000000000000     
         1.0000000000000000       0.50000000000000000        1.0000000000000000     

 !NewElementMapDefinition
         106         212
         1.0000000000000000        0.0000000000000000        0.0000000000000000     
         1.0000000000000000        1.0000000000000000        0.0000000000000000     
         1.0000000000000000        0.0000000000000000        1.0000000000000000     
         1.0000000000000000        1.0000000000000000        1.0000000000000000     
         1.0000000000000000       0.50000000000000000        0.0000000000000000     
         1.0000000000000000        0.0000000000000000       0.50000000000000000     
         1.0000000000000000       0.50000000000000000       0.50000000000000000     
         1.0000000000000000        1.0000000000000000       0.50000000000000000     
         1.0000000000000000       0.50000000000000000        1.0000000000000000     

 !NewElementMapDefinition
         107         214
         1.0000000000000000        0.0000000000000000        0.0000000000000000     
         1.0000000000000000        1.0000000000000000        0.0000000000000000     
         1.0000000000000000        0.0000000000000000        1.0000000000000000     
         1.0000000000000000        1.0000000000000000        1.0000000000000000     
         1.0000000000000000       0.50000000000000000        0.0000000000000000     
         1.0000000000000000        0.0000000000000000       0.50000000000000000     
         1.0000000000000000       0.50000000000000000       0.50000000000000000     
         1.0000000000000000        1.0000000000000000       0.50000000000000000     
         1.0000000000000000       0.50000000000000000        1.0000000000000000     

 !NewElementMapDefinition
         108         216
         1.0000000000000000        0.0000000000000000        0.0000000000000000     
         1.0000000000000000        1.0000000000000000        0.0000000000000000     
         1.0000000000000000        0.0000000000000000        1.0000000000000000     
         1.0000000000000000        1.0000000000000000        1.0000000000000000     
         1.0000000000000000       0.50000000000000000        0.0000000000000000     
         1.0000000000000000        0.0000000000000000       0.50000000000000000     
         1.0000000000000000       0.50000000000000000       0.50000000000000000     
         1.0000000000000000        1.0000000000000000       0.50000000000000000     
         1.0000000000000000       0.50000000000000000        1.0000000000000000     

 !NewElementMapDefinition
         109         218
         1.0000000000000000        0.0000000000000000        0.0000000000000000     
         1.0000000000000000        1.0000000000000000        0.0000000000000000     
         1.0000000000000000        0.0000000000000000        1.0000000000000000     
         1.0000000000000000        1.0000000000000000        1.0000000000000000     
         1.0000000000000000       0.50000000000000000        0.0000000000000000     
         1.0000000000000000        0.0000000000000000       0.50000000000000000     
         1.0000000000000000       0.50000000000000000       0.50000000000000000     
         1.0000000000000000        1.0000000000000000       0.50000000000000000     
         1.0000000000000000       0.50000000000000000        1.0000000000000000     

 !NewElementMapDefinition
         110         220
         1.0000000000000000        0.0000000000000000        0.0000000000000000     
         1.0000000000000000        1.0000000000000000        0.0000000000000000     
         1.0000000000000000        0.0000000000000000        1.0000000000000000     
         1.0000000000000000        1.0000000000000000        1.0000000000000000     
         1.0000000000000000       0.50000000000000000        0.0000000000000000     
         1.0000000000000000        0.0000000000000000       0.50000000000000000     
         1.0000000000000000       0.50000000000000000       0.50000000000000000     
         1.0000000000000000        1.0000000000000000       0.50000000000000000     
         1.0000000000000000       0.50000000000000000        1.0000000000000000     

 !NewElementMapDefinition
         111         222
         1.0000000000000000        0.0000000000000000        0.0000000000000000     
         1.0000000000000000        1.0000000000000000        0.0000000000000000     
         1.0000000000000000        0.0000000000000000        1.0000000000000000     
         1.0000000000000000        1.0000000000000000        1.0000000000000000     
         1.0000000000000000       0.50000000000000000        0.0000000000000000     
         1.0000000000000000        0.0000000000000000       0.50000000000000000     
         1.0000000000000000       0.50000000000000000       0.50000000000000000     
         1.0000000000000000        1.0000000000000000       0.50000000000000000     
         1.0000000000000000       0.50000000000000000        1.0000000000000000     

 !NewElementMapDefinition
         112         224
         1.0000000000000000        0.0000000000000000        0.0000000000000000     
         1.0000000000000000        1.0000000000000000        0.0000000000000000     
         1.0000000000000000        0.0000000000000000        1.0000000000000000     
         1.0000000000000000        1.0000000000000000        1.0000000000000000     
         1.0000000000000000       0.50000000000000000        0.0000000000000000     
         1.0000000000000000        0.0000000000000000       0.50000000000000000     
         1.0000000000000000       0.50000000000000000       0.50000000000000000     
         1.0000000000000000        1.0000000000000000       0.50000000000000000     
         1.0000000000000000       0.50000000000000000        1.0000000000000000     

 !NewElementMapDefinition
         113         226
         1.0000000000000000        0.0000000000000000        0.0000000000000000     
         1.0000000000000000        1.0000000000000000        0.0000000000000000     
         1.0000000000000000        0.0000000000000000        1.0000000000000000     
         1.0000000000000000        1.0000000000000000        1.0000000000000000     
         1.0000000000000000       0.50000000000000000        0.0000000000000000     
         1.0000000000000000        0.0000000000000000       0.50000000000000000     
         1.0000000000000000       0.50000000000000000       0.50000000000000000     
         1.0000000000000000        1.0000000000000000       0.50000000000000000     
         1.0000000000000000       0.50000000000000000        1.0000000000000000     

 !NewElementMapDefinition
         114         228
         1.0000000000000000        0.0000000000000000        0.0000000000000000     
         1.0000000000000000        1.0000000000000000        0.0000000000000000     
         1.0000000000000000        0.0000000000000000        1.0000000000000000     
         1.0000000000000000        1.0000000000000000        1.0000000000000000     
         1.0000000000000000       0.50000000000000000        0.0000000000000000     
         1.0000000000000000        0.0000000000000000       0.50000000000000000     
         1.0000000000000000       0.50000000000000000       0.50000000000000000     
         1.0000000000000000        1.0000000000000000       0.50000000000000000     
         1.0000000000000000       0.50000000000000000        1.0000000000000000     

 !NewElementMapDefinition
         115         230
         1.0000000000000000        0.0000000000000000        0.0000000000000000     
         1.0000000000000000        1.0000000000000000        0.0000000000000000     
         1.0000000000000000        0.0000000000000000        1.0000000000000000     
         1.0000000000000000        1.0000000000000000        1.0000000000000000     
         1.0000000000000000       0.50000000000000000        0.0000000000000000     
         1.0000000000000000        0.0000000000000000       0.50000000000000000     
         1.0000000000000000       0.50000000000000000       0.50000000000000000     
         1.0000000000000000        1.0000000000000000       0.50000000000000000     
         1.0000000000000000       0.50000000000000000        1.0000000000000000     

 !NewElementMapDefinition
         116         232
         1.0000000000000000        0.0000000000000000        0.0000000000000000     
         1.0000000000000000        1.0000000000000000        0.0000000000000000     
         1.0000000000000000        0.0000000000000000        1.0000000000000000     
         1.0000000000000000        1.0000000000000000        1.0000000000000000     
         1.0000000000000000       0.50000000000000000        0.0000000000000000     
         1.0000000000000000        0.0000000000000000       0.50000000000000000     
         1.0000000000000000       0.50000000000000000       0.50000000000000000     
         1.0000000000000000        1.0000000000000000       0.50000000000000000     
         1.0000000000000000       0.50000000000000000        1.0000000000000000     

 !NewElementMapDefinition
         117         234
         1.0000000000000000        0.0000000000000000        0.0000000000000000     
         1.0000000000000000        1.0000000000000000        0.0000000000000000     
         1.0000000000000000        0.0000000000000000        1.0000000000000000     
         1.0000000000000000        1.0000000000000000        1.0000000000000000     
         1.0000000000000000       0.50000000000000000        0.0000000000000000     
         1.0000000000000000        0.0000000000000000       0.50000000000000000     
         1.0000000000000000       0.50000000000000000       0.50000000000000000     
         1.0000000000000000        1.0000000000000000       0.50000000000000000     
         1.0000000000000000       0.50000000000000000        1.0000000000000000     

 !NewElementMapDefinition
         118         236
         1.0000000000000000        0.0000000000000000        0.0000000000000000     
         1.0000000000000000        1.0000000000000000        0.0000000000000000     
         1.0000000000000000        0.0000000000000000        1.0000000000000000     
         1.0000000000000000        1.0000000000000000        1.0000000000000000     
         1.0000000000000000       0.50000000000000000        0.0000000000000000     
         1.0000000000000000        0.0000000000000000       0.50000000000000000     
         1.0000000000000000       0.50000000000000000       0.50000000000000000     
         1.0000000000000000        1.0000000000000000       0.50000000000000000     
         1.0000000000000000       0.50000000000000000        1.0000000000000000     

 !NewElementMapDefinition
         119         238
         1.0000000000000000        0.0000000000000000        0.0000000000000000     
         1.0000000000000000        1.0000000000000000        0.0000000000000000     
         1.0000000000000000        0.0000000000000000        1.0000000000000000     
         1.0000000000000000        1.0000000000000000        1.0000000000000000     
         1.0000000000000000       0.50000000000000000        0.0000000000000000     
         1.0000000000000000        0.0000000000000000       0.50000000000000000     
         1.0000000000000000       0.50000000000000000       0.50000000000000000     
         1.0000000000000000        1.0000000000000000       0.50000000000000000     
         1.0000000000000000       0.50000000000000000        1.0000000000000000     

 !NewElementMapDefinition
         120         240
         1.0000000000000000        0.0000000000000000        0.0000000000000000     
         1.0000000000000000        1.0000000000000000        0.0000000000000000     
         1.0000000000000000        0.0000000000000000        1.0000000000000000     
         1.0000000000000000        1.0000000000000000        1.0000000000000000     
         1.0000000000000000       0.50000000000000000        0.0000000000000000     
         1.0000000000000000        0.0000000000000000       0.50000000000000000     
         1.0000000000000000       0.50000000000000000       0.50000000000000000     
         1.0000000000000000        1.0000000000000000       0.50000000000000000     
         1.0000000000000000       0.50000000000000000        1.0000000000000000     

 !NewElementMapDefinition
         121         242
         1.0000000000000000        0.0000000000000000        0.0000000000000000     
         1.0000000000000000        1.0000000000000000        0.0000000000000000     
         1.0000000000000000        0.0000000000000000        1.0000000000000000     
         1.0000000000000000        1.0000000000000000        1.0000000000000000     
         1.0000000000000000       0.50000000000000000        0.0000000000000000     
         1.0000000000000000        0.0000000000000000       0.50000000000000000     
         1.0000000000000000       0.50000000000000000       0.50000000000000000     
         1.0000000000000000        1.0000000000000000       0.50000000000000000     
         1.0000000000000000       0.50000000000000000        1.0000000000000000     

 !NewElementMapDefinition
         122         244
         1.0000000000000000        0.0000000000000000        0.0000000000000000     
         1.0000000000000000        1.0000000000000000        0.0000000000000000     
         1.0000000000000000        0.0000000000000000        1.0000000000000000     
         1.0000000000000000        1.0000000000000000        1.0000000000000000     
         1.0000000000000000       0.50000000000000000        0.0000000000000000     
         1.0000000000000000        0.0000000000000000       0.50000000000000000     
         1.0000000000000000       0.50000000000000000       0.50000000000000000     
         1.0000000000000000        1.0000000000000000       0.50000000000000000     
         1.0000000000000000       0.50000000000000000        1.0000000000000000     

 !NewElementMapDefinition
         123         246
         1.0000000000000000        0.0000000000000000        0.0000000000000000     
         1.0000000000000000        1.0000000000000000        0.0000000000000000     
         1.0000000000000000        0.0000000000000000        1.0000000000000000     
         1.0000000000000000        1.0000000000000000        1.0000000000000000     
         1.0000000000000000       0.50000000000000000        0.0000000000000000     
         1.0000000000000000        0.0000000000000000       0.50000000000000000     
         1.0000000000000000       0.50000000000000000       0.50000000000000000     
         1.0000000000000000        1.0000000000000000       0.50000000000000000     
         1.0000000000000000       0.50000000000000000        1.0000000000000000     

 !NewElementMapDefinition
         124         248
         1.0000000000000000        0.0000000000000000        0.0000000000000000     
         1.0000000000000000        1.0000000000000000        0.0000000000000000     
         1.0000000000000000        0.0000000000000000        1.0000000000000000     
         1.0000000000000000        1.0000000000000000        1.0000000000000000     
         1.0000000000000000       0.50000000000000000        0.0000000000000000     
         1.0000000000000000        0.0000000000000000       0.50000000000000000     
         1.0000000000000000       0.50000000000000000       0.50000000000000000     
         1.0000000000000000        1.0000000000000000       0.50000000000000000     
         1.0000000000000000       0.50000000000000000        1.0000000000000000     

 !NewElementMapDefinition
         125         250
         1.0000000000000000        0.0000000000000000        0.0000000000000000     
         1.0000000000000000        1.0000000000000000        0.0000000000000000     
         1.0000000000000000        0.0000000000000000        1.0000000000000000     
         1.0000000000000000        1.0000000000000000        1.0000000000000000     
         1.0000000000000000       0.50000000000000000        0.0000000000000000     
         1.0000000000000000        0.0000000000000000       0.50000000000000000     
         1.0000000000000000       0.50000000000000000       0.50000000000000000     
         1.0000000000000000        1.0000000000000000       0.50000000000000000     
         1.0000000000000000       0.50000000000000000        1.0000000000000000     

 !NewElementMapDefinition
         126         252
         1.0000000000000000        0.0000000000000000        0.0000000000000000     
         1.0000000000000000        1.0000000000000000        0.0000000000000000     
         1.0000000000000000        0.0000000000000000        1.0000000000000000     
         1.0000000000000000        1.0000000000000000        1.0000000000000000     
         1.0000000000000000       0.50000000000000000        0.0000000000000000     
         1.0000000000000000        0.0000000000000000       0.50000000000000000     
         1.0000000000000000       0.50000000000000000       0.50000000000000000     
         1.0000000000000000        1.0000000000000000       0.50000000000000000     
         1.0000000000000000       0.50000000000000000        1.0000000000000000     

 !NewElementMapDefinition
         127         254
         1.0000000000000000        0.0000000000000000        0.0000000000000000     
         1.0000000000000000        1.0000000000000000        0.0000000000000000     
         1.0000000000000000        0.0000000000000000        1.0000000000000000     
         1.0000000000000000        1.0000000000000000        1.0000000000000000     
         1.0000000000000000       0.50000000000000000        0.0000000000000000     
         1.0000000000000000        0.0000000000000000       0.50000000000000000     
         1.0000000000000000       0.50000000000000000       0.50000000000000000     
         1.0000000000000000        1.0000000000000000       0.50000000000000000     
         1.0000000000000000       0.50000000000000000        1.0000000000000000     

 !NewElementMapDefinition
         128         256
         1.0000000000000000        0.0000000000000000        0.0000000000000000     
         1.0000000000000000        1.0000000000000000        0.0000000000000000     
         1.0000000000000000        0.0000000000000000        1.0000000000000000     
         1.0000000000000000        1.0000000000000000        1.0000000000000000     
         1.0000000000000000       0.50000000000000000        0.0000000000000000     
         1.0000000000000000        0.0000000000000000       0.50000000000000000     
         1.0000000000000000       0.50000000000000000       0.50000000000000000     
         1.0000000000000000        1.0000000000000000       0.50000000000000000     
         1.0000000000000000       0.50000000000000000        1.0000000000000000     

 !NewElementMapDefinition
         129         258
         1.0000000000000000        0.0000000000000000        0.0000000000000000     
         1.0000000000000000        1.0000000000000000        0.0000000000000000     
         1.0000000000000000        0.0000000000000000        1.0000000000000000     
         1.0000000000000000        1.0000000000000000        1.0000000000000000     
         1.0000000000000000       0.50000000000000000        0.0000000000000000     
         1.0000000000000000        0.0000000000000000       0.50000000000000000     
         1.0000000000000000       0.50000000000000000       0.50000000000000000     
         1.0000000000000000        1.0000000000000000       0.50000000000000000     
         1.0000000000000000       0.50000000000000000        1.0000000000000000     

 !NewElementMapDefinition
         130         260
         1.0000000000000000        0.0000000000000000        0.0000000000000000     
         1.0000000000000000        1.0000000000000000        0.0000000000000000     
         1.0000000000000000        0.0000000000000000        1.0000000000000000     
         1.0000000000000000        1.0000000000000000        1.0000000000000000     
         1.0000000000000000       0.50000000000000000        0.0000000000000000     
         1.0000000000000000        0.0000000000000000       0.50000000000000000     
         1.0000000000000000       0.50000000000000000       0.50000000000000000     
         1.0000000000000000        1.0000000000000000       0.50000000000000000     
         1.0000000000000000       0.50000000000000000        1.0000000000000000     

 !NewElementMapDefinition
         131         262
         1.0000000000000000        0.0000000000000000        0.0000000000000000     
         1.0000000000000000        1.0000000000000000        0.0000000000000000     
         1.0000000000000000        0.0000000000000000        1.0000000000000000     
         1.0000000000000000        1.0000000000000000        1.0000000000000000     
         1.0000000000000000       0.50000000000000000        0.0000000000000000     
         1.0000000000000000        0.0000000000000000       0.50000000000000000     
         1.0000000000000000       0.50000000000000000       0.50000000000000000     
         1.0000000000000000        1.0000000000000000       0.50000000000000000     
         1.0000000000000000       0.50000000000000000        1.0000000000000000     

 !NewElementMapDefinition
         132         264
         1.0000000000000000        0.0000000000000000        0.0000000000000000     
         1.0000000000000000        1.0000000000000000        0.0000000000000000     
         1.0000000000000000        0.0000000000000000        1.0000000000000000     
         1.0000000000000000        1.0000000000000000        1.0000000000000000     
         1.0000000000000000       0.50000000000000000        0.0000000000000000     
         1.0000000000000000        0.0000000000000000       0.50000000000000000     
         1.0000000000000000       0.50000000000000000       0.50000000000000000     
         1.0000000000000000        1.0000000000000000       0.50000000000000000     
         1.0000000000000000       0.50000000000000000        1.0000000000000000     

 !NewElementMapDefinition
         133         266
         1.0000000000000000        0.0000000000000000        0.0000000000000000     
         1.0000000000000000        1.0000000000000000        0.0000000000000000     
         1.0000000000000000        0.0000000000000000        1.0000000000000000     
         1.0000000000000000        1.0000000000000000        1.0000000000000000     
         1.0000000000000000       0.50000000000000000        0.0000000000000000     
         1.0000000000000000        0.0000000000000000       0.50000000000000000     
         1.0000000000000000       0.50000000000000000       0.50000000000000000     
         1.0000000000000000        1.0000000000000000       0.50000000000000000     
         1.0000000000000000       0.50000000000000000        1.0000000000000000     

 !NewElementMapDefinition
         134         268
         1.0000000000000000        0.0000000000000000        0.0000000000000000     
         1.0000000000000000        1.0000000000000000        0.0000000000000000     
         1.0000000000000000        0.0000000000000000        1.0000000000000000     
         1.0000000000000000        1.0000000000000000        1.0000000000000000     
         1.0000000000000000       0.50000000000000000        0.0000000000000000     
         1.0000000000000000        0.0000000000000000       0.50000000000000000     
         1.0000000000000000       0.50000000000000000       0.50000000000000000     
         1.0000000000000000        1.0000000000000000       0.50000000000000000     
         1.0000000000000000       0.50000000000000000        1.0000000000000000     

 !NewElementMapDefinition
         135         270
         1.0000000000000000        0.0000000000000000        0.0000000000000000     
         1.0000000000000000        1.0000000000000000        0.0000000000000000     
         1.0000000000000000        0.0000000000000000        1.0000000000000000     
         1.0000000000000000        1.0000000000000000        1.0000000000000000     
         1.0000000000000000       0.50000000000000000        0.0000000000000000     
         1.0000000000000000        0.0000000000000000       0.50000000000000000     
         1.0000000000000000       0.50000000000000000       0.50000000000000000     
         1.0000000000000000        1.0000000000000000       0.50000000000000000     
         1.0000000000000000       0.50000000000000000        1.0000000000000000     

 !NewElementMapDefinition
         136         272
         1.0000000000000000        0.0000000000000000        0.0000000000000000     
         1.0000000000000000        1.0000000000000000        0.0000000000000000     
         1.0000000000000000        0.0000000000000000        1.0000000000000000     
         1.0000000000000000        1.0000000000000000        1.0000000000000000     
         1.0000000000000000       0.50000000000000000        0.0000000000000000     
         1.0000000000000000        0.0000000000000000       0.50000000000000000     
         1.0000000000000000       0.50000000000000000       0.50000000000000000     
         1.0000000000000000        1.0000000000000000       0.50000000000000000     
         1.0000000000000000       0.50000000000000000        1.0000000000000000     

 !NewElementMapDefinition
         137         274
         1.0000000000000000        0.0000000000000000        0.0000000000000000     
         1.0000000000000000        1.0000000000000000        0.0000000000000000     
         1.0000000000000000        0.0000000000000000        1.0000000000000000     
         1.0000000000000000        1.0000000000000000        1.0000000000000000     
         1.0000000000000000       0.50000000000000000        0.0000000000000000     
         1.0000000000000000        0.0000000000000000       0.50000000000000000     
         1.0000000000000000       0.50000000000000000       0.50000000000000000     
         1.0000000000000000        1.0000000000000000       0.50000000000000000     
         1.0000000000000000       0.50000000000000000        1.0000000000000000     

 !NewElementMapDefinition
         138         276
         1.0000000000000000        0.0000000000000000        0.0000000000000000     
         1.0000000000000000        1.0000000000000000        0.0000000000000000     
         1.0000000000000000        0.0000000000000000        1.0000000000000000     
         1.0000000000000000        1.0000000000000000        1.0000000000000000     
         1.0000000000000000       0.50000000000000000        0.0000000000000000     
         1.0000000000000000        0.0000000000000000       0.50000000000000000     
         1.0000000000000000       0.50000000000000000       0.50000000000000000     
         1.0000000000000000        1.0000000000000000       0.50000000000000000     
         1.0000000000000000       0.50000000000000000        1.0000000000000000     

 !NewElementMapDefinition
         139         278
         1.0000000000000000        0.0000000000000000        0.0000000000000000     
         1.0000000000000000        1.0000000000000000        0.0000000000000000     
         1.0000000000000000        0.0000000000000000        1.0000000000000000     
         1.0000000000000000        1.0000000000000000        1.0000000000000000     
         1.0000000000000000       0.50000000000000000        0.0000000000000000     
         1.0000000000000000        0.0000000000000000       0.50000000000000000     
         1.0000000000000000       0.50000000000000000       0.50000000000000000     
         1.0000000000000000        1.0000000000000000       0.50000000000000000     
         1.0000000000000000       0.50000000000000000        1.0000000000000000     

 !NewElementMapDefinition
         140         280
         1.0000000000000000        0.0000000000000000        0.0000000000000000     
         1.0000000000000000        1.0000000000000000        0.0000000000000000     
         1.0000000000000000        0.0000000000000000        1.0000000000000000     
         1.0000000000000000        1.0000000000000000        1.0000000000000000     
         1.0000000000000000       0.50000000000000000        0.0000000000000000     
         1.0000000000000000        0.0000000000000000       0.50000000000000000     
         1.0000000000000000       0.50000000000000000       0.50000000000000000     
         1.0000000000000000        1.0000000000000000       0.50000000000000000     
         1.0000000000000000       0.50000000000000000        1.0000000000000000     

 !NewElementMapDefinition
         141         282
         1.0000000000000000        0.0000000000000000        0.0000000000000000     
         1.0000000000000000        1.0000000000000000        0.0000000000000000     
         1.0000000000000000        0.0000000000000000        1.0000000000000000     
         1.0000000000000000        1.0000000000000000        1.0000000000000000     
         1.0000000000000000       0.50000000000000000        0.0000000000000000     
         1.0000000000000000        0.0000000000000000       0.50000000000000000     
         1.0000000000000000       0.50000000000000000       0.50000000000000000     
         1.0000000000000000        1.0000000000000000       0.50000000000000000     
         1.0000000000000000       0.50000000000000000        1.0000000000000000     

 !NewElementMapDefinition
         142         284
         1.0000000000000000        0.0000000000000000        0.0000000000000000     
         1.0000000000000000        1.0000000000000000        0.0000000000000000     
         1.0000000000000000        0.0000000000000000        1.0000000000000000     
         1.0000000000000000        1.0000000000000000        1.0000000000000000     
         1.0000000000000000       0.50000000000000000        0.0000000000000000     
         1.0000000000000000        0.0000000000000000       0.50000000000000000     
         1.0000000000000000       0.50000000000000000       0.50000000000000000     
         1.0000000000000000        1.0000000000000000       0.50000000000000000     
         1.0000000000000000       0.50000000000000000        1.0000000000000000     

 !NewElementMapDefinition
         143         286
         1.0000000000000000        0.0000000000000000        0.0000000000000000     
         1.0000000000000000        1.0000000000000000        0.0000000000000000     
         1.0000000000000000        0.0000000000000000        1.0000000000000000     
         1.0000000000000000        1.0000000000000000        1.0000000000000000     
         1.0000000000000000       0.50000000000000000        0.0000000000000000     
         1.0000000000000000        0.0000000000000000       0.50000000000000000     
         1.0000000000000000       0.50000000000000000       0.50000000000000000     
         1.0000000000000000        1.0000000000000000       0.50000000000000000     
         1.0000000000000000       0.50000000000000000        1.0000000000000000     

 !NewElementMapDefinition
         144         288
         1.0000000000000000        0.0000000000000000        0.0000000000000000     
         1.0000000000000000        1.0000000000000000        0.0000000000000000     
         1.0000000000000000        0.0000000000000000        1.0000000000000000     
         1.0000000000000000        1.0000000000000000        1.0000000000000000     
         1.0000000000000000       0.50000000000000000        0.0000000000000000     
         1.0000000000000000        0.0000000000000000       0.50000000000000000     
         1.0000000000000000       0.50000000000000000       0.50000000000000000     
         1.0000000000000000        1.0000000000000000       0.50000000000000000     
         1.0000000000000000       0.50000000000000000        1.0000000000000000     

 !NewElementMapDefinition
         145         290
         1.0000000000000000        0.0000000000000000        0.0000000000000000     
         1.0000000000000000        1.0000000000000000        0.0000000000000000     
         1.0000000000000000        0.0000000000000000        1.0000000000000000     
         1.0000000000000000        1.0000000000000000        1.0000000000000000     
         1.0000000000000000       0.50000000000000000        0.0000000000000000     
         1.0000000000000000        0.0000000000000000       0.50000000000000000     
         1.0000000000000000       0.50000000000000000       0.50000000000000000     
         1.0000000000000000        1.0000000000000000       0.50000000000000000     
         1.0000000000000000       0.50000000000000000        1.0000000000000000     

 !NewElementMapDefinition
         146         292
         1.0000000000000000        0.0000000000000000        0.0000000000000000     
         1.0000000000000000        1.0000000000000000        0.0000000000000000     
         1.0000000000000000        0.0000000000000000        1.0000000000000000     
         1.0000000000000000        1.0000000000000000        1.0000000000000000     
         1.0000000000000000       0.50000000000000000        0.0000000000000000     
         1.0000000000000000        0.0000000000000000       0.50000000000000000     
         1.0000000000000000       0.50000000000000000       0.50000000000000000     
         1.0000000000000000        1.0000000000000000       0.50000000000000000     
         1.0000000000000000       0.50000000000000000        1.0000000000000000     

 !NewElementMapDefinition
         147         294
         1.0000000000000000        0.0000000000000000        0.0000000000000000     
         1.0000000000000000        1.0000000000000000        0.0000000000000000     
         1.0000000000000000        0.0000000000000000        1.0000000000000000     
         1.0000000000000000        1.0000000000000000        1.0000000000000000     
         1.0000000000000000       0.50000000000000000        0.0000000000000000     
         1.0000000000000000        0.0000000000000000       0.50000000000000000     
         1.0000000000000000       0.50000000000000000       0.50000000000000000     
         1.0000000000000000        1.0000000000000000       0.50000000000000000     
         1.0000000000000000       0.50000000000000000        1.0000000000000000     

 !NewElementMapDefinition
         148         296
         1.0000000000000000        0.0000000000000000        0.0000000000000000     
         1.0000000000000000        1.0000000000000000        0.0000000000000000     
         1.0000000000000000        0.0000000000000000        1.0000000000000000     
         1.0000000000000000        1.0000000000000000        1.0000000000000000     
         1.0000000000000000       0.50000000000000000        0.0000000000000000     
         1.0000000000000000        0.0000000000000000       0.50000000000000000     
         1.0000000000000000       0.50000000000000000       0.50000000000000000     
         1.0000000000000000        1.0000000000000000       0.50000000000000000     
         1.0000000000000000       0.50000000000000000        1.0000000000000000     

 !NewElementMapDefinition
         149         298
         1.0000000000000000        0.0000000000000000        0.0000000000000000     
         1.0000000000000000        1.0000000000000000        0.0000000000000000     
         1.0000000000000000        0.0000000000000000        1.0000000000000000     
         1.0000000000000000        1.0000000000000000        1.0000000000000000     
         1.0000000000000000       0.50000000000000000        0.0000000000000000     
         1.0000000000000000        0.0000000000000000       0.50000000000000000     
         1.0000000000000000       0.50000000000000000       0.50000000000000000     
         1.0000000000000000        1.0000000000000000       0.50000000000000000     
         1.0000000000000000       0.50000000000000000        1.0000000000000000     

 !NewElementMapDefinition
         150         300
         1.0000000000000000        0.0000000000000000        0.0000000000000000     
         1.0000000000000000        1.0000000000000000        0.0000000000000000     
         1.0000000000000000        0.0000000000000000        1.0000000000000000     
         1.0000000000000000        1.0000000000000000        1.0000000000000000     
         1.0000000000000000       0.50000000000000000        0.0000000000000000     
         1.0000000000000000        0.0000000000000000       0.50000000000000000     
         1.0000000000000000       0.50000000000000000       0.50000000000000000     
         1.0000000000000000        1.0000000000000000       0.50000000000000000     
         1.0000000000000000       0.50000000000000000        1.0000000000000000     

 !NewElementMapDefinition
         151         302
         1.0000000000000000        0.0000000000000000        0.0000000000000000     
         1.0000000000000000        1.0000000000000000        0.0000000000000000     
         1.0000000000000000        0.0000000000000000        1.0000000000000000     
         1.0000000000000000        1.0000000000000000        1.0000000000000000     
         1.0000000000000000       0.50000000000000000        0.0000000000000000     
         1.0000000000000000        0.0000000000000000       0.50000000000000000     
         1.0000000000000000       0.50000000000000000       0.50000000000000000     
         1.0000000000000000        1.0000000000000000       0.50000000000000000     
         1.0000000000000000       0.50000000000000000        1.0000000000000000     

 !NewElementMapDefinition
         152         304
         1.0000000000000000        0.0000000000000000        0.0000000000000000     
         1.0000000000000000        1.0000000000000000        0.0000000000000000     
         1.0000000000000000        0.0000000000000000        1.0000000000000000     
         1.0000000000000000        1.0000000000000000        1.0000000000000000     
         1.0000000000000000       0.50000000000000000        0.0000000000000000     
         1.0000000000000000        0.0000000000000000       0.50000000000000000     
         1.0000000000000000       0.50000000000000000       0.50000000000000000     
         1.0000000000000000        1.0000000000000000       0.50000000000000000     
         1.0000000000000000       0.50000000000000000        1.0000000000000000     

 !NewElementMapDefinition
         153         306
         1.0000000000000000        0.0000000000000000        0.0000000000000000     
         1.0000000000000000        1.0000000000000000        0.0000000000000000     
         1.0000000000000000        0.0000000000000000        1.0000000000000000     
         1.0000000000000000        1.0000000000000000        1.0000000000000000     
         1.0000000000000000       0.50000000000000000        0.0000000000000000     
         1.0000000000000000        0.0000000000000000       0.50000000000000000     
         1.0000000000000000       0.50000000000000000       0.50000000000000000     
         1.0000000000000000        1.0000000000000000       0.50000000000000000     
         1.0000000000000000       0.50000000000000000        1.0000000000000000     

 !NewElementMapDefinition
         154         308
         1.0000000000000000        0.0000000000000000        0.0000000000000000     
         1.0000000000000000        1.0000000000000000        0.0000000000000000     
         1.0000000000000000        0.0000000000000000        1.0000000000000000     
         1.0000000000000000        1.0000000000000000        1.0000000000000000     
         1.0000000000000000       0.50000000000000000        0.0000000000000000     
         1.0000000000000000        0.0000000000000000       0.50000000000000000     
         1.0000000000000000       0.50000000000000000       0.50000000000000000     
         1.0000000000000000        1.0000000000000000       0.50000000000000000     
         1.0000000000000000       0.50000000000000000        1.0000000000000000     

 !NewElementMapDefinition
         155         310
         1.0000000000000000        0.0000000000000000        0.0000000000000000     
         1.0000000000000000        1.0000000000000000        0.0000000000000000     
         1.0000000000000000        0.0000000000000000        1.0000000000000000     
         1.0000000000000000        1.0000000000000000        1.0000000000000000     
         1.0000000000000000       0.50000000000000000        0.0000000000000000     
         1.0000000000000000        0.0000000000000000       0.50000000000000000     
         1.0000000000000000       0.50000000000000000       0.50000000000000000     
         1.0000000000000000        1.0000000000000000       0.50000000000000000     
         1.0000000000000000       0.50000000000000000        1.0000000000000000     

 !NewElementMapDefinition
         156         312
         1.0000000000000000        0.0000000000000000        0.0000000000000000     
         1.0000000000000000        1.0000000000000000        0.0000000000000000     
         1.0000000000000000        0.0000000000000000        1.0000000000000000     
         1.0000000000000000        1.0000000000000000        1.0000000000000000     
         1.0000000000000000       0.50000000000000000        0.0000000000000000     
         1.0000000000000000        0.0000000000000000       0.50000000000000000     
         1.0000000000000000       0.50000000000000000       0.50000000000000000     
         1.0000000000000000        1.0000000000000000       0.50000000000000000     
         1.0000000000000000       0.50000000000000000        1.0000000000000000     

 !NewElementMapDefinition
         157         314
         1.0000000000000000        0.0000000000000000        0.0000000000000000     
         1.0000000000000000        1.0000000000000000        0.0000000000000000     
         1.0000000000000000        0.0000000000000000        1.0000000000000000     
         1.0000000000000000        1.0000000000000000        1.0000000000000000     
         1.0000000000000000       0.50000000000000000        0.0000000000000000     
         1.0000000000000000        0.0000000000000000       0.50000000000000000     
         1.0000000000000000       0.50000000000000000       0.50000000000000000     
         1.0000000000000000        1.0000000000000000       0.50000000000000000     
         1.0000000000000000       0.50000000000000000        1.0000000000000000     

 !NewElementMapDefinition
         158         316
         1.0000000000000000        0.0000000000000000        0.0000000000000000     
         1.0000000000000000        1.0000000000000000        0.0000000000000000     
         1.0000000000000000        0.0000000000000000        1.0000000000000000     
         1.0000000000000000        1.0000000000000000        1.0000000000000000     
         1.0000000000000000       0.50000000000000000        0.0000000000000000     
         1.0000000000000000        0.0000000000000000       0.50000000000000000     
         1.0000000000000000       0.50000000000000000       0.50000000000000000     
         1.0000000000000000        1.0000000000000000       0.50000000000000000     
         1.0000000000000000       0.50000000000000000        1.0000000000000000     

 !NewElementMapDefinition
         159         318
         1.0000000000000000        0.0000000000000000        0.0000000000000000     
         1.0000000000000000        1.0000000000000000        0.0000000000000000     
         1.0000000000000000        0.0000000000000000        1.0000000000000000     
         1.0000000000000000        1.0000000000000000        1.0000000000000000     
         1.0000000000000000       0.50000000000000000        0.0000000000000000     
         1.0000000000000000        0.0000000000000000       0.50000000000000000     
         1.0000000000000000       0.50000000000000000       0.50000000000000000     
         1.0000000000000000        1.0000000000000000       0.50000000000000000     
         1.0000000000000000       0.50000000000000000        1.0000000000000000     

 !NewElementMapDefinition
         160         320
         1.0000000000000000        0.0000000000000000        0.0000000000000000     
         1.0000000000000000        1.0000000000000000        0.0000000000000000     
         1.0000000000000000        0.0000000000000000        1.0000000000000000     
         1.0000000000000000        1.0000000000000000        1.0000000000000000     
         1.0000000000000000       0.50000000000000000        0.0000000000000000     
         1.0000000000000000        0.0000000000000000       0.50000000000000000     
         1.0000000000000000       0.50000000000000000       0.50000000000000000     
         1.0000000000000000        1.0000000000000000       0.50000000000000000     
         1.0000000000000000       0.50000000000000000        1.0000000000000000     

 !NewElementMapDefinition
         161         322
         1.0000000000000000        0.0000000000000000        0.0000000000000000     
         1.0000000000000000        1.0000000000000000        0.0000000000000000     
         1.0000000000000000        0.0000000000000000        1.0000000000000000     
         1.0000000000000000        1.0000000000000000        1.0000000000000000     
         1.0000000000000000       0.50000000000000000        0.0000000000000000     
         1.0000000000000000        0.0000000000000000       0.50000000000000000     
         1.0000000000000000       0.50000000000000000       0.50000000000000000     
         1.0000000000000000        1.0000000000000000       0.50000000000000000     
         1.0000000000000000       0.50000000000000000        1.0000000000000000     

 !NewElementMapDefinition
         162         324
         1.0000000000000000        0.0000000000000000        0.0000000000000000     
         1.0000000000000000        1.0000000000000000        0.0000000000000000     
         1.0000000000000000        0.0000000000000000        1.0000000000000000     
         1.0000000000000000        1.0000000000000000        1.0000000000000000     
         1.0000000000000000       0.50000000000000000        0.0000000000000000     
         1.0000000000000000        0.0000000000000000       0.50000000000000000     
         1.0000000000000000       0.50000000000000000       0.50000000000000000     
         1.0000000000000000        1.0000000000000000       0.50000000000000000     
         1.0000000000000000       0.50000000000000000        1.0000000000000000     

 !NewElementMapDefinition
         163         326
         1.0000000000000000        0.0000000000000000        0.0000000000000000     
         1.0000000000000000        1.0000000000000000        0.0000000000000000     
         1.0000000000000000        0.0000000000000000        1.0000000000000000     
         1.0000000000000000        1.0000000000000000        1.0000000000000000     
         1.0000000000000000       0.50000000000000000        0.0000000000000000     
         1.0000000000000000        0.0000000000000000       0.50000000000000000     
         1.0000000000000000       0.50000000000000000       0.50000000000000000     
         1.0000000000000000        1.0000000000000000       0.50000000000000000     
         1.0000000000000000       0.50000000000000000        1.0000000000000000     

 !NewElementMapDefinition
         164         328
         1.0000000000000000        0.0000000000000000        0.0000000000000000     
         1.0000000000000000        1.0000000000000000        0.0000000000000000     
         1.0000000000000000        0.0000000000000000        1.0000000000000000     
         1.0000000000000000        1.0000000000000000        1.0000000000000000     
         1.0000000000000000       0.50000000000000000        0.0000000000000000     
         1.0000000000000000        0.0000000000000000       0.50000000000000000     
         1.0000000000000000       0.50000000000000000       0.50000000000000000     
         1.0000000000000000        1.0000000000000000       0.50000000000000000     
         1.0000000000000000       0.50000000000000000        1.0000000000000000     

 !NewElementMapDefinition
         165         330
         1.0000000000000000        0.0000000000000000        0.0000000000000000     
         1.0000000000000000        1.0000000000000000        0.0000000000000000     
         1.0000000000000000        0.0000000000000000        1.0000000000000000     
         1.0000000000000000        1.0000000000000000        1.0000000000000000     
         1.0000000000000000       0.50000000000000000        0.0000000000000000     
         1.0000000000000000        0.0000000000000000       0.50000000000000000     
         1.0000000000000000       0.50000000000000000       0.50000000000000000     
         1.0000000000000000        1.0000000000000000       0.50000000000000000     
         1.0000000000000000       0.50000000000000000        1.0000000000000000     

 !NewElementMapDefinition
         166         332
         1.0000000000000000        0.0000000000000000        0.0000000000000000     
         1.0000000000000000        1.0000000000000000        0.0000000000000000     
         1.0000000000000000        0.0000000000000000        1.0000000000000000     
         1.0000000000000000        1.0000000000000000        1.0000000000000000     
         1.0000000000000000       0.50000000000000000        0.0000000000000000     
         1.0000000000000000        0.0000000000000000       0.50000000000000000     
         1.0000000000000000       0.50000000000000000       0.50000000000000000     
         1.0000000000000000        1.0000000000000000       0.50000000000000000     
         1.0000000000000000       0.50000000000000000        1.0000000000000000     

 !NewElementMapDefinition
         167         334
         1.0000000000000000        0.0000000000000000        0.0000000000000000     
         1.0000000000000000        1.0000000000000000        0.0000000000000000     
         1.0000000000000000        0.0000000000000000        1.0000000000000000     
         1.0000000000000000        1.0000000000000000        1.0000000000000000     
         1.0000000000000000       0.50000000000000000        0.0000000000000000     
         1.0000000000000000        0.0000000000000000       0.50000000000000000     
         1.0000000000000000       0.50000000000000000       0.50000000000000000     
         1.0000000000000000        1.0000000000000000       0.50000000000000000     
         1.0000000000000000       0.50000000000000000        1.0000000000000000     

 !NewElementMapDefinition
         168         336
         1.0000000000000000        0.0000000000000000        0.0000000000000000     
         1.0000000000000000        1.0000000000000000        0.0000000000000000     
         1.0000000000000000        0.0000000000000000        1.0000000000000000     
         1.0000000000000000        1.0000000000000000        1.0000000000000000     
         1.0000000000000000       0.50000000000000000        0.0000000000000000     
         1.0000000000000000        0.0000000000000000       0.50000000000000000     
         1.0000000000000000       0.50000000000000000       0.50000000000000000     
         1.0000000000000000        1.0000000000000000       0.50000000000000000     
         1.0000000000000000       0.50000000000000000        1.0000000000000000     

 !NewElementMapDefinition
         169         338
         1.0000000000000000        0.0000000000000000        0.0000000000000000     
         1.0000000000000000        1.0000000000000000        0.0000000000000000     
         1.0000000000000000        0.0000000000000000        1.0000000000000000     
         1.0000000000000000        1.0000000000000000        1.0000000000000000     
         1.0000000000000000       0.50000000000000000        0.0000000000000000     
         1.0000000000000000        0.0000000000000000       0.50000000000000000     
         1.0000000000000000       0.50000000000000000       0.50000000000000000     
         1.0000000000000000        1.0000000000000000       0.50000000000000000     
         1.0000000000000000       0.50000000000000000        1.0000000000000000     

 !NewElementMapDefinition
         170         340
         1.0000000000000000        0.0000000000000000        0.0000000000000000     
         1.0000000000000000        1.0000000000000000        0.0000000000000000     
         1.0000000000000000        0.0000000000000000        1.0000000000000000     
         1.0000000000000000        1.0000000000000000        1.0000000000000000     
         1.0000000000000000       0.50000000000000000        0.0000000000000000     
         1.0000000000000000        0.0000000000000000       0.50000000000000000     
         1.0000000000000000       0.50000000000000000       0.50000000000000000     
         1.0000000000000000        1.0000000000000000       0.50000000000000000     
         1.0000000000000000       0.50000000000000000        1.0000000000000000     

 !NewElementMapDefinition
         171         342
         1.0000000000000000        0.0000000000000000        0.0000000000000000     
         1.0000000000000000        1.0000000000000000        0.0000000000000000     
         1.0000000000000000        0.0000000000000000        1.0000000000000000     
         1.0000000000000000        1.0000000000000000        1.0000000000000000     
         1.0000000000000000       0.50000000000000000        0.0000000000000000     
         1.0000000000000000        0.0000000000000000       0.50000000000000000     
         1.0000000000000000       0.50000000000000000       0.50000000000000000     
         1.0000000000000000        1.0000000000000000       0.50000000000000000     
         1.0000000000000000       0.50000000000000000        1.0000000000000000     

 !NewElementMapDefinition
         172         344
         1.0000000000000000        0.0000000000000000        0.0000000000000000     
         1.0000000000000000        1.0000000000000000        0.0000000000000000     
         1.0000000000000000        0.0000000000000000        1.0000000000000000     
         1.0000000000000000        1.0000000000000000        1.0000000000000000     
         1.0000000000000000       0.50000000000000000        0.0000000000000000     
         1.0000000000000000        0.0000000000000000       0.50000000000000000     
         1.0000000000000000       0.50000000000000000       0.50000000000000000     
         1.0000000000000000        1.0000000000000000       0.50000000000000000     
         1.0000000000000000       0.50000000000000000        1.0000000000000000     

 !NewElementMapDefinition
         173         346
         1.0000000000000000        0.0000000000000000        0.0000000000000000     
         1.0000000000000000        1.0000000000000000        0.0000000000000000     
         1.0000000000000000        0.0000000000000000        1.0000000000000000     
         1.0000000000000000        1.0000000000000000        1.0000000000000000     
         1.0000000000000000       0.50000000000000000        0.0000000000000000     
         1.0000000000000000        0.0000000000000000       0.50000000000000000     
         1.0000000000000000       0.50000000000000000       0.50000000000000000     
         1.0000000000000000        1.0000000000000000       0.50000000000000000     
         1.0000000000000000       0.50000000000000000        1.0000000000000000     

 !NewElementMapDefinition
         174         348
         1.0000000000000000        0.0000000000000000        0.0000000000000000     
         1.0000000000000000        1.0000000000000000        0.0000000000000000     
         1.0000000000000000        0.0000000000000000        1.0000000000000000     
         1.0000000000000000        1.0000000000000000        1.0000000000000000     
         1.0000000000000000       0.50000000000000000        0.0000000000000000     
         1.0000000000000000        0.0000000000000000       0.50000000000000000     
         1.0000000000000000       0.50000000000000000       0.50000000000000000     
         1.0000000000000000        1.0000000000000000       0.50000000000000000     
         1.0000000000000000       0.50000000000000000        1.0000000000000000     

 !NewElementMapDefinition
         175         350
         1.0000000000000000        0.0000000000000000        0.0000000000000000     
         1.0000000000000000        1.0000000000000000        0.0000000000000000     
         1.0000000000000000        0.0000000000000000        1.0000000000000000     
         1.0000000000000000        1.0000000000000000        1.0000000000000000     
         1.0000000000000000       0.50000000000000000        0.0000000000000000     
         1.0000000000000000        0.0000000000000000       0.50000000000000000     
         1.0000000000000000       0.50000000000000000       0.50000000000000000     
         1.0000000000000000        1.0000000000000000       0.50000000000000000     
         1.0000000000000000       0.50000000000000000        1.0000000000000000     

 !NewElementMapDefinition
         176         352
         1.0000000000000000        0.0000000000000000        0.0000000000000000     
         1.0000000000000000        1.0000000000000000        0.0000000000000000     
         1.0000000000000000        0.0000000000000000        1.0000000000000000     
         1.0000000000000000        1.0000000000000000        1.0000000000000000     
         1.0000000000000000       0.50000000000000000        0.0000000000000000     
         1.0000000000000000        0.0000000000000000       0.50000000000000000     
         1.0000000000000000       0.50000000000000000       0.50000000000000000     
         1.0000000000000000        1.0000000000000000       0.50000000000000000     
         1.0000000000000000       0.50000000000000000        1.0000000000000000     

 !NewElementMapDefinition
         177         354
         1.0000000000000000        0.0000000000000000        0.0000000000000000     
         1.0000000000000000        1.0000000000000000        0.0000000000000000     
         1.0000000000000000        0.0000000000000000        1.0000000000000000     
         1.0000000000000000        1.0000000000000000        1.0000000000000000     
         1.0000000000000000       0.50000000000000000        0.0000000000000000     
         1.0000000000000000        0.0000000000000000       0.50000000000000000     
         1.0000000000000000       0.50000000000000000       0.50000000000000000     
         1.0000000000000000        1.0000000000000000       0.50000000000000000     
         1.0000000000000000       0.50000000000000000        1.0000000000000000     

 !NewElementMapDefinition
         178         356
         1.0000000000000000        0.0000000000000000        0.0000000000000000     
         1.0000000000000000        1.0000000000000000        0.0000000000000000     
         1.0000000000000000        0.0000000000000000        1.0000000000000000     
         1.0000000000000000        1.0000000000000000        1.0000000000000000     
         1.0000000000000000       0.50000000000000000        0.0000000000000000     
         1.0000000000000000        0.0000000000000000       0.50000000000000000     
         1.0000000000000000       0.50000000000000000       0.50000000000000000     
         1.0000000000000000        1.0000000000000000       0.50000000000000000     
         1.0000000000000000       0.50000000000000000        1.0000000000000000     

 !NewElementMapDefinition
         179         358
         1.0000000000000000        0.0000000000000000        0.0000000000000000     
         1.0000000000000000        1.0000000000000000        0.0000000000000000     
         1.0000000000000000        0.0000000000000000        1.0000000000000000     
         1.0000000000000000        1.0000000000000000        1.0000000000000000     
         1.0000000000000000       0.50000000000000000        0.0000000000000000     
         1.0000000000000000        0.0000000000000000       0.50000000000000000     
         1.0000000000000000       0.50000000000000000       0.50000000000000000     
         1.0000000000000000        1.0000000000000000       0.50000000000000000     
         1.0000000000000000       0.50000000000000000        1.0000000000000000     

 !NewElementMapDefinition
         180         360
         1.0000000000000000        0.0000000000000000        0.0000000000000000     
         1.0000000000000000        1.0000000000000000        0.0000000000000000     
         1.0000000000000000        0.0000000000000000        1.0000000000000000     
         1.0000000000000000        1.0000000000000000        1.0000000000000000     
         1.0000000000000000       0.50000000000000000        0.0000000000000000     
         1.0000000000000000        0.0000000000000000       0.50000000000000000     
         1.0000000000000000       0.50000000000000000       0.50000000000000000     
         1.0000000000000000        1.0000000000000000       0.50000000000000000     
         1.0000000000000000       0.50000000000000000        1.0000000000000000     

 !NewElementMapDefinition
         181         362
         1.0000000000000000        0.0000000000000000        0.0000000000000000     
         1.0000000000000000        1.0000000000000000        0.0000000000000000     
         1.0000000000000000        0.0000000000000000        1.0000000000000000     
         1.0000000000000000        1.0000000000000000        1.0000000000000000     
         1.0000000000000000       0.50000000000000000        0.0000000000000000     
         1.0000000000000000        0.0000000000000000       0.50000000000000000     
         1.0000000000000000       0.50000000000000000       0.50000000000000000     
         1.0000000000000000        1.0000000000000000       0.50000000000000000     
         1.0000000000000000       0.50000000000000000        1.0000000000000000     

 !NewElementMapDefinition
         182         364
         1.0000000000000000        0.0000000000000000        0.0000000000000000     
         1.0000000000000000        1.0000000000000000        0.0000000000000000     
         1.0000000000000000        0.0000000000000000        1.0000000000000000     
         1.0000000000000000        1.0000000000000000        1.0000000000000000     
         1.0000000000000000       0.50000000000000000        0.0000000000000000     
         1.0000000000000000        0.0000000000000000       0.50000000000000000     
         1.0000000000000000       0.50000000000000000       0.50000000000000000     
         1.0000000000000000        1.0000000000000000       0.50000000000000000     
         1.0000000000000000       0.50000000000000000        1.0000000000000000     

 !NewElementMapDefinition
         183         366
         1.0000000000000000        0.0000000000000000        0.0000000000000000     
         1.0000000000000000        1.0000000000000000        0.0000000000000000     
         1.0000000000000000        0.0000000000000000        1.0000000000000000     
         1.0000000000000000        1.0000000000000000        1.0000000000000000     
         1.0000000000000000       0.50000000000000000        0.0000000000000000     
         1.0000000000000000        0.0000000000000000       0.50000000000000000     
         1.0000000000000000       0.50000000000000000       0.50000000000000000     
         1.0000000000000000        1.0000000000000000       0.50000000000000000     
         1.0000000000000000       0.50000000000000000        1.0000000000000000     

 !NewElementMapDefinition
         184         368
         1.0000000000000000        0.0000000000000000        0.0000000000000000     
         1.0000000000000000        1.0000000000000000        0.0000000000000000     
         1.0000000000000000        0.0000000000000000        1.0000000000000000     
         1.0000000000000000        1.0000000000000000        1.0000000000000000     
         1.0000000000000000       0.50000000000000000        0.0000000000000000     
         1.0000000000000000        0.0000000000000000       0.50000000000000000     
         1.0000000000000000       0.50000000000000000       0.50000000000000000     
         1.0000000000000000        1.0000000000000000       0.50000000000000000     
         1.0000000000000000       0.50000000000000000        1.0000000000000000     

 !NewElementMapDefinition
         185         370
         1.0000000000000000        0.0000000000000000        0.0000000000000000     
         1.0000000000000000        1.0000000000000000        0.0000000000000000     
         1.0000000000000000        0.0000000000000000        1.0000000000000000     
         1.0000000000000000        1.0000000000000000        1.0000000000000000     
         1.0000000000000000       0.50000000000000000        0.0000000000000000     
         1.0000000000000000        0.0000000000000000       0.50000000000000000     
         1.0000000000000000       0.50000000000000000       0.50000000000000000     
         1.0000000000000000        1.0000000000000000       0.50000000000000000     
         1.0000000000000000       0.50000000000000000        1.0000000000000000     

 !NewElementMapDefinition
         186         372
         1.0000000000000000        0.0000000000000000        0.0000000000000000     
         1.0000000000000000        1.0000000000000000        0.0000000000000000     
         1.0000000000000000        0.0000000000000000        1.0000000000000000     
         1.0000000000000000        1.0000000000000000        1.0000000000000000     
         1.0000000000000000       0.50000000000000000        0.0000000000000000     
         1.0000000000000000        0.0000000000000000       0.50000000000000000     
         1.0000000000000000       0.50000000000000000       0.50000000000000000     
         1.0000000000000000        1.0000000000000000       0.50000000000000000     
         1.0000000000000000       0.50000000000000000        1.0000000000000000     

 !NewElementMapDefinition
         187         374
         1.0000000000000000        0.0000000000000000        0.0000000000000000     
         1.0000000000000000        1.0000000000000000        0.0000000000000000     
         1.0000000000000000        0.0000000000000000        1.0000000000000000     
         1.0000000000000000        1.0000000000000000        1.0000000000000000     
         1.0000000000000000       0.50000000000000000        0.0000000000000000     
         1.0000000000000000        0.0000000000000000       0.50000000000000000     
         1.0000000000000000       0.50000000000000000       0.50000000000000000     
         1.0000000000000000        1.0000000000000000       0.50000000000000000     
         1.0000000000000000       0.50000000000000000        1.0000000000000000     

 !NewElementMapDefinition
         188         376
         1.0000000000000000        0.0000000000000000        0.0000000000000000     
         1.0000000000000000        1.0000000000000000        0.0000000000000000     
         1.0000000000000000        0.0000000000000000        1.0000000000000000     
         1.0000000000000000        1.0000000000000000        1.0000000000000000     
         1.0000000000000000       0.50000000000000000        0.0000000000000000     
         1.0000000000000000        0.0000000000000000       0.50000000000000000     
         1.0000000000000000       0.50000000000000000       0.50000000000000000     
         1.0000000000000000        1.0000000000000000       0.50000000000000000     
         1.0000000000000000       0.50000000000000000        1.0000000000000000     

 !NewElementMapDefinition
         189         378
         1.0000000000000000        0.0000000000000000        0.0000000000000000     
         1.0000000000000000        1.0000000000000000        0.0000000000000000     
         1.0000000000000000        0.0000000000000000        1.0000000000000000     
         1.0000000000000000        1.0000000000000000        1.0000000000000000     
         1.0000000000000000       0.50000000000000000        0.0000000000000000     
         1.0000000000000000        0.0000000000000000       0.50000000000000000     
         1.0000000000000000       0.50000000000000000       0.50000000000000000     
         1.0000000000000000        1.0000000000000000       0.50000000000000000     
         1.0000000000000000       0.50000000000000000        1.0000000000000000     

 !NewElementMapDefinition
         190         380
         1.0000000000000000        0.0000000000000000        0.0000000000000000     
         1.0000000000000000        1.0000000000000000        0.0000000000000000     
         1.0000000000000000        0.0000000000000000        1.0000000000000000     
         1.0000000000000000        1.0000000000000000        1.0000000000000000     
         1.0000000000000000       0.50000000000000000        0.0000000000000000     
         1.0000000000000000        0.0000000000000000       0.50000000000000000     
         1.0000000000000000       0.50000000000000000       0.50000000000000000     
         1.0000000000000000        1.0000000000000000       0.50000000000000000     
         1.0000000000000000       0.50000000000000000        1.0000000000000000     

 !NewElementMapDefinition
         191         382
         1.0000000000000000        0.0000000000000000        0.0000000000000000     
         1.0000000000000000        1.0000000000000000        0.0000000000000000     
         1.0000000000000000        0.0000000000000000        1.0000000000000000     
         1.0000000000000000        1.0000000000000000        1.0000000000000000     
         1.0000000000000000       0.50000000000000000        0.0000000000000000     
         1.0000000000000000        0.0000000000000000       0.50000000000000000     
         1.0000000000000000       0.50000000000000000       0.50000000000000000     
         1.0000000000000000        1.0000000000000000       0.50000000000000000     
         1.0000000000000000       0.50000000000000000        1.0000000000000000     

 !NewElementMapDefinition
         192         384
         1.0000000000000000        0.0000000000000000        0.0000000000000000     
         1.0000000000000000        1.0000000000000000        0.0000000000000000     
         1.0000000000000000        0.0000000000000000        1.0000000000000000     
         1.0000000000000000        1.0000000000000000        1.0000000000000000     
         1.0000000000000000       0.50000000000000000        0.0000000000000000     
         1.0000000000000000        0.0000000000000000       0.50000000000000000     
         1.0000000000000000       0.50000000000000000       0.50000000000000000     
         1.0000000000000000        1.0000000000000000       0.50000000000000000     
         1.0000000000000000       0.50000000000000000        1.0000000000000000     

 !NewElementMapDefinition
         193         386
         1.0000000000000000        0.0000000000000000        0.0000000000000000     
         1.0000000000000000        1.0000000000000000        0.0000000000000000     
         1.0000000000000000        0.0000000000000000        1.0000000000000000     
         1.0000000000000000        1.0000000000000000        1.0000000000000000     
         1.0000000000000000       0.50000000000000000        0.0000000000000000     
         1.0000000000000000        0.0000000000000000       0.50000000000000000     
         1.0000000000000000       0.50000000000000000       0.50000000000000000     
         1.0000000000000000        1.0000000000000000       0.50000000000000000     
         1.0000000000000000       0.50000000000000000        1.0000000000000000     

 !NewElementMapDefinition
         194         388
         1.0000000000000000        0.0000000000000000        0.0000000000000000     
         1.0000000000000000        1.0000000000000000        0.0000000000000000     
         1.0000000000000000        0.0000000000000000        1.0000000000000000     
         1.0000000000000000        1.0000000000000000        1.0000000000000000     
         1.0000000000000000       0.50000000000000000        0.0000000000000000     
         1.0000000000000000        0.0000000000000000       0.50000000000000000     
         1.0000000000000000       0.50000000000000000       0.50000000000000000     
         1.0000000000000000        1.0000000000000000       0.50000000000000000     
         1.0000000000000000       0.50000000000000000        1.0000000000000000     

 !NewElementMapDefinition
         195         390
         1.0000000000000000        0.0000000000000000        0.0000000000000000     
         1.0000000000000000        1.0000000000000000        0.0000000000000000     
         1.0000000000000000        0.0000000000000000        1.0000000000000000     
         1.0000000000000000        1.0000000000000000        1.0000000000000000     
         1.0000000000000000       0.50000000000000000        0.0000000000000000     
         1.0000000000000000        0.0000000000000000       0.50000000000000000     
         1.0000000000000000       0.50000000000000000       0.50000000000000000     
         1.0000000000000000        1.0000000000000000       0.50000000000000000     
         1.0000000000000000       0.50000000000000000        1.0000000000000000     

 !NewElementMapDefinition
         196         392
         1.0000000000000000        0.0000000000000000        0.0000000000000000     
         1.0000000000000000        1.0000000000000000        0.0000000000000000     
         1.0000000000000000        0.0000000000000000        1.0000000000000000     
         1.0000000000000000        1.0000000000000000        1.0000000000000000     
         1.0000000000000000       0.50000000000000000        0.0000000000000000     
         1.0000000000000000        0.0000000000000000       0.50000000000000000     
         1.0000000000000000       0.50000000000000000       0.50000000000000000     
         1.0000000000000000        1.0000000000000000       0.50000000000000000     
         1.0000000000000000       0.50000000000000000        1.0000000000000000     

 !NewElementMapDefinition
         197         394
         1.0000000000000000        0.0000000000000000        0.0000000000000000     
         1.0000000000000000        1.0000000000000000        0.0000000000000000     
         1.0000000000000000        0.0000000000000000        1.0000000000000000     
         1.0000000000000000        1.0000000000000000        1.0000000000000000     
         1.0000000000000000       0.50000000000000000        0.0000000000000000     
         1.0000000000000000        0.0000000000000000       0.50000000000000000     
         1.0000000000000000       0.50000000000000000       0.50000000000000000     
         1.0000000000000000        1.0000000000000000       0.50000000000000000     
         1.0000000000000000       0.50000000000000000        1.0000000000000000     

 !NewElementMapDefinition
         198         396
         1.0000000000000000        0.0000000000000000        0.0000000000000000     
         1.0000000000000000        1.0000000000000000        0.0000000000000000     
         1.0000000000000000        0.0000000000000000        1.0000000000000000     
         1.0000000000000000        1.0000000000000000        1.0000000000000000     
         1.0000000000000000       0.50000000000000000        0.0000000000000000     
         1.0000000000000000        0.0000000000000000       0.50000000000000000     
         1.0000000000000000       0.50000000000000000       0.50000000000000000     
         1.0000000000000000        1.0000000000000000       0.50000000000000000     
         1.0000000000000000       0.50000000000000000        1.0000000000000000     

 !NewElementMapDefinition
         199         398
         1.0000000000000000        0.0000000000000000        0.0000000000000000     
         1.0000000000000000        1.0000000000000000        0.0000000000000000     
         1.0000000000000000        0.0000000000000000        1.0000000000000000     
         1.0000000000000000        1.0000000000000000        1.0000000000000000     
         1.0000000000000000       0.50000000000000000        0.0000000000000000     
         1.0000000000000000        0.0000000000000000       0.50000000000000000     
         1.0000000000000000       0.50000000000000000       0.50000000000000000     
         1.0000000000000000        1.0000000000000000       0.50000000000000000     
         1.0000000000000000       0.50000000000000000        1.0000000000000000     

 !NewElementMapDefinition
         200         400
         1.0000000000000000        0.0000000000000000        0.0000000000000000     
         1.0000000000000000        1.0000000000000000        0.0000000000000000     
         1.0000000000000000        0.0000000000000000        1.0000000000000000     
         1.0000000000000000        1.0000000000000000        1.0000000000000000     
         1.0000000000000000       0.50000000000000000        0.0000000000000000     
         1.0000000000000000        0.0000000000000000       0.50000000000000000     
         1.0000000000000000       0.50000000000000000       0.50000000000000000     
         1.0000000000000000        1.0000000000000000       0.50000000000000000     
         1.0000000000000000       0.50000000000000000        1.0000000000000000     

 !NewElementMapDefinition
         201         402
         1.0000000000000000        0.0000000000000000        0.0000000000000000     
         1.0000000000000000        1.0000000000000000        0.0000000000000000     
         1.0000000000000000        0.0000000000000000        1.0000000000000000     
         1.0000000000000000        1.0000000000000000        1.0000000000000000     
         1.0000000000000000       0.50000000000000000        0.0000000000000000     
         1.0000000000000000        0.0000000000000000       0.50000000000000000     
         1.0000000000000000       0.50000000000000000       0.50000000000000000     
         1.0000000000000000        1.0000000000000000       0.50000000000000000     
         1.0000000000000000       0.50000000000000000        1.0000000000000000     

 !NewElementMapDefinition
         202         404
         1.0000000000000000        0.0000000000000000        0.0000000000000000     
         1.0000000000000000        1.0000000000000000        0.0000000000000000     
         1.0000000000000000        0.0000000000000000        1.0000000000000000     
         1.0000000000000000        1.0000000000000000        1.0000000000000000     
         1.0000000000000000       0.50000000000000000        0.0000000000000000     
         1.0000000000000000        0.0000000000000000       0.50000000000000000     
         1.0000000000000000       0.50000000000000000       0.50000000000000000     
         1.0000000000000000        1.0000000000000000       0.50000000000000000     
         1.0000000000000000       0.50000000000000000        1.0000000000000000     

 !NewElementMapDefinition
         203         406
         1.0000000000000000        0.0000000000000000        0.0000000000000000     
         1.0000000000000000        1.0000000000000000        0.0000000000000000     
         1.0000000000000000        0.0000000000000000        1.0000000000000000     
         1.0000000000000000        1.0000000000000000        1.0000000000000000     
         1.0000000000000000       0.50000000000000000        0.0000000000000000     
         1.0000000000000000        0.0000000000000000       0.50000000000000000     
         1.0000000000000000       0.50000000000000000       0.50000000000000000     
         1.0000000000000000        1.0000000000000000       0.50000000000000000     
         1.0000000000000000       0.50000000000000000        1.0000000000000000     

 !NewElementMapDefinition
         204         408
         1.0000000000000000        0.0000000000000000        0.0000000000000000     
         1.0000000000000000        1.0000000000000000        0.0000000000000000     
         1.0000000000000000        0.0000000000000000        1.0000000000000000     
         1.0000000000000000        1.0000000000000000        1.0000000000000000     
         1.0000000000000000       0.50000000000000000        0.0000000000000000     
         1.0000000000000000        0.0000000000000000       0.50000000000000000     
         1.0000000000000000       0.50000000000000000       0.50000000000000000     
         1.0000000000000000        1.0000000000000000       0.50000000000000000     
         1.0000000000000000       0.50000000000000000        1.0000000000000000     

 !NewElementMapDefinition
         205         410
         1.0000000000000000        0.0000000000000000        0.0000000000000000     
         1.0000000000000000        1.0000000000000000        0.0000000000000000     
         1.0000000000000000        0.0000000000000000        1.0000000000000000     
         1.0000000000000000        1.0000000000000000        1.0000000000000000     
         1.0000000000000000       0.50000000000000000        0.0000000000000000     
         1.0000000000000000        0.0000000000000000       0.50000000000000000     
         1.0000000000000000       0.50000000000000000       0.50000000000000000     
         1.0000000000000000        1.0000000000000000       0.50000000000000000     
         1.0000000000000000       0.50000000000000000        1.0000000000000000     

 !NewElementMapDefinition
         206         412
         1.0000000000000000        0.0000000000000000        0.0000000000000000     
         1.0000000000000000        1.0000000000000000        0.0000000000000000     
         1.0000000000000000        0.0000000000000000        1.0000000000000000     
         1.0000000000000000        1.0000000000000000        1.0000000000000000     
         1.0000000000000000       0.50000000000000000        0.0000000000000000     
         1.0000000000000000        0.0000000000000000       0.50000000000000000     
         1.0000000000000000       0.50000000000000000       0.50000000000000000     
         1.0000000000000000        1.0000000000000000       0.50000000000000000     
         1.0000000000000000       0.50000000000000000        1.0000000000000000     

 !NewElementMapDefinition
         207         414
         1.0000000000000000        0.0000000000000000        0.0000000000000000     
         1.0000000000000000        1.0000000000000000        0.0000000000000000     
         1.0000000000000000        0.0000000000000000        1.0000000000000000     
         1.0000000000000000        1.0000000000000000        1.0000000000000000     
         1.0000000000000000       0.50000000000000000        0.0000000000000000     
         1.0000000000000000        0.0000000000000000       0.50000000000000000     
         1.0000000000000000       0.50000000000000000       0.50000000000000000     
         1.0000000000000000        1.0000000000000000       0.50000000000000000     
         1.0000000000000000       0.50000000000000000        1.0000000000000000     

 !NewElementMapDefinition
         208         416
         1.0000000000000000        0.0000000000000000        0.0000000000000000     
         1.0000000000000000        1.0000000000000000        0.0000000000000000     
         1.0000000000000000        0.0000000000000000        1.0000000000000000     
         1.0000000000000000        1.0000000000000000        1.0000000000000000     
         1.0000000000000000       0.50000000000000000        0.0000000000000000     
         1.0000000000000000        0.0000000000000000       0.50000000000000000     
         1.0000000000000000       0.50000000000000000       0.50000000000000000     
         1.0000000000000000        1.0000000000000000       0.50000000000000000     
         1.0000000000000000       0.50000000000000000        1.0000000000000000     

 !NewElementMapDefinition
         209         418
         1.0000000000000000        0.0000000000000000        0.0000000000000000     
         1.0000000000000000        1.0000000000000000        0.0000000000000000     
         1.0000000000000000        0.0000000000000000        1.0000000000000000     
         1.0000000000000000        1.0000000000000000        1.0000000000000000     
         1.0000000000000000       0.50000000000000000        0.0000000000000000     
         1.0000000000000000        0.0000000000000000       0.50000000000000000     
         1.0000000000000000       0.50000000000000000       0.50000000000000000     
         1.0000000000000000        1.0000000000000000       0.50000000000000000     
         1.0000000000000000       0.50000000000000000        1.0000000000000000     

 !NewElementMapDefinition
         210         420
         1.0000000000000000        0.0000000000000000        0.0000000000000000     
         1.0000000000000000        1.0000000000000000        0.0000000000000000     
         1.0000000000000000        0.0000000000000000        1.0000000000000000     
         1.0000000000000000        1.0000000000000000        1.0000000000000000     
         1.0000000000000000       0.50000000000000000        0.0000000000000000     
         1.0000000000000000        0.0000000000000000       0.50000000000000000     
         1.0000000000000000       0.50000000000000000       0.50000000000000000     
         1.0000000000000000        1.0000000000000000       0.50000000000000000     
         1.0000000000000000       0.50000000000000000        1.0000000000000000     

 !NewElementMapDefinition
         211         422
         1.0000000000000000        0.0000000000000000        0.0000000000000000     
         1.0000000000000000        1.0000000000000000        0.0000000000000000     
         1.0000000000000000        0.0000000000000000        1.0000000000000000     
         1.0000000000000000        1.0000000000000000        1.0000000000000000     
         1.0000000000000000       0.50000000000000000        0.0000000000000000     
         1.0000000000000000        0.0000000000000000       0.50000000000000000     
         1.0000000000000000       0.50000000000000000       0.50000000000000000     
         1.0000000000000000        1.0000000000000000       0.50000000000000000     
         1.0000000000000000       0.50000000000000000        1.0000000000000000     

 !NewElementMapDefinition
         212         424
         1.0000000000000000        0.0000000000000000        0.0000000000000000     
         1.0000000000000000        1.0000000000000000        0.0000000000000000     
         1.0000000000000000        0.0000000000000000        1.0000000000000000     
         1.0000000000000000        1.0000000000000000        1.0000000000000000     
         1.0000000000000000       0.50000000000000000        0.0000000000000000     
         1.0000000000000000        0.0000000000000000       0.50000000000000000     
         1.0000000000000000       0.50000000000000000       0.50000000000000000     
         1.0000000000000000        1.0000000000000000       0.50000000000000000     
         1.0000000000000000       0.50000000000000000        1.0000000000000000     

 !NewElementMapDefinition
         213         426
         1.0000000000000000        0.0000000000000000        0.0000000000000000     
         1.0000000000000000        1.0000000000000000        0.0000000000000000     
         1.0000000000000000        0.0000000000000000        1.0000000000000000     
         1.0000000000000000        1.0000000000000000        1.0000000000000000     
         1.0000000000000000       0.50000000000000000        0.0000000000000000     
         1.0000000000000000        0.0000000000000000       0.50000000000000000     
         1.0000000000000000       0.50000000000000000       0.50000000000000000     
         1.0000000000000000        1.0000000000000000       0.50000000000000000     
         1.0000000000000000       0.50000000000000000        1.0000000000000000     

 !NewElementMapDefinition
         214         428
         1.0000000000000000        0.0000000000000000        0.0000000000000000     
         1.0000000000000000        1.0000000000000000        0.0000000000000000     
         1.0000000000000000        0.0000000000000000        1.0000000000000000     
         1.0000000000000000        1.0000000000000000        1.0000000000000000     
         1.0000000000000000       0.50000000000000000        0.0000000000000000     
         1.0000000000000000        0.0000000000000000       0.50000000000000000     
         1.0000000000000000       0.50000000000000000       0.50000000000000000     
         1.0000000000000000        1.0000000000000000       0.50000000000000000     
         1.0000000000000000       0.50000000000000000        1.0000000000000000     

 !NewElementMapDefinition
         215         430
         1.0000000000000000        0.0000000000000000        0.0000000000000000     
         1.0000000000000000        1.0000000000000000        0.0000000000000000     
         1.0000000000000000        0.0000000000000000        1.0000000000000000     
         1.0000000000000000        1.0000000000000000        1.0000000000000000     
         1.0000000000000000       0.50000000000000000        0.0000000000000000     
         1.0000000000000000        0.0000000000000000       0.50000000000000000     
         1.0000000000000000       0.50000000000000000       0.50000000000000000     
         1.0000000000000000        1.0000000000000000       0.50000000000000000     
         1.0000000000000000       0.50000000000000000        1.0000000000000000     

 !NewElementMapDefinition
         216         432
         1.0000000000000000        0.0000000000000000        0.0000000000000000     
         1.0000000000000000        1.0000000000000000        0.0000000000000000     
         1.0000000000000000        0.0000000000000000        1.0000000000000000     
         1.0000000000000000        1.0000000000000000        1.0000000000000000     
         1.0000000000000000       0.50000000000000000        0.0000000000000000     
         1.0000000000000000        0.0000000000000000       0.50000000000000000     
         1.0000000000000000       0.50000000000000000       0.50000000000000000     
         1.0000000000000000        1.0000000000000000       0.50000000000000000     
         1.0000000000000000       0.50000000000000000        1.0000000000000000     

 !NewElementMapDefinition
         217         434
         1.0000000000000000        0.0000000000000000        0.0000000000000000     
         1.0000000000000000        1.0000000000000000        0.0000000000000000     
         1.0000000000000000        0.0000000000000000        1.0000000000000000     
         1.0000000000000000        1.0000000000000000        1.0000000000000000     
         1.0000000000000000       0.50000000000000000        0.0000000000000000     
         1.0000000000000000        0.0000000000000000       0.50000000000000000     
         1.0000000000000000       0.50000000000000000       0.50000000000000000     
         1.0000000000000000        1.0000000000000000       0.50000000000000000     
         1.0000000000000000       0.50000000000000000        1.0000000000000000     

 !NewElementMapDefinition
         218         436
         1.0000000000000000        0.0000000000000000        0.0000000000000000     
         1.0000000000000000        1.0000000000000000        0.0000000000000000     
         1.0000000000000000        0.0000000000000000        1.0000000000000000     
         1.0000000000000000        1.0000000000000000        1.0000000000000000     
         1.0000000000000000       0.50000000000000000        0.0000000000000000     
         1.0000000000000000        0.0000000000000000       0.50000000000000000     
         1.0000000000000000       0.50000000000000000       0.50000000000000000     
         1.0000000000000000        1.0000000000000000       0.50000000000000000     
         1.0000000000000000       0.50000000000000000        1.0000000000000000     

 !NewElementMapDefinition
         219         438
         1.0000000000000000        0.0000000000000000        0.0000000000000000     
         1.0000000000000000        1.0000000000000000        0.0000000000000000     
         1.0000000000000000        0.0000000000000000        1.0000000000000000     
         1.0000000000000000        1.0000000000000000        1.0000000000000000     
         1.0000000000000000       0.50000000000000000        0.0000000000000000     
         1.0000000000000000        0.0000000000000000       0.50000000000000000     
         1.0000000000000000       0.50000000000000000       0.50000000000000000     
         1.0000000000000000        1.0000000000000000       0.50000000000000000     
         1.0000000000000000       0.50000000000000000        1.0000000000000000     

 !NewElementMapDefinition
         220         440
         1.0000000000000000        0.0000000000000000        0.0000000000000000     
         1.0000000000000000        1.0000000000000000        0.0000000000000000     
         1.0000000000000000        0.0000000000000000        1.0000000000000000     
         1.0000000000000000        1.0000000000000000        1.0000000000000000     
         1.0000000000000000       0.50000000000000000        0.0000000000000000     
         1.0000000000000000        0.0000000000000000       0.50000000000000000     
         1.0000000000000000       0.50000000000000000       0.50000000000000000     
         1.0000000000000000        1.0000000000000000       0.50000000000000000     
         1.0000000000000000       0.50000000000000000        1.0000000000000000     

 !NewElementMapDefinition
         221         442
         1.0000000000000000        0.0000000000000000        0.0000000000000000     
         1.0000000000000000        1.0000000000000000        0.0000000000000000     
         1.0000000000000000        0.0000000000000000        1.0000000000000000     
         1.0000000000000000        1.0000000000000000        1.0000000000000000     
         1.0000000000000000       0.50000000000000000        0.0000000000000000     
         1.0000000000000000        0.0000000000000000       0.50000000000000000     
         1.0000000000000000       0.50000000000000000       0.50000000000000000     
         1.0000000000000000        1.0000000000000000       0.50000000000000000     
         1.0000000000000000       0.50000000000000000        1.0000000000000000     

 !NewElementMapDefinition
         222         444
         1.0000000000000000        0.0000000000000000        0.0000000000000000     
         1.0000000000000000        1.0000000000000000        0.0000000000000000     
         1.0000000000000000        0.0000000000000000        1.0000000000000000     
         1.0000000000000000        1.0000000000000000        1.0000000000000000     
         1.0000000000000000       0.50000000000000000        0.0000000000000000     
         1.0000000000000000        0.0000000000000000       0.50000000000000000     
         1.0000000000000000       0.50000000000000000       0.50000000000000000     
         1.0000000000000000        1.0000000000000000       0.50000000000000000     
         1.0000000000000000       0.50000000000000000        1.0000000000000000     

 !NewElementMapDefinition
         223         446
         1.0000000000000000        0.0000000000000000        0.0000000000000000     
         1.0000000000000000        1.0000000000000000        0.0000000000000000     
         1.0000000000000000        0.0000000000000000        1.0000000000000000     
         1.0000000000000000        1.0000000000000000        1.0000000000000000     
         1.0000000000000000       0.50000000000000000        0.0000000000000000     
         1.0000000000000000        0.0000000000000000       0.50000000000000000     
         1.0000000000000000       0.50000000000000000       0.50000000000000000     
         1.0000000000000000        1.0000000000000000       0.50000000000000000     
         1.0000000000000000       0.50000000000000000        1.0000000000000000     

 !NewElementMapDefinition
         224         448
         1.0000000000000000        0.0000000000000000        0.0000000000000000     
         1.0000000000000000        1.0000000000000000        0.0000000000000000     
         1.0000000000000000        0.0000000000000000        1.0000000000000000     
         1.0000000000000000        1.0000000000000000        1.0000000000000000     
         1.0000000000000000       0.50000000000000000        0.0000000000000000     
         1.0000000000000000        0.0000000000000000       0.50000000000000000     
         1.0000000000000000       0.50000000000000000       0.50000000000000000     
         1.0000000000000000        1.0000000000000000       0.50000000000000000     
         1.0000000000000000       0.50000000000000000        1.0000000000000000     

 !NewElementMapDefinition
         225         450
         1.0000000000000000        0.0000000000000000        0.0000000000000000     
         1.0000000000000000        1.0000000000000000        0.0000000000000000     
         1.0000000000000000        0.0000000000000000        1.0000000000000000     
         1.0000000000000000        1.0000000000000000        1.0000000000000000     
         1.0000000000000000       0.50000000000000000        0.0000000000000000     
         1.0000000000000000        0.0000000000000000       0.50000000000000000     
         1.0000000000000000       0.50000000000000000       0.50000000000000000     
         1.0000000000000000        1.0000000000000000       0.50000000000000000     
         1.0000000000000000       0.50000000000000000        1.0000000000000000     

 !NewElementMapDefinition
         226         452
         1.0000000000000000        0.0000000000000000        0.0000000000000000     
         1.0000000000000000        1.0000000000000000        0.0000000000000000     
         1.0000000000000000        0.0000000000000000        1.0000000000000000     
         1.0000000000000000        1.0000000000000000        1.0000000000000000     
         1.0000000000000000       0.50000000000000000        0.0000000000000000     
         1.0000000000000000        0.0000000000000000       0.50000000000000000     
         1.0000000000000000       0.50000000000000000       0.50000000000000000     
         1.0000000000000000        1.0000000000000000       0.50000000000000000     
         1.0000000000000000       0.50000000000000000        1.0000000000000000     

 !NewElementMapDefinition
         227         454
         1.0000000000000000        0.0000000000000000        0.0000000000000000     
         1.0000000000000000        1.0000000000000000        0.0000000000000000     
         1.0000000000000000        0.0000000000000000        1.0000000000000000     
         1.0000000000000000        1.0000000000000000        1.0000000000000000     
         1.0000000000000000       0.50000000000000000        0.0000000000000000     
         1.0000000000000000        0.0000000000000000       0.50000000000000000     
         1.0000000000000000       0.50000000000000000       0.50000000000000000     
         1.0000000000000000        1.0000000000000000       0.50000000000000000     
         1.0000000000000000       0.50000000000000000        1.0000000000000000     

 !NewElementMapDefinition
         228         456
         1.0000000000000000        0.0000000000000000        0.0000000000000000     
         1.0000000000000000        1.0000000000000000        0.0000000000000000     
         1.0000000000000000        0.0000000000000000        1.0000000000000000     
         1.0000000000000000        1.0000000000000000        1.0000000000000000     
         1.0000000000000000       0.50000000000000000        0.0000000000000000     
         1.0000000000000000        0.0000000000000000       0.50000000000000000     
         1.0000000000000000       0.50000000000000000       0.50000000000000000     
         1.0000000000000000        1.0000000000000000       0.50000000000000000     
         1.0000000000000000       0.50000000000000000        1.0000000000000000     

 !NewElementMapDefinition
         229         458
         1.0000000000000000        0.0000000000000000        0.0000000000000000     
         1.0000000000000000        1.0000000000000000        0.0000000000000000     
         1.0000000000000000        0.0000000000000000        1.0000000000000000     
         1.0000000000000000        1.0000000000000000        1.0000000000000000     
         1.0000000000000000       0.50000000000000000        0.0000000000000000     
         1.0000000000000000        0.0000000000000000       0.50000000000000000     
         1.0000000000000000       0.50000000000000000       0.50000000000000000     
         1.0000000000000000        1.0000000000000000       0.50000000000000000     
         1.0000000000000000       0.50000000000000000        1.0000000000000000     

 !NewElementMapDefinition
         230         460
         1.0000000000000000        0.0000000000000000        0.0000000000000000     
         1.0000000000000000        1.0000000000000000        0.0000000000000000     
         1.0000000000000000        0.0000000000000000        1.0000000000000000     
         1.0000000000000000        1.0000000000000000        1.0000000000000000     
         1.0000000000000000       0.50000000000000000        0.0000000000000000     
         1.0000000000000000        0.0000000000000000       0.50000000000000000     
         1.0000000000000000       0.50000000000000000       0.50000000000000000     
         1.0000000000000000        1.0000000000000000       0.50000000000000000     
         1.0000000000000000       0.50000000000000000        1.0000000000000000     

 !NewElementMapDefinition
         231         462
         1.0000000000000000        0.0000000000000000        0.0000000000000000     
         1.0000000000000000        1.0000000000000000        0.0000000000000000     
         1.0000000000000000        0.0000000000000000        1.0000000000000000     
         1.0000000000000000        1.0000000000000000        1.0000000000000000     
         1.0000000000000000       0.50000000000000000        0.0000000000000000     
         1.0000000000000000        0.0000000000000000       0.50000000000000000     
         1.0000000000000000       0.50000000000000000       0.50000000000000000     
         1.0000000000000000        1.0000000000000000       0.50000000000000000     
         1.0000000000000000       0.50000000000000000        1.0000000000000000     

 !NewElementMapDefinition
         232         464
         1.0000000000000000        0.0000000000000000        0.0000000000000000     
         1.0000000000000000        1.0000000000000000        0.0000000000000000     
         1.0000000000000000        0.0000000000000000        1.0000000000000000     
         1.0000000000000000        1.0000000000000000        1.0000000000000000     
         1.0000000000000000       0.50000000000000000        0.0000000000000000     
         1.0000000000000000        0.0000000000000000       0.50000000000000000     
         1.0000000000000000       0.50000000000000000       0.50000000000000000     
         1.0000000000000000        1.0000000000000000       0.50000000000000000     
         1.0000000000000000       0.50000000000000000        1.0000000000000000     

 !NewElementMapDefinition
         233         466
         1.0000000000000000        0.0000000000000000        0.0000000000000000     
         1.0000000000000000        1.0000000000000000        0.0000000000000000     
         1.0000000000000000        0.0000000000000000        1.0000000000000000     
         1.0000000000000000        1.0000000000000000        1.0000000000000000     
         1.0000000000000000       0.50000000000000000        0.0000000000000000     
         1.0000000000000000        0.0000000000000000       0.50000000000000000     
         1.0000000000000000       0.50000000000000000       0.50000000000000000     
         1.0000000000000000        1.0000000000000000       0.50000000000000000     
         1.0000000000000000       0.50000000000000000        1.0000000000000000     

 !NewElementMapDefinition
         234         468
         1.0000000000000000        0.0000000000000000        0.0000000000000000     
         1.0000000000000000        1.0000000000000000        0.0000000000000000     
         1.0000000000000000        0.0000000000000000        1.0000000000000000     
         1.0000000000000000        1.0000000000000000        1.0000000000000000     
         1.0000000000000000       0.50000000000000000        0.0000000000000000     
         1.0000000000000000        0.0000000000000000       0.50000000000000000     
         1.0000000000000000       0.50000000000000000       0.50000000000000000     
         1.0000000000000000        1.0000000000000000       0.50000000000000000     
         1.0000000000000000       0.50000000000000000        1.0000000000000000     

 !NewElementMapDefinition
         235         470
         1.0000000000000000        0.0000000000000000        0.0000000000000000     
         1.0000000000000000        1.0000000000000000        0.0000000000000000     
         1.0000000000000000        0.0000000000000000        1.0000000000000000     
         1.0000000000000000        1.0000000000000000        1.0000000000000000     
         1.0000000000000000       0.50000000000000000        0.0000000000000000     
         1.0000000000000000        0.0000000000000000       0.50000000000000000     
         1.0000000000000000       0.50000000000000000       0.50000000000000000     
         1.0000000000000000        1.0000000000000000       0.50000000000000000     
         1.0000000000000000       0.50000000000000000        1.0000000000000000     

 !NewElementMapDefinition
         236         472
         1.0000000000000000        0.0000000000000000        0.0000000000000000     
         1.0000000000000000        1.0000000000000000        0.0000000000000000     
         1.0000000000000000        0.0000000000000000        1.0000000000000000     
         1.0000000000000000        1.0000000000000000        1.0000000000000000     
         1.0000000000000000       0.50000000000000000        0.0000000000000000     
         1.0000000000000000        0.0000000000000000       0.50000000000000000     
         1.0000000000000000       0.50000000000000000       0.50000000000000000     
         1.0000000000000000        1.0000000000000000       0.50000000000000000     
         1.0000000000000000       0.50000000000000000        1.0000000000000000     

 !NewElementMapDefinition
         237         474
         1.0000000000000000        0.0000000000000000        0.0000000000000000     
         1.0000000000000000        1.0000000000000000        0.0000000000000000     
         1.0000000000000000        0.0000000000000000        1.0000000000000000     
         1.0000000000000000        1.0000000000000000        1.0000000000000000     
         1.0000000000000000       0.50000000000000000        0.0000000000000000     
         1.0000000000000000        0.0000000000000000       0.50000000000000000     
         1.0000000000000000       0.50000000000000000       0.50000000000000000     
         1.0000000000000000        1.0000000000000000       0.50000000000000000     
         1.0000000000000000       0.50000000000000000        1.0000000000000000     

 !NewElementMapDefinition
         238         476
         1.0000000000000000        0.0000000000000000        0.0000000000000000     
         1.0000000000000000        1.0000000000000000        0.0000000000000000     
         1.0000000000000000        0.0000000000000000        1.0000000000000000     
         1.0000000000000000        1.0000000000000000        1.0000000000000000     
         1.0000000000000000       0.50000000000000000        0.0000000000000000     
         1.0000000000000000        0.0000000000000000       0.50000000000000000     
         1.0000000000000000       0.50000000000000000       0.50000000000000000     
         1.0000000000000000        1.0000000000000000       0.50000000000000000     
         1.0000000000000000       0.50000000000000000        1.0000000000000000     

 !NewElementMapDefinition
         239         478
         1.0000000000000000        0.0000000000000000        0.0000000000000000     
         1.0000000000000000        1.0000000000000000        0.0000000000000000     
         1.0000000000000000        0.0000000000000000        1.0000000000000000     
         1.0000000000000000        1.0000000000000000        1.0000000000000000     
         1.0000000000000000       0.50000000000000000        0.0000000000000000     
         1.0000000000000000        0.0000000000000000       0.50000000000000000     
         1.0000000000000000       0.50000000000000000       0.50000000000000000     
         1.0000000000000000        1.0000000000000000       0.50000000000000000     
         1.0000000000000000       0.50000000000000000        1.0000000000000000     

 !NewElementMapDefinition
         240         480
         1.0000000000000000        0.0000000000000000        0.0000000000000000     
         1.0000000000000000        1.0000000000000000        0.0000000000000000     
         1.0000000000000000        0.0000000000000000        1.0000000000000000     
         1.0000000000000000        1.0000000000000000        1.0000000000000000     
         1.0000000000000000       0.50000000000000000        0.0000000000000000     
         1.0000000000000000        0.0000000000000000       0.50000000000000000     
         1.0000000000000000       0.50000000000000000       0.50000000000000000     
         1.0000000000000000        1.0000000000000000       0.50000000000000000     
         1.0000000000000000       0.50000000000000000        1.0000000000000000     

 !NewElementMapDefinition
         241         482
         1.0000000000000000        0.0000000000000000        0.0000000000000000     
         1.0000000000000000        1.0000000000000000        0.0000000000000000     
         1.0000000000000000        0.0000000000000000        1.0000000000000000     
         1.0000000000000000        1.0000000000000000        1.0000000000000000     
         1.0000000000000000       0.50000000000000000        0.0000000000000000     
         1.0000000000000000        0.0000000000000000       0.50000000000000000     
         1.0000000000000000       0.50000000000000000       0.50000000000000000     
         1.0000000000000000        1.0000000000000000       0.50000000000000000     
         1.0000000000000000       0.50000000000000000        1.0000000000000000     

 !NewElementMapDefinition
         242         484
         1.0000000000000000        0.0000000000000000        0.0000000000000000     
         1.0000000000000000        1.0000000000000000        0.0000000000000000     
         1.0000000000000000        0.0000000000000000        1.0000000000000000     
         1.0000000000000000        1.0000000000000000        1.0000000000000000     
         1.0000000000000000       0.50000000000000000        0.0000000000000000     
         1.0000000000000000        0.0000000000000000       0.50000000000000000     
         1.0000000000000000       0.50000000000000000       0.50000000000000000     
         1.0000000000000000        1.0000000000000000       0.50000000000000000     
         1.0000000000000000       0.50000000000000000        1.0000000000000000     

 !NewElementMapDefinition
         243         486
         1.0000000000000000        0.0000000000000000        0.0000000000000000     
         1.0000000000000000        1.0000000000000000        0.0000000000000000     
         1.0000000000000000        0.0000000000000000        1.0000000000000000     
         1.0000000000000000        1.0000000000000000        1.0000000000000000     
         1.0000000000000000       0.50000000000000000        0.0000000000000000     
         1.0000000000000000        0.0000000000000000       0.50000000000000000     
         1.0000000000000000       0.50000000000000000       0.50000000000000000     
         1.0000000000000000        1.0000000000000000       0.50000000000000000     
         1.0000000000000000       0.50000000000000000        1.0000000000000000     

 !NewElementMapDefinition
         244         488
         1.0000000000000000        0.0000000000000000        0.0000000000000000     
         1.0000000000000000        1.0000000000000000        0.0000000000000000     
         1.0000000000000000        0.0000000000000000        1.0000000000000000     
         1.0000000000000000        1.0000000000000000        1.0000000000000000     
         1.0000000000000000       0.50000000000000000        0.0000000000000000     
         1.0000000000000000        0.0000000000000000       0.50000000000000000     
         1.0000000000000000       0.50000000000000000       0.50000000000000000     
         1.0000000000000000        1.0000000000000000       0.50000000000000000     
         1.0000000000000000       0.50000000000000000        1.0000000000000000     

 !NewElementMapDefinition
         245         490
         1.0000000000000000        0.0000000000000000        0.0000000000000000     
         1.0000000000000000        1.0000000000000000        0.0000000000000000     
         1.0000000000000000        0.0000000000000000        1.0000000000000000     
         1.0000000000000000        1.0000000000000000        1.0000000000000000     
         1.0000000000000000       0.50000000000000000        0.0000000000000000     
         1.0000000000000000        0.0000000000000000       0.50000000000000000     
         1.0000000000000000       0.50000000000000000       0.50000000000000000     
         1.0000000000000000        1.0000000000000000       0.50000000000000000     
         1.0000000000000000       0.50000000000000000        1.0000000000000000     

 !NewElementMapDefinition
         246         492
         1.0000000000000000        0.0000000000000000        0.0000000000000000     
         1.0000000000000000        1.0000000000000000        0.0000000000000000     
         1.0000000000000000        0.0000000000000000        1.0000000000000000     
         1.0000000000000000        1.0000000000000000        1.0000000000000000     
         1.0000000000000000       0.50000000000000000        0.0000000000000000     
         1.0000000000000000        0.0000000000000000       0.50000000000000000     
         1.0000000000000000       0.50000000000000000       0.50000000000000000     
         1.0000000000000000        1.0000000000000000       0.50000000000000000     
         1.0000000000000000       0.50000000000000000        1.0000000000000000     

 !NewElementMapDefinition
         247         494
         1.0000000000000000        0.0000000000000000        0.0000000000000000     
         1.0000000000000000        1.0000000000000000        0.0000000000000000     
         1.0000000000000000        0.0000000000000000        1.0000000000000000     
         1.0000000000000000        1.0000000000000000        1.0000000000000000     
         1.0000000000000000       0.50000000000000000        0.0000000000000000     
         1.0000000000000000        0.0000000000000000       0.50000000000000000     
         1.0000000000000000       0.50000000000000000       0.50000000000000000     
         1.0000000000000000        1.0000000000000000       0.50000000000000000     
         1.0000000000000000       0.50000000000000000        1.0000000000000000     

 !NewElementMapDefinition
         248         496
         1.0000000000000000        0.0000000000000000        0.0000000000000000     
         1.0000000000000000        1.0000000000000000        0.0000000000000000     
         1.0000000000000000        0.0000000000000000        1.0000000000000000     
         1.0000000000000000        1.0000000000000000        1.0000000000000000     
         1.0000000000000000       0.50000000000000000        0.0000000000000000     
         1.0000000000000000        0.0000000000000000       0.50000000000000000     
         1.0000000000000000       0.50000000000000000       0.50000000000000000     
         1.0000000000000000        1.0000000000000000       0.50000000000000000     
         1.0000000000000000       0.50000000000000000        1.0000000000000000     

 !NewElementMapDefinition
         249         498
         1.0000000000000000        0.0000000000000000        0.0000000000000000     
         1.0000000000000000        1.0000000000000000        0.0000000000000000     
         1.0000000000000000        0.0000000000000000        1.0000000000000000     
         1.0000000000000000        1.0000000000000000        1.0000000000000000     
         1.0000000000000000       0.50000000000000000        0.0000000000000000     
         1.0000000000000000        0.0000000000000000       0.50000000000000000     
         1.0000000000000000       0.50000000000000000       0.50000000000000000     
         1.0000000000000000        1.0000000000000000       0.50000000000000000     
         1.0000000000000000       0.50000000000000000        1.0000000000000000     

 !NewElementMapDefinition
         250         500
         1.0000000000000000        0.0000000000000000        0.0000000000000000     
         1.0000000000000000        1.0000000000000000        0.0000000000000000     
         1.0000000000000000        0.0000000000000000        1.0000000000000000     
         1.0000000000000000        1.0000000000000000        1.0000000000000000     
         1.0000000000000000       0.50000000000000000        0.0000000000000000     
         1.0000000000000000        0.0000000000000000       0.50000000000000000     
         1.0000000000000000       0.50000000000000000       0.50000000000000000     
         1.0000000000000000        1.0000000000000000       0.50000000000000000     
         1.0000000000000000       0.50000000000000000        1.0000000000000000     

 !NewElementMapDefinition
         251         502
         1.0000000000000000        0.0000000000000000        0.0000000000000000     
         1.0000000000000000        1.0000000000000000        0.0000000000000000     
         1.0000000000000000        0.0000000000000000        1.0000000000000000     
         1.0000000000000000        1.0000000000000000        1.0000000000000000     
         1.0000000000000000       0.50000000000000000        0.0000000000000000     
         1.0000000000000000        0.0000000000000000       0.50000000000000000     
         1.0000000000000000       0.50000000000000000       0.50000000000000000     
         1.0000000000000000        1.0000000000000000       0.50000000000000000     
         1.0000000000000000       0.50000000000000000        1.0000000000000000     

 !NewElementMapDefinition
         252         504
         1.0000000000000000        0.0000000000000000        0.0000000000000000     
         1.0000000000000000        1.0000000000000000        0.0000000000000000     
         1.0000000000000000        0.0000000000000000        1.0000000000000000     
         1.0000000000000000        1.0000000000000000        1.0000000000000000     
         1.0000000000000000       0.50000000000000000        0.0000000000000000     
         1.0000000000000000        0.0000000000000000       0.50000000000000000     
         1.0000000000000000       0.50000000000000000       0.50000000000000000     
         1.0000000000000000        1.0000000000000000       0.50000000000000000     
         1.0000000000000000       0.50000000000000000        1.0000000000000000     

 !NewElementMapDefinition
         253         506
         1.0000000000000000        0.0000000000000000        0.0000000000000000     
         1.0000000000000000        1.0000000000000000        0.0000000000000000     
         1.0000000000000000        0.0000000000000000        1.0000000000000000     
         1.0000000000000000        1.0000000000000000        1.0000000000000000     
         1.0000000000000000       0.50000000000000000        0.0000000000000000     
         1.0000000000000000        0.0000000000000000       0.50000000000000000     
         1.0000000000000000       0.50000000000000000       0.50000000000000000     
         1.0000000000000000        1.0000000000000000       0.50000000000000000     
         1.0000000000000000       0.50000000000000000        1.0000000000000000     

 !NewElementMapDefinition
         254         508
         1.0000000000000000        0.0000000000000000        0.0000000000000000     
         1.0000000000000000        1.0000000000000000        0.0000000000000000     
         1.0000000000000000        0.0000000000000000        1.0000000000000000     
         1.0000000000000000        1.0000000000000000        1.0000000000000000     
         1.0000000000000000       0.50000000000000000        0.0000000000000000     
         1.0000000000000000        0.0000000000000000       0.50000000000000000     
         1.0000000000000000       0.50000000000000000       0.50000000000000000     
         1.0000000000000000        1.0000000000000000       0.50000000000000000     
         1.0000000000000000       0.50000000000000000        1.0000000000000000     

 !NewElementMapDefinition
         255         510
         1.0000000000000000        0.0000000000000000        0.0000000000000000     
         1.0000000000000000        1.0000000000000000        0.0000000000000000     
         1.0000000000000000        0.0000000000000000        1.0000000000000000     
         1.0000000000000000        1.0000000000000000        1.0000000000000000     
         1.0000000000000000       0.50000000000000000        0.0000000000000000     
         1.0000000000000000        0.0000000000000000       0.50000000000000000     
         1.0000000000000000       0.50000000000000000       0.50000000000000000     
         1.0000000000000000        1.0000000000000000       0.50000000000000000     
         1.0000000000000000       0.50000000000000000        1.0000000000000000     

 !NewElementMapDefinition
         256         512
         1.0000000000000000        0.0000000000000000        0.0000000000000000     
         1.0000000000000000        1.0000000000000000        0.0000000000000000     
         1.0000000000000000        0.0000000000000000        1.0000000000000000     
         1.0000000000000000        1.0000000000000000        1.0000000000000000     
         1.0000000000000000       0.50000000000000000        0.0000000000000000     
         1.0000000000000000        0.0000000000000000       0.50000000000000000     
         1.0000000000000000       0.50000000000000000       0.50000000000000000     
         1.0000000000000000        1.0000000000000000       0.50000000000000000     
         1.0000000000000000       0.50000000000000000        1.0000000000000000     

 !NewElementMapDefinition
         257         514
         1.0000000000000000        0.0000000000000000        0.0000000000000000     
         1.0000000000000000        1.0000000000000000        0.0000000000000000     
         1.0000000000000000        0.0000000000000000        1.0000000000000000     
         1.0000000000000000        1.0000000000000000        1.0000000000000000     
         1.0000000000000000       0.50000000000000000        0.0000000000000000     
         1.0000000000000000        0.0000000000000000       0.50000000000000000     
         1.0000000000000000       0.50000000000000000       0.50000000000000000     
         1.0000000000000000        1.0000000000000000       0.50000000000000000     
         1.0000000000000000       0.50000000000000000        1.0000000000000000     

 !NewElementMapDefinition
         258         516
         1.0000000000000000        0.0000000000000000        0.0000000000000000     
         1.0000000000000000        1.0000000000000000        0.0000000000000000     
         1.0000000000000000        0.0000000000000000        1.0000000000000000     
         1.0000000000000000        1.0000000000000000        1.0000000000000000     
         1.0000000000000000       0.50000000000000000        0.0000000000000000     
         1.0000000000000000        0.0000000000000000       0.50000000000000000     
         1.0000000000000000       0.50000000000000000       0.50000000000000000     
         1.0000000000000000        1.0000000000000000       0.50000000000000000     
         1.0000000000000000       0.50000000000000000        1.0000000000000000     

 !NewElementMapDefinition
         259         518
         1.0000000000000000        0.0000000000000000        0.0000000000000000     
         1.0000000000000000        1.0000000000000000        0.0000000000000000     
         1.0000000000000000        0.0000000000000000        1.0000000000000000     
         1.0000000000000000        1.0000000000000000        1.0000000000000000     
         1.0000000000000000       0.50000000000000000        0.0000000000000000     
         1.0000000000000000        0.0000000000000000       0.50000000000000000     
         1.0000000000000000       0.50000000000000000       0.50000000000000000     
         1.0000000000000000        1.0000000000000000       0.50000000000000000     
         1.0000000000000000       0.50000000000000000        1.0000000000000000     

 !NewElementMapDefinition
         260         520
         1.0000000000000000        0.0000000000000000        0.0000000000000000     
         1.0000000000000000        1.0000000000000000        0.0000000000000000     
         1.0000000000000000        0.0000000000000000        1.0000000000000000     
         1.0000000000000000        1.0000000000000000        1.0000000000000000     
         1.0000000000000000       0.50000000000000000        0.0000000000000000     
         1.0000000000000000        0.0000000000000000       0.50000000000000000     
         1.0000000000000000       0.50000000000000000       0.50000000000000000     
         1.0000000000000000        1.0000000000000000       0.50000000000000000     
         1.0000000000000000       0.50000000000000000        1.0000000000000000     

 !NewElementMapDefinition
         261         522
         1.0000000000000000        0.0000000000000000        0.0000000000000000     
         1.0000000000000000        1.0000000000000000        0.0000000000000000     
         1.0000000000000000        0.0000000000000000        1.0000000000000000     
         1.0000000000000000        1.0000000000000000        1.0000000000000000     
         1.0000000000000000       0.50000000000000000        0.0000000000000000     
         1.0000000000000000        0.0000000000000000       0.50000000000000000     
         1.0000000000000000       0.50000000000000000       0.50000000000000000     
         1.0000000000000000        1.0000000000000000       0.50000000000000000     
         1.0000000000000000       0.50000000000000000        1.0000000000000000     

 !NewElementMapDefinition
         262         524
         1.0000000000000000        0.0000000000000000        0.0000000000000000     
         1.0000000000000000        1.0000000000000000        0.0000000000000000     
         1.0000000000000000        0.0000000000000000        1.0000000000000000     
         1.0000000000000000        1.0000000000000000        1.0000000000000000     
         1.0000000000000000       0.50000000000000000        0.0000000000000000     
         1.0000000000000000        0.0000000000000000       0.50000000000000000     
         1.0000000000000000       0.50000000000000000       0.50000000000000000     
         1.0000000000000000        1.0000000000000000       0.50000000000000000     
         1.0000000000000000       0.50000000000000000        1.0000000000000000     

 !NewElementMapDefinition
         263         526
         1.0000000000000000        0.0000000000000000        0.0000000000000000     
         1.0000000000000000        1.0000000000000000        0.0000000000000000     
         1.0000000000000000        0.0000000000000000        1.0000000000000000     
         1.0000000000000000        1.0000000000000000        1.0000000000000000     
         1.0000000000000000       0.50000000000000000        0.0000000000000000     
         1.0000000000000000        0.0000000000000000       0.50000000000000000     
         1.0000000000000000       0.50000000000000000       0.50000000000000000     
         1.0000000000000000        1.0000000000000000       0.50000000000000000     
         1.0000000000000000       0.50000000000000000        1.0000000000000000     

 !NewElementMapDefinition
         264         528
         1.0000000000000000        0.0000000000000000        0.0000000000000000     
         1.0000000000000000        1.0000000000000000        0.0000000000000000     
         1.0000000000000000        0.0000000000000000        1.0000000000000000     
         1.0000000000000000        1.0000000000000000        1.0000000000000000     
         1.0000000000000000       0.50000000000000000        0.0000000000000000     
         1.0000000000000000        0.0000000000000000       0.50000000000000000     
         1.0000000000000000       0.50000000000000000       0.50000000000000000     
         1.0000000000000000        1.0000000000000000       0.50000000000000000     
         1.0000000000000000       0.50000000000000000        1.0000000000000000     

 !NewElementMapDefinition
         265         530
         1.0000000000000000        0.0000000000000000        0.0000000000000000     
         1.0000000000000000        1.0000000000000000        0.0000000000000000     
         1.0000000000000000        0.0000000000000000        1.0000000000000000     
         1.0000000000000000        1.0000000000000000        1.0000000000000000     
         1.0000000000000000       0.50000000000000000        0.0000000000000000     
         1.0000000000000000        0.0000000000000000       0.50000000000000000     
         1.0000000000000000       0.50000000000000000       0.50000000000000000     
         1.0000000000000000        1.0000000000000000       0.50000000000000000     
         1.0000000000000000       0.50000000000000000        1.0000000000000000     

 !NewElementMapDefinition
         266         532
         1.0000000000000000        0.0000000000000000        0.0000000000000000     
         1.0000000000000000        1.0000000000000000        0.0000000000000000     
         1.0000000000000000        0.0000000000000000        1.0000000000000000     
         1.0000000000000000        1.0000000000000000        1.0000000000000000     
         1.0000000000000000       0.50000000000000000        0.0000000000000000     
         1.0000000000000000        0.0000000000000000       0.50000000000000000     
         1.0000000000000000       0.50000000000000000       0.50000000000000000     
         1.0000000000000000        1.0000000000000000       0.50000000000000000     
         1.0000000000000000       0.50000000000000000        1.0000000000000000     

 !NewElementMapDefinition
         267         534
         1.0000000000000000        0.0000000000000000        0.0000000000000000     
         1.0000000000000000        1.0000000000000000        0.0000000000000000     
         1.0000000000000000        0.0000000000000000        1.0000000000000000     
         1.0000000000000000        1.0000000000000000        1.0000000000000000     
         1.0000000000000000       0.50000000000000000        0.0000000000000000     
         1.0000000000000000        0.0000000000000000       0.50000000000000000     
         1.0000000000000000       0.50000000000000000       0.50000000000000000     
         1.0000000000000000        1.0000000000000000       0.50000000000000000     
         1.0000000000000000       0.50000000000000000        1.0000000000000000     

 !NewElementMapDefinition
         268         536
         1.0000000000000000        0.0000000000000000        0.0000000000000000     
         1.0000000000000000        1.0000000000000000        0.0000000000000000     
         1.0000000000000000        0.0000000000000000        1.0000000000000000     
         1.0000000000000000        1.0000000000000000        1.0000000000000000     
         1.0000000000000000       0.50000000000000000        0.0000000000000000     
         1.0000000000000000        0.0000000000000000       0.50000000000000000     
         1.0000000000000000       0.50000000000000000       0.50000000000000000     
         1.0000000000000000        1.0000000000000000       0.50000000000000000     
         1.0000000000000000       0.50000000000000000        1.0000000000000000     

 !NewElementMapDefinition
         269         538
         1.0000000000000000        0.0000000000000000        0.0000000000000000     
         1.0000000000000000        1.0000000000000000        0.0000000000000000     
         1.0000000000000000        0.0000000000000000        1.0000000000000000     
         1.0000000000000000        1.0000000000000000        1.0000000000000000     
         1.0000000000000000       0.50000000000000000        0.0000000000000000     
         1.0000000000000000        0.0000000000000000       0.50000000000000000     
         1.0000000000000000       0.50000000000000000       0.50000000000000000     
         1.0000000000000000        1.0000000000000000       0.50000000000000000     
         1.0000000000000000       0.50000000000000000        1.0000000000000000     

 !NewElementMapDefinition
         270         540
         1.0000000000000000        0.0000000000000000        0.0000000000000000     
         1.0000000000000000        1.0000000000000000        0.0000000000000000     
         1.0000000000000000        0.0000000000000000        1.0000000000000000     
         1.0000000000000000        1.0000000000000000        1.0000000000000000     
         1.0000000000000000       0.50000000000000000        0.0000000000000000     
         1.0000000000000000        0.0000000000000000       0.50000000000000000     
         1.0000000000000000       0.50000000000000000       0.50000000000000000     
         1.0000000000000000        1.0000000000000000       0.50000000000000000     
         1.0000000000000000       0.50000000000000000        1.0000000000000000     

 !NewElementMapDefinition
         271         542
         1.0000000000000000        0.0000000000000000        0.0000000000000000     
         1.0000000000000000        1.0000000000000000        0.0000000000000000     
         1.0000000000000000        0.0000000000000000        1.0000000000000000     
         1.0000000000000000        1.0000000000000000        1.0000000000000000     
         1.0000000000000000       0.50000000000000000        0.0000000000000000     
         1.0000000000000000        0.0000000000000000       0.50000000000000000     
         1.0000000000000000       0.50000000000000000       0.50000000000000000     
         1.0000000000000000        1.0000000000000000       0.50000000000000000     
         1.0000000000000000       0.50000000000000000        1.0000000000000000     

 !NewElementMapDefinition
         272         544
         1.0000000000000000        0.0000000000000000        0.0000000000000000     
         1.0000000000000000        1.0000000000000000        0.0000000000000000     
         1.0000000000000000        0.0000000000000000        1.0000000000000000     
         1.0000000000000000        1.0000000000000000        1.0000000000000000     
         1.0000000000000000       0.50000000000000000        0.0000000000000000     
         1.0000000000000000        0.0000000000000000       0.50000000000000000     
         1.0000000000000000       0.50000000000000000       0.50000000000000000     
         1.0000000000000000        1.0000000000000000       0.50000000000000000     
         1.0000000000000000       0.50000000000000000        1.0000000000000000     

 !NewElementMapDefinition
         273         546
         1.0000000000000000        0.0000000000000000        0.0000000000000000     
         1.0000000000000000        1.0000000000000000        0.0000000000000000     
         1.0000000000000000        0.0000000000000000        1.0000000000000000     
         1.0000000000000000        1.0000000000000000        1.0000000000000000     
         1.0000000000000000       0.50000000000000000        0.0000000000000000     
         1.0000000000000000        0.0000000000000000       0.50000000000000000     
         1.0000000000000000       0.50000000000000000       0.50000000000000000     
         1.0000000000000000        1.0000000000000000       0.50000000000000000     
         1.0000000000000000       0.50000000000000000        1.0000000000000000     

 !NewElementMapDefinition
         274         548
         1.0000000000000000        0.0000000000000000        0.0000000000000000     
         1.0000000000000000        1.0000000000000000        0.0000000000000000     
         1.0000000000000000        0.0000000000000000        1.0000000000000000     
         1.0000000000000000        1.0000000000000000        1.0000000000000000     
         1.0000000000000000       0.50000000000000000        0.0000000000000000     
         1.0000000000000000        0.0000000000000000       0.50000000000000000     
         1.0000000000000000       0.50000000000000000       0.50000000000000000     
         1.0000000000000000        1.0000000000000000       0.50000000000000000     
         1.0000000000000000       0.50000000000000000        1.0000000000000000     

 !NewElementMapDefinition
         275         550
         1.0000000000000000        0.0000000000000000        0.0000000000000000     
         1.0000000000000000        1.0000000000000000        0.0000000000000000     
         1.0000000000000000        0.0000000000000000        1.0000000000000000     
         1.0000000000000000        1.0000000000000000        1.0000000000000000     
         1.0000000000000000       0.50000000000000000        0.0000000000000000     
         1.0000000000000000        0.0000000000000000       0.50000000000000000     
         1.0000000000000000       0.50000000000000000       0.50000000000000000     
         1.0000000000000000        1.0000000000000000       0.50000000000000000     
         1.0000000000000000       0.50000000000000000        1.0000000000000000     

 !NewElementMapDefinition
         276         552
         1.0000000000000000        0.0000000000000000        0.0000000000000000     
         1.0000000000000000        1.0000000000000000        0.0000000000000000     
         1.0000000000000000        0.0000000000000000        1.0000000000000000     
         1.0000000000000000        1.0000000000000000        1.0000000000000000     
         1.0000000000000000       0.50000000000000000        0.0000000000000000     
         1.0000000000000000        0.0000000000000000       0.50000000000000000     
         1.0000000000000000       0.50000000000000000       0.50000000000000000     
         1.0000000000000000        1.0000000000000000       0.50000000000000000     
         1.0000000000000000       0.50000000000000000        1.0000000000000000     

 !NewElementMapDefinition
         277         554
         1.0000000000000000        0.0000000000000000        0.0000000000000000     
         1.0000000000000000        1.0000000000000000        0.0000000000000000     
         1.0000000000000000        0.0000000000000000        1.0000000000000000     
         1.0000000000000000        1.0000000000000000        1.0000000000000000     
         1.0000000000000000       0.50000000000000000        0.0000000000000000     
         1.0000000000000000        0.0000000000000000       0.50000000000000000     
         1.0000000000000000       0.50000000000000000       0.50000000000000000     
         1.0000000000000000        1.0000000000000000       0.50000000000000000     
         1.0000000000000000       0.50000000000000000        1.0000000000000000     

 !NewElementMapDefinition
         278         556
         1.0000000000000000        0.0000000000000000        0.0000000000000000     
         1.0000000000000000        1.0000000000000000        0.0000000000000000     
         1.0000000000000000        0.0000000000000000        1.0000000000000000     
         1.0000000000000000        1.0000000000000000        1.0000000000000000     
         1.0000000000000000       0.50000000000000000        0.0000000000000000     
         1.0000000000000000        0.0000000000000000       0.50000000000000000     
         1.0000000000000000       0.50000000000000000       0.50000000000000000     
         1.0000000000000000        1.0000000000000000       0.50000000000000000     
         1.0000000000000000       0.50000000000000000        1.0000000000000000     

 !NewElementMapDefinition
         279         558
         1.0000000000000000        0.0000000000000000        0.0000000000000000     
         1.0000000000000000        1.0000000000000000        0.0000000000000000     
         1.0000000000000000        0.0000000000000000        1.0000000000000000     
         1.0000000000000000        1.0000000000000000        1.0000000000000000     
         1.0000000000000000       0.50000000000000000        0.0000000000000000     
         1.0000000000000000        0.0000000000000000       0.50000000000000000     
         1.0000000000000000       0.50000000000000000       0.50000000000000000     
         1.0000000000000000        1.0000000000000000       0.50000000000000000     
         1.0000000000000000       0.50000000000000000        1.0000000000000000     

 !NewElementMapDefinition
         280         560
         1.0000000000000000        0.0000000000000000        0.0000000000000000     
         1.0000000000000000        1.0000000000000000        0.0000000000000000     
         1.0000000000000000        0.0000000000000000        1.0000000000000000     
         1.0000000000000000        1.0000000000000000        1.0000000000000000     
         1.0000000000000000       0.50000000000000000        0.0000000000000000     
         1.0000000000000000        0.0000000000000000       0.50000000000000000     
         1.0000000000000000       0.50000000000000000       0.50000000000000000     
         1.0000000000000000        1.0000000000000000       0.50000000000000000     
         1.0000000000000000       0.50000000000000000        1.0000000000000000     

 !NewElementMapDefinition
         281         562
         1.0000000000000000        0.0000000000000000        0.0000000000000000     
         1.0000000000000000        1.0000000000000000        0.0000000000000000     
         1.0000000000000000        0.0000000000000000        1.0000000000000000     
         1.0000000000000000        1.0000000000000000        1.0000000000000000     
         1.0000000000000000       0.50000000000000000        0.0000000000000000     
         1.0000000000000000        0.0000000000000000       0.50000000000000000     
         1.0000000000000000       0.50000000000000000       0.50000000000000000     
         1.0000000000000000        1.0000000000000000       0.50000000000000000     
         1.0000000000000000       0.50000000000000000        1.0000000000000000     

 !NewElementMapDefinition
         282         564
         1.0000000000000000        0.0000000000000000        0.0000000000000000     
         1.0000000000000000        1.0000000000000000        0.0000000000000000     
         1.0000000000000000        0.0000000000000000        1.0000000000000000     
         1.0000000000000000        1.0000000000000000        1.0000000000000000     
         1.0000000000000000       0.50000000000000000        0.0000000000000000     
         1.0000000000000000        0.0000000000000000       0.50000000000000000     
         1.0000000000000000       0.50000000000000000       0.50000000000000000     
         1.0000000000000000        1.0000000000000000       0.50000000000000000     
         1.0000000000000000       0.50000000000000000        1.0000000000000000     

 !NewElementMapDefinition
         283         566
         1.0000000000000000        0.0000000000000000        0.0000000000000000     
         1.0000000000000000        1.0000000000000000        0.0000000000000000     
         1.0000000000000000        0.0000000000000000        1.0000000000000000     
         1.0000000000000000        1.0000000000000000        1.0000000000000000     
         1.0000000000000000       0.50000000000000000        0.0000000000000000     
         1.0000000000000000        0.0000000000000000       0.50000000000000000     
         1.0000000000000000       0.50000000000000000       0.50000000000000000     
         1.0000000000000000        1.0000000000000000       0.50000000000000000     
         1.0000000000000000       0.50000000000000000        1.0000000000000000     

 !NewElementMapDefinition
         284         568
         1.0000000000000000        0.0000000000000000        0.0000000000000000     
         1.0000000000000000        1.0000000000000000        0.0000000000000000     
         1.0000000000000000        0.0000000000000000        1.0000000000000000     
         1.0000000000000000        1.0000000000000000        1.0000000000000000     
         1.0000000000000000       0.50000000000000000        0.0000000000000000     
         1.0000000000000000        0.0000000000000000       0.50000000000000000     
         1.0000000000000000       0.50000000000000000       0.50000000000000000     
         1.0000000000000000        1.0000000000000000       0.50000000000000000     
         1.0000000000000000       0.50000000000000000        1.0000000000000000     

 !NewElementMapDefinition
         285         570
         1.0000000000000000        0.0000000000000000        0.0000000000000000     
         1.0000000000000000        1.0000000000000000        0.0000000000000000     
         1.0000000000000000        0.0000000000000000        1.0000000000000000     
         1.0000000000000000        1.0000000000000000        1.0000000000000000     
         1.0000000000000000       0.50000000000000000        0.0000000000000000     
         1.0000000000000000        0.0000000000000000       0.50000000000000000     
         1.0000000000000000       0.50000000000000000       0.50000000000000000     
         1.0000000000000000        1.0000000000000000       0.50000000000000000     
         1.0000000000000000       0.50000000000000000        1.0000000000000000     

 !NewElementMapDefinition
         286         572
         1.0000000000000000        0.0000000000000000        0.0000000000000000     
         1.0000000000000000        1.0000000000000000        0.0000000000000000     
         1.0000000000000000        0.0000000000000000        1.0000000000000000     
         1.0000000000000000        1.0000000000000000        1.0000000000000000     
         1.0000000000000000       0.50000000000000000        0.0000000000000000     
         1.0000000000000000        0.0000000000000000       0.50000000000000000     
         1.0000000000000000       0.50000000000000000       0.50000000000000000     
         1.0000000000000000        1.0000000000000000       0.50000000000000000     
         1.0000000000000000       0.50000000000000000        1.0000000000000000     

 !NewElementMapDefinition
         287         574
         1.0000000000000000        0.0000000000000000        0.0000000000000000     
         1.0000000000000000        1.0000000000000000        0.0000000000000000     
         1.0000000000000000        0.0000000000000000        1.0000000000000000     
         1.0000000000000000        1.0000000000000000        1.0000000000000000     
         1.0000000000000000       0.50000000000000000        0.0000000000000000     
         1.0000000000000000        0.0000000000000000       0.50000000000000000     
         1.0000000000000000       0.50000000000000000       0.50000000000000000     
         1.0000000000000000        1.0000000000000000       0.50000000000000000     
         1.0000000000000000       0.50000000000000000        1.0000000000000000     

 !NewElementMapDefinition
         288         576
         1.0000000000000000        0.0000000000000000        0.0000000000000000     
         1.0000000000000000        1.0000000000000000        0.0000000000000000     
         1.0000000000000000        0.0000000000000000        1.0000000000000000     
         1.0000000000000000        1.0000000000000000        1.0000000000000000     
         1.0000000000000000       0.50000000000000000        0.0000000000000000     
         1.0000000000000000        0.0000000000000000       0.50000000000000000     
         1.0000000000000000       0.50000000000000000       0.50000000000000000     
         1.0000000000000000        1.0000000000000000       0.50000000000000000     
         1.0000000000000000       0.50000000000000000        1.0000000000000000     

 !NewElementMapDefinition
         289         578
         1.0000000000000000        0.0000000000000000        0.0000000000000000     
         1.0000000000000000        1.0000000000000000        0.0000000000000000     
         1.0000000000000000        0.0000000000000000        1.0000000000000000     
         1.0000000000000000        1.0000000000000000        1.0000000000000000     
         1.0000000000000000       0.50000000000000000        0.0000000000000000     
         1.0000000000000000        0.0000000000000000       0.50000000000000000     
         1.0000000000000000       0.50000000000000000       0.50000000000000000     
         1.0000000000000000        1.0000000000000000       0.50000000000000000     
         1.0000000000000000       0.50000000000000000        1.0000000000000000     

 !NewElementMapDefinition
         290         580
         1.0000000000000000        0.0000000000000000        0.0000000000000000     
         1.0000000000000000        1.0000000000000000        0.0000000000000000     
         1.0000000000000000        0.0000000000000000        1.0000000000000000     
         1.0000000000000000        1.0000000000000000        1.0000000000000000     
         1.0000000000000000       0.50000000000000000        0.0000000000000000     
         1.0000000000000000        0.0000000000000000       0.50000000000000000     
         1.0000000000000000       0.50000000000000000       0.50000000000000000     
         1.0000000000000000        1.0000000000000000       0.50000000000000000     
         1.0000000000000000       0.50000000000000000        1.0000000000000000     

 !NewElementMapDefinition
         291         582
         1.0000000000000000        0.0000000000000000        0.0000000000000000     
         1.0000000000000000        1.0000000000000000        0.0000000000000000     
         1.0000000000000000        0.0000000000000000        1.0000000000000000     
         1.0000000000000000        1.0000000000000000        1.0000000000000000     
         1.0000000000000000       0.50000000000000000        0.0000000000000000     
         1.0000000000000000        0.0000000000000000       0.50000000000000000     
         1.0000000000000000       0.50000000000000000       0.50000000000000000     
         1.0000000000000000        1.0000000000000000       0.50000000000000000     
         1.0000000000000000       0.50000000000000000        1.0000000000000000     

 !NewElementMapDefinition
         292         584
         1.0000000000000000        0.0000000000000000        0.0000000000000000     
         1.0000000000000000        1.0000000000000000        0.0000000000000000     
         1.0000000000000000        0.0000000000000000        1.0000000000000000     
         1.0000000000000000        1.0000000000000000        1.0000000000000000     
         1.0000000000000000       0.50000000000000000        0.0000000000000000     
         1.0000000000000000        0.0000000000000000       0.50000000000000000     
         1.0000000000000000       0.50000000000000000       0.50000000000000000     
         1.0000000000000000        1.0000000000000000       0.50000000000000000     
         1.0000000000000000       0.50000000000000000        1.0000000000000000     

 !NewElementMapDefinition
         293         586
         1.0000000000000000        0.0000000000000000        0.0000000000000000     
         1.0000000000000000        1.0000000000000000        0.0000000000000000     
         1.0000000000000000        0.0000000000000000        1.0000000000000000     
         1.0000000000000000        1.0000000000000000        1.0000000000000000     
         1.0000000000000000       0.50000000000000000        0.0000000000000000     
         1.0000000000000000        0.0000000000000000       0.50000000000000000     
         1.0000000000000000       0.50000000000000000       0.50000000000000000     
         1.0000000000000000        1.0000000000000000       0.50000000000000000     
         1.0000000000000000       0.50000000000000000        1.0000000000000000     

 !NewElementMapDefinition
         294         588
         1.0000000000000000        0.0000000000000000        0.0000000000000000     
         1.0000000000000000        1.0000000000000000        0.0000000000000000     
         1.0000000000000000        0.0000000000000000        1.0000000000000000     
         1.0000000000000000        1.0000000000000000        1.0000000000000000     
         1.0000000000000000       0.50000000000000000        0.0000000000000000     
         1.0000000000000000        0.0000000000000000       0.50000000000000000     
         1.0000000000000000       0.50000000000000000       0.50000000000000000     
         1.0000000000000000        1.0000000000000000       0.50000000000000000     
         1.0000000000000000       0.50000000000000000        1.0000000000000000     

 !NewElementMapDefinition
         295         590
         1.0000000000000000        0.0000000000000000        0.0000000000000000     
         1.0000000000000000        1.0000000000000000        0.0000000000000000     
         1.0000000000000000        0.0000000000000000        1.0000000000000000     
         1.0000000000000000        1.0000000000000000        1.0000000000000000     
         1.0000000000000000       0.50000000000000000        0.0000000000000000     
         1.0000000000000000        0.0000000000000000       0.50000000000000000     
         1.0000000000000000       0.50000000000000000       0.50000000000000000     
         1.0000000000000000        1.0000000000000000       0.50000000000000000     
         1.0000000000000000       0.50000000000000000        1.0000000000000000     

 !NewElementMapDefinition
         296         592
         1.0000000000000000        0.0000000000000000        0.0000000000000000     
         1.0000000000000000        1.0000000000000000        0.0000000000000000     
         1.0000000000000000        0.0000000000000000        1.0000000000000000     
         1.0000000000000000        1.0000000000000000        1.0000000000000000     
         1.0000000000000000       0.50000000000000000        0.0000000000000000     
         1.0000000000000000        0.0000000000000000       0.50000000000000000     
         1.0000000000000000       0.50000000000000000       0.50000000000000000     
         1.0000000000000000        1.0000000000000000       0.50000000000000000     
         1.0000000000000000       0.50000000000000000        1.0000000000000000     

 !NewElementMapDefinition
         297         594
         1.0000000000000000        0.0000000000000000        0.0000000000000000     
         1.0000000000000000        1.0000000000000000        0.0000000000000000     
         1.0000000000000000        0.0000000000000000        1.0000000000000000     
         1.0000000000000000        1.0000000000000000        1.0000000000000000     
         1.0000000000000000       0.50000000000000000        0.0000000000000000     
         1.0000000000000000        0.0000000000000000       0.50000000000000000     
         1.0000000000000000       0.50000000000000000       0.50000000000000000     
         1.0000000000000000        1.0000000000000000       0.50000000000000000     
         1.0000000000000000       0.50000000000000000        1.0000000000000000     

 !NewElementMapDefinition
         298         596
         1.0000000000000000        0.0000000000000000        0.0000000000000000     
         1.0000000000000000        1.0000000000000000        0.0000000000000000     
         1.0000000000000000        0.0000000000000000        1.0000000000000000     
         1.0000000000000000        1.0000000000000000        1.0000000000000000     
         1.0000000000000000       0.50000000000000000        0.0000000000000000     
         1.0000000000000000        0.0000000000000000       0.50000000000000000     
         1.0000000000000000       0.50000000000000000       0.50000000000000000     
         1.0000000000000000        1.0000000000000000       0.50000000000000000     
         1.0000000000000000       0.50000000000000000        1.0000000000000000     

 !NewElementMapDefinition
         299         598
         1.0000000000000000        0.0000000000000000        0.0000000000000000     
         1.0000000000000000        1.0000000000000000        0.0000000000000000     
         1.0000000000000000        0.0000000000000000        1.0000000000000000     
         1.0000000000000000        1.0000000000000000        1.0000000000000000     
         1.0000000000000000       0.50000000000000000        0.0000000000000000     
         1.0000000000000000        0.0000000000000000       0.50000000000000000     
         1.0000000000000000       0.50000000000000000       0.50000000000000000     
         1.0000000000000000        1.0000000000000000       0.50000000000000000     
         1.0000000000000000       0.50000000000000000        1.0000000000000000     

 !NewElementMapDefinition
         300         600
         1.0000000000000000        0.0000000000000000        0.0000000000000000     
         1.0000000000000000        1.0000000000000000        0.0000000000000000     
         1.0000000000000000        0.0000000000000000        1.0000000000000000     
         1.0000000000000000        1.0000000000000000        1.0000000000000000     
         1.0000000000000000       0.50000000000000000        0.0000000000000000     
         1.0000000000000000        0.0000000000000000       0.50000000000000000     
         1.0000000000000000       0.50000000000000000       0.50000000000000000     
         1.0000000000000000        1.0000000000000000       0.50000000000000000     
         1.0000000000000000       0.50000000000000000        1.0000000000000000     

 !NewElementMapDefinition
         301         602
         1.0000000000000000        0.0000000000000000        0.0000000000000000     
         1.0000000000000000        1.0000000000000000        0.0000000000000000     
         1.0000000000000000        0.0000000000000000        1.0000000000000000     
         1.0000000000000000        1.0000000000000000        1.0000000000000000     
         1.0000000000000000       0.50000000000000000        0.0000000000000000     
         1.0000000000000000        0.0000000000000000       0.50000000000000000     
         1.0000000000000000       0.50000000000000000       0.50000000000000000     
         1.0000000000000000        1.0000000000000000       0.50000000000000000     
         1.0000000000000000       0.50000000000000000        1.0000000000000000     

 !NewElementMapDefinition
         302         604
         1.0000000000000000        0.0000000000000000        0.0000000000000000     
         1.0000000000000000        1.0000000000000000        0.0000000000000000     
         1.0000000000000000        0.0000000000000000        1.0000000000000000     
         1.0000000000000000        1.0000000000000000        1.0000000000000000     
         1.0000000000000000       0.50000000000000000        0.0000000000000000     
         1.0000000000000000        0.0000000000000000       0.50000000000000000     
         1.0000000000000000       0.50000000000000000       0.50000000000000000     
         1.0000000000000000        1.0000000000000000       0.50000000000000000     
         1.0000000000000000       0.50000000000000000        1.0000000000000000     

 !NewElementMapDefinition
         303         606
         1.0000000000000000        0.0000000000000000        0.0000000000000000     
         1.0000000000000000        1.0000000000000000        0.0000000000000000     
         1.0000000000000000        0.0000000000000000        1.0000000000000000     
         1.0000000000000000        1.0000000000000000        1.0000000000000000     
         1.0000000000000000       0.50000000000000000        0.0000000000000000     
         1.0000000000000000        0.0000000000000000       0.50000000000000000     
         1.0000000000000000       0.50000000000000000       0.50000000000000000     
         1.0000000000000000        1.0000000000000000       0.50000000000000000     
         1.0000000000000000       0.50000000000000000        1.0000000000000000     

 !NewElementMapDefinition
         304         608
         1.0000000000000000        0.0000000000000000        0.0000000000000000     
         1.0000000000000000        1.0000000000000000        0.0000000000000000     
         1.0000000000000000        0.0000000000000000        1.0000000000000000     
         1.0000000000000000        1.0000000000000000        1.0000000000000000     
         1.0000000000000000       0.50000000000000000        0.0000000000000000     
         1.0000000000000000        0.0000000000000000       0.50000000000000000     
         1.0000000000000000       0.50000000000000000       0.50000000000000000     
         1.0000000000000000        1.0000000000000000       0.50000000000000000     
         1.0000000000000000       0.50000000000000000        1.0000000000000000     

 !NewElementMapDefinition
         305         610
         1.0000000000000000        0.0000000000000000        0.0000000000000000     
         1.0000000000000000        1.0000000000000000        0.0000000000000000     
         1.0000000000000000        0.0000000000000000        1.0000000000000000     
         1.0000000000000000        1.0000000000000000        1.0000000000000000     
         1.0000000000000000       0.50000000000000000        0.0000000000000000     
         1.0000000000000000        0.0000000000000000       0.50000000000000000     
         1.0000000000000000       0.50000000000000000       0.50000000000000000     
         1.0000000000000000        1.0000000000000000       0.50000000000000000     
         1.0000000000000000       0.50000000000000000        1.0000000000000000     

 !NewElementMapDefinition
         306         612
         1.0000000000000000        0.0000000000000000        0.0000000000000000     
         1.0000000000000000        1.0000000000000000        0.0000000000000000     
         1.0000000000000000        0.0000000000000000        1.0000000000000000     
         1.0000000000000000        1.0000000000000000        1.0000000000000000     
         1.0000000000000000       0.50000000000000000        0.0000000000000000     
         1.0000000000000000        0.0000000000000000       0.50000000000000000     
         1.0000000000000000       0.50000000000000000       0.50000000000000000     
         1.0000000000000000        1.0000000000000000       0.50000000000000000     
         1.0000000000000000       0.50000000000000000        1.0000000000000000     

 !NewElementMapDefinition
         307         614
         1.0000000000000000        0.0000000000000000        0.0000000000000000     
         1.0000000000000000        1.0000000000000000        0.0000000000000000     
         1.0000000000000000        0.0000000000000000        1.0000000000000000     
         1.0000000000000000        1.0000000000000000        1.0000000000000000     
         1.0000000000000000       0.50000000000000000        0.0000000000000000     
         1.0000000000000000        0.0000000000000000       0.50000000000000000     
         1.0000000000000000       0.50000000000000000       0.50000000000000000     
         1.0000000000000000        1.0000000000000000       0.50000000000000000     
         1.0000000000000000       0.50000000000000000        1.0000000000000000     

 !NewElementMapDefinition
         308         616
         1.0000000000000000        0.0000000000000000        0.0000000000000000     
         1.0000000000000000        1.0000000000000000        0.0000000000000000     
         1.0000000000000000        0.0000000000000000        1.0000000000000000     
         1.0000000000000000        1.0000000000000000        1.0000000000000000     
         1.0000000000000000       0.50000000000000000        0.0000000000000000     
         1.0000000000000000        0.0000000000000000       0.50000000000000000     
         1.0000000000000000       0.50000000000000000       0.50000000000000000     
         1.0000000000000000        1.0000000000000000       0.50000000000000000     
         1.0000000000000000       0.50000000000000000        1.0000000000000000     

 !NewElementMapDefinition
         309         618
         1.0000000000000000        0.0000000000000000        0.0000000000000000     
         1.0000000000000000        1.0000000000000000        0.0000000000000000     
         1.0000000000000000        0.0000000000000000        1.0000000000000000     
         1.0000000000000000        1.0000000000000000        1.0000000000000000     
         1.0000000000000000       0.50000000000000000        0.0000000000000000     
         1.0000000000000000        0.0000000000000000       0.50000000000000000     
         1.0000000000000000       0.50000000000000000       0.50000000000000000     
         1.0000000000000000        1.0000000000000000       0.50000000000000000     
         1.0000000000000000       0.50000000000000000        1.0000000000000000     

 !NewElementMapDefinition
         310         620
         1.0000000000000000        0.0000000000000000        0.0000000000000000     
         1.0000000000000000        1.0000000000000000        0.0000000000000000     
         1.0000000000000000        0.0000000000000000        1.0000000000000000     
         1.0000000000000000        1.0000000000000000        1.0000000000000000     
         1.0000000000000000       0.50000000000000000        0.0000000000000000     
         1.0000000000000000        0.0000000000000000       0.50000000000000000     
         1.0000000000000000       0.50000000000000000       0.50000000000000000     
         1.0000000000000000        1.0000000000000000       0.50000000000000000     
         1.0000000000000000       0.50000000000000000        1.0000000000000000     

 !NewElementMapDefinition
         311         622
         1.0000000000000000        0.0000000000000000        0.0000000000000000     
         1.0000000000000000        1.0000000000000000        0.0000000000000000     
         1.0000000000000000        0.0000000000000000        1.0000000000000000     
         1.0000000000000000        1.0000000000000000        1.0000000000000000     
         1.0000000000000000       0.50000000000000000        0.0000000000000000     
         1.0000000000000000        0.0000000000000000       0.50000000000000000     
         1.0000000000000000       0.50000000000000000       0.50000000000000000     
         1.0000000000000000        1.0000000000000000       0.50000000000000000     
         1.0000000000000000       0.50000000000000000        1.0000000000000000     

 !NewElementMapDefinition
         312         624
         1.0000000000000000        0.0000000000000000        0.0000000000000000     
         1.0000000000000000        1.0000000000000000        0.0000000000000000     
         1.0000000000000000        0.0000000000000000        1.0000000000000000     
         1.0000000000000000        1.0000000000000000        1.0000000000000000     
         1.0000000000000000       0.50000000000000000        0.0000000000000000     
         1.0000000000000000        0.0000000000000000       0.50000000000000000     
         1.0000000000000000       0.50000000000000000       0.50000000000000000     
         1.0000000000000000        1.0000000000000000       0.50000000000000000     
         1.0000000000000000       0.50000000000000000        1.0000000000000000     

 !NewElementMapDefinition
         313         626
         1.0000000000000000        0.0000000000000000        0.0000000000000000     
         1.0000000000000000        1.0000000000000000        0.0000000000000000     
         1.0000000000000000        0.0000000000000000        1.0000000000000000     
         1.0000000000000000        1.0000000000000000        1.0000000000000000     
         1.0000000000000000       0.50000000000000000        0.0000000000000000     
         1.0000000000000000        0.0000000000000000       0.50000000000000000     
         1.0000000000000000       0.50000000000000000       0.50000000000000000     
         1.0000000000000000        1.0000000000000000       0.50000000000000000     
         1.0000000000000000       0.50000000000000000        1.0000000000000000     

 !NewElementMapDefinition
         314         628
         1.0000000000000000        0.0000000000000000        0.0000000000000000     
         1.0000000000000000        1.0000000000000000        0.0000000000000000     
         1.0000000000000000        0.0000000000000000        1.0000000000000000     
         1.0000000000000000        1.0000000000000000        1.0000000000000000     
         1.0000000000000000       0.50000000000000000        0.0000000000000000     
         1.0000000000000000        0.0000000000000000       0.50000000000000000     
         1.0000000000000000       0.50000000000000000       0.50000000000000000     
         1.0000000000000000        1.0000000000000000       0.50000000000000000     
         1.0000000000000000       0.50000000000000000        1.0000000000000000     

 !NewElementMapDefinition
         315         630
         1.0000000000000000        0.0000000000000000        0.0000000000000000     
         1.0000000000000000        1.0000000000000000        0.0000000000000000     
         1.0000000000000000        0.0000000000000000        1.0000000000000000     
         1.0000000000000000        1.0000000000000000        1.0000000000000000     
         1.0000000000000000       0.50000000000000000        0.0000000000000000     
         1.0000000000000000        0.0000000000000000       0.50000000000000000     
         1.0000000000000000       0.50000000000000000       0.50000000000000000     
         1.0000000000000000        1.0000000000000000       0.50000000000000000     
         1.0000000000000000       0.50000000000000000        1.0000000000000000     

 !NewElementMapDefinition
         316         632
         1.0000000000000000        0.0000000000000000        0.0000000000000000     
         1.0000000000000000        1.0000000000000000        0.0000000000000000     
         1.0000000000000000        0.0000000000000000        1.0000000000000000     
         1.0000000000000000        1.0000000000000000        1.0000000000000000     
         1.0000000000000000       0.50000000000000000        0.0000000000000000     
         1.0000000000000000        0.0000000000000000       0.50000000000000000     
         1.0000000000000000       0.50000000000000000       0.50000000000000000     
         1.0000000000000000        1.0000000000000000       0.50000000000000000     
         1.0000000000000000       0.50000000000000000        1.0000000000000000     

 !NewElementMapDefinition
         317         634
         1.0000000000000000        0.0000000000000000        0.0000000000000000     
         1.0000000000000000        1.0000000000000000        0.0000000000000000     
         1.0000000000000000        0.0000000000000000        1.0000000000000000     
         1.0000000000000000        1.0000000000000000        1.0000000000000000     
         1.0000000000000000       0.50000000000000000        0.0000000000000000     
         1.0000000000000000        0.0000000000000000       0.50000000000000000     
         1.0000000000000000       0.50000000000000000       0.50000000000000000     
         1.0000000000000000        1.0000000000000000       0.50000000000000000     
         1.0000000000000000       0.50000000000000000        1.0000000000000000     

 !NewElementMapDefinition
         318         636
         1.0000000000000000        0.0000000000000000        0.0000000000000000     
         1.0000000000000000        1.0000000000000000        0.0000000000000000     
         1.0000000000000000        0.0000000000000000        1.0000000000000000     
         1.0000000000000000        1.0000000000000000        1.0000000000000000     
         1.0000000000000000       0.50000000000000000        0.0000000000000000     
         1.0000000000000000        0.0000000000000000       0.50000000000000000     
         1.0000000000000000       0.50000000000000000       0.50000000000000000     
         1.0000000000000000        1.0000000000000000       0.50000000000000000     
         1.0000000000000000       0.50000000000000000        1.0000000000000000     

 !NewElementMapDefinition
         319         638
         1.0000000000000000        0.0000000000000000        0.0000000000000000     
         1.0000000000000000        1.0000000000000000        0.0000000000000000     
         1.0000000000000000        0.0000000000000000        1.0000000000000000     
         1.0000000000000000        1.0000000000000000        1.0000000000000000     
         1.0000000000000000       0.50000000000000000        0.0000000000000000     
         1.0000000000000000        0.0000000000000000       0.50000000000000000     
         1.0000000000000000       0.50000000000000000       0.50000000000000000     
         1.0000000000000000        1.0000000000000000       0.50000000000000000     
         1.0000000000000000       0.50000000000000000        1.0000000000000000     

 !NewElementMapDefinition
         320         640
         1.0000000000000000        0.0000000000000000        0.0000000000000000     
         1.0000000000000000        1.0000000000000000        0.0000000000000000     
         1.0000000000000000        0.0000000000000000        1.0000000000000000     
         1.0000000000000000        1.0000000000000000        1.0000000000000000     
         1.0000000000000000       0.50000000000000000        0.0000000000000000     
         1.0000000000000000        0.0000000000000000       0.50000000000000000     
         1.0000000000000000       0.50000000000000000       0.50000000000000000     
         1.0000000000000000        1.0000000000000000       0.50000000000000000     
         1.0000000000000000       0.50000000000000000        1.0000000000000000     

 !NewElementMapDefinition
         321         642
         1.0000000000000000        0.0000000000000000        0.0000000000000000     
         1.0000000000000000        1.0000000000000000        0.0000000000000000     
         1.0000000000000000        0.0000000000000000        1.0000000000000000     
         1.0000000000000000        1.0000000000000000        1.0000000000000000     
         1.0000000000000000       0.50000000000000000        0.0000000000000000     
         1.0000000000000000        0.0000000000000000       0.50000000000000000     
         1.0000000000000000       0.50000000000000000       0.50000000000000000     
         1.0000000000000000        1.0000000000000000       0.50000000000000000     
         1.0000000000000000       0.50000000000000000        1.0000000000000000     

 !NewElementMapDefinition
         322         644
         1.0000000000000000        0.0000000000000000        0.0000000000000000     
         1.0000000000000000        1.0000000000000000        0.0000000000000000     
         1.0000000000000000        0.0000000000000000        1.0000000000000000     
         1.0000000000000000        1.0000000000000000        1.0000000000000000     
         1.0000000000000000       0.50000000000000000        0.0000000000000000     
         1.0000000000000000        0.0000000000000000       0.50000000000000000     
         1.0000000000000000       0.50000000000000000       0.50000000000000000     
         1.0000000000000000        1.0000000000000000       0.50000000000000000     
         1.0000000000000000       0.50000000000000000        1.0000000000000000     

 !NewElementMapDefinition
         323         646
         1.0000000000000000        0.0000000000000000        0.0000000000000000     
         1.0000000000000000        1.0000000000000000        0.0000000000000000     
         1.0000000000000000        0.0000000000000000        1.0000000000000000     
         1.0000000000000000        1.0000000000000000        1.0000000000000000     
         1.0000000000000000       0.50000000000000000        0.0000000000000000     
         1.0000000000000000        0.0000000000000000       0.50000000000000000     
         1.0000000000000000       0.50000000000000000       0.50000000000000000     
         1.0000000000000000        1.0000000000000000       0.50000000000000000     
         1.0000000000000000       0.50000000000000000        1.0000000000000000     

 !NewElementMapDefinition
         324         648
         1.0000000000000000        0.0000000000000000        0.0000000000000000     
         1.0000000000000000        1.0000000000000000        0.0000000000000000     
         1.0000000000000000        0.0000000000000000        1.0000000000000000     
         1.0000000000000000        1.0000000000000000        1.0000000000000000     
         1.0000000000000000       0.50000000000000000        0.0000000000000000     
         1.0000000000000000        0.0000000000000000       0.50000000000000000     
         1.0000000000000000       0.50000000000000000       0.50000000000000000     
         1.0000000000000000        1.0000000000000000       0.50000000000000000     
         1.0000000000000000       0.50000000000000000        1.0000000000000000     

 !NewElementMapDefinition
         325         650
         1.0000000000000000        0.0000000000000000        0.0000000000000000     
         1.0000000000000000        1.0000000000000000        0.0000000000000000     
         1.0000000000000000        0.0000000000000000        1.0000000000000000     
         1.0000000000000000        1.0000000000000000        1.0000000000000000     
         1.0000000000000000       0.50000000000000000        0.0000000000000000     
         1.0000000000000000        0.0000000000000000       0.50000000000000000     
         1.0000000000000000       0.50000000000000000       0.50000000000000000     
         1.0000000000000000        1.0000000000000000       0.50000000000000000     
         1.0000000000000000       0.50000000000000000        1.0000000000000000     

 !NewElementMapDefinition
         326         652
         1.0000000000000000        0.0000000000000000        0.0000000000000000     
         1.0000000000000000        1.0000000000000000        0.0000000000000000     
         1.0000000000000000        0.0000000000000000        1.0000000000000000     
         1.0000000000000000        1.0000000000000000        1.0000000000000000     
         1.0000000000000000       0.50000000000000000        0.0000000000000000     
         1.0000000000000000        0.0000000000000000       0.50000000000000000     
         1.0000000000000000       0.50000000000000000       0.50000000000000000     
         1.0000000000000000        1.0000000000000000       0.50000000000000000     
         1.0000000000000000       0.50000000000000000        1.0000000000000000     

 !NewElementMapDefinition
         327         654
         1.0000000000000000        0.0000000000000000        0.0000000000000000     
         1.0000000000000000        1.0000000000000000        0.0000000000000000     
         1.0000000000000000        0.0000000000000000        1.0000000000000000     
         1.0000000000000000        1.0000000000000000        1.0000000000000000     
         1.0000000000000000       0.50000000000000000        0.0000000000000000     
         1.0000000000000000        0.0000000000000000       0.50000000000000000     
         1.0000000000000000       0.50000000000000000       0.50000000000000000     
         1.0000000000000000        1.0000000000000000       0.50000000000000000     
         1.0000000000000000       0.50000000000000000        1.0000000000000000     

 !NewElementMapDefinition
         328         656
         1.0000000000000000        0.0000000000000000        0.0000000000000000     
         1.0000000000000000        1.0000000000000000        0.0000000000000000     
         1.0000000000000000        0.0000000000000000        1.0000000000000000     
         1.0000000000000000        1.0000000000000000        1.0000000000000000     
         1.0000000000000000       0.50000000000000000        0.0000000000000000     
         1.0000000000000000        0.0000000000000000       0.50000000000000000     
         1.0000000000000000       0.50000000000000000       0.50000000000000000     
         1.0000000000000000        1.0000000000000000       0.50000000000000000     
         1.0000000000000000       0.50000000000000000        1.0000000000000000     

 !NewElementMapDefinition
         329         658
         1.0000000000000000        0.0000000000000000        0.0000000000000000     
         1.0000000000000000        1.0000000000000000        0.0000000000000000     
         1.0000000000000000        0.0000000000000000        1.0000000000000000     
         1.0000000000000000        1.0000000000000000        1.0000000000000000     
         1.0000000000000000       0.50000000000000000        0.0000000000000000     
         1.0000000000000000        0.0000000000000000       0.50000000000000000     
         1.0000000000000000       0.50000000000000000       0.50000000000000000     
         1.0000000000000000        1.0000000000000000       0.50000000000000000     
         1.0000000000000000       0.50000000000000000        1.0000000000000000     

 !NewElementMapDefinition
         330         660
         1.0000000000000000        0.0000000000000000        0.0000000000000000     
         1.0000000000000000        1.0000000000000000        0.0000000000000000     
         1.0000000000000000        0.0000000000000000        1.0000000000000000     
         1.0000000000000000        1.0000000000000000        1.0000000000000000     
         1.0000000000000000       0.50000000000000000        0.0000000000000000     
         1.0000000000000000        0.0000000000000000       0.50000000000000000     
         1.0000000000000000       0.50000000000000000       0.50000000000000000     
         1.0000000000000000        1.0000000000000000       0.50000000000000000     
         1.0000000000000000       0.50000000000000000        1.0000000000000000     

 !NewElementMapDefinition
         331         662
         1.0000000000000000        0.0000000000000000        0.0000000000000000     
         1.0000000000000000        1.0000000000000000        0.0000000000000000     
         1.0000000000000000        0.0000000000000000        1.0000000000000000     
         1.0000000000000000        1.0000000000000000        1.0000000000000000     
         1.0000000000000000       0.50000000000000000        0.0000000000000000     
         1.0000000000000000        0.0000000000000000       0.50000000000000000     
         1.0000000000000000       0.50000000000000000       0.50000000000000000     
         1.0000000000000000        1.0000000000000000       0.50000000000000000     
         1.0000000000000000       0.50000000000000000        1.0000000000000000     

 !NewElementMapDefinition
         332         664
         1.0000000000000000        0.0000000000000000        0.0000000000000000     
         1.0000000000000000        1.0000000000000000        0.0000000000000000     
         1.0000000000000000        0.0000000000000000        1.0000000000000000     
         1.0000000000000000        1.0000000000000000        1.0000000000000000     
         1.0000000000000000       0.50000000000000000        0.0000000000000000     
         1.0000000000000000        0.0000000000000000       0.50000000000000000     
         1.0000000000000000       0.50000000000000000       0.50000000000000000     
         1.0000000000000000        1.0000000000000000       0.50000000000000000     
         1.0000000000000000       0.50000000000000000        1.0000000000000000     

 !NewElementMapDefinition
         333         666
         1.0000000000000000        0.0000000000000000        0.0000000000000000     
         1.0000000000000000        1.0000000000000000        0.0000000000000000     
         1.0000000000000000        0.0000000000000000        1.0000000000000000     
         1.0000000000000000        1.0000000000000000        1.0000000000000000     
         1.0000000000000000       0.50000000000000000        0.0000000000000000     
         1.0000000000000000        0.0000000000000000       0.50000000000000000     
         1.0000000000000000       0.50000000000000000       0.50000000000000000     
         1.0000000000000000        1.0000000000000000       0.50000000000000000     
         1.0000000000000000       0.50000000000000000        1.0000000000000000     

 !NewElementMapDefinition
         334         668
         1.0000000000000000        0.0000000000000000        0.0000000000000000     
         1.0000000000000000        1.0000000000000000        0.0000000000000000     
         1.0000000000000000        0.0000000000000000        1.0000000000000000     
         1.0000000000000000        1.0000000000000000        1.0000000000000000     
         1.0000000000000000       0.50000000000000000        0.0000000000000000     
         1.0000000000000000        0.0000000000000000       0.50000000000000000     
         1.0000000000000000       0.50000000000000000       0.50000000000000000     
         1.0000000000000000        1.0000000000000000       0.50000000000000000     
         1.0000000000000000       0.50000000000000000        1.0000000000000000     

 !NewElementMapDefinition
         335         670
         1.0000000000000000        0.0000000000000000        0.0000000000000000     
         1.0000000000000000        1.0000000000000000        0.0000000000000000     
         1.0000000000000000        0.0000000000000000        1.0000000000000000     
         1.0000000000000000        1.0000000000000000        1.0000000000000000     
         1.0000000000000000       0.50000000000000000        0.0000000000000000     
         1.0000000000000000        0.0000000000000000       0.50000000000000000     
         1.0000000000000000       0.50000000000000000       0.50000000000000000     
         1.0000000000000000        1.0000000000000000       0.50000000000000000     
         1.0000000000000000       0.50000000000000000        1.0000000000000000     

 !NewElementMapDefinition
         336         672
         1.0000000000000000        0.0000000000000000        0.0000000000000000     
         1.0000000000000000        1.0000000000000000        0.0000000000000000     
         1.0000000000000000        0.0000000000000000        1.0000000000000000     
         1.0000000000000000        1.0000000000000000        1.0000000000000000     
         1.0000000000000000       0.50000000000000000        0.0000000000000000     
         1.0000000000000000        0.0000000000000000       0.50000000000000000     
         1.0000000000000000       0.50000000000000000       0.50000000000000000     
         1.0000000000000000        1.0000000000000000       0.50000000000000000     
         1.0000000000000000       0.50000000000000000        1.0000000000000000     

 !NewElementMapDefinition
         337         674
         1.0000000000000000        0.0000000000000000        0.0000000000000000     
         1.0000000000000000        1.0000000000000000        0.0000000000000000     
         1.0000000000000000        0.0000000000000000        1.0000000000000000     
         1.0000000000000000        1.0000000000000000        1.0000000000000000     
         1.0000000000000000       0.50000000000000000        0.0000000000000000     
         1.0000000000000000        0.0000000000000000       0.50000000000000000     
         1.0000000000000000       0.50000000000000000       0.50000000000000000     
         1.0000000000000000        1.0000000000000000       0.50000000000000000     
         1.0000000000000000       0.50000000000000000        1.0000000000000000     

 !NewElementMapDefinition
         338         676
         1.0000000000000000        0.0000000000000000        0.0000000000000000     
         1.0000000000000000        1.0000000000000000        0.0000000000000000     
         1.0000000000000000        0.0000000000000000        1.0000000000000000     
         1.0000000000000000        1.0000000000000000        1.0000000000000000     
         1.0000000000000000       0.50000000000000000        0.0000000000000000     
         1.0000000000000000        0.0000000000000000       0.50000000000000000     
         1.0000000000000000       0.50000000000000000       0.50000000000000000     
         1.0000000000000000        1.0000000000000000       0.50000000000000000     
         1.0000000000000000       0.50000000000000000        1.0000000000000000     

 !NewElementMapDefinition
         339         678
         1.0000000000000000        0.0000000000000000        0.0000000000000000     
         1.0000000000000000        1.0000000000000000        0.0000000000000000     
         1.0000000000000000        0.0000000000000000        1.0000000000000000     
         1.0000000000000000        1.0000000000000000        1.0000000000000000     
         1.0000000000000000       0.50000000000000000        0.0000000000000000     
         1.0000000000000000        0.0000000000000000       0.50000000000000000     
         1.0000000000000000       0.50000000000000000       0.50000000000000000     
         1.0000000000000000        1.0000000000000000       0.50000000000000000     
         1.0000000000000000       0.50000000000000000        1.0000000000000000     

 !NewElementMapDefinition
         340         680
         1.0000000000000000        0.0000000000000000        0.0000000000000000     
         1.0000000000000000        1.0000000000000000        0.0000000000000000     
         1.0000000000000000        0.0000000000000000        1.0000000000000000     
         1.0000000000000000        1.0000000000000000        1.0000000000000000     
         1.0000000000000000       0.50000000000000000        0.0000000000000000     
         1.0000000000000000        0.0000000000000000       0.50000000000000000     
         1.0000000000000000       0.50000000000000000       0.50000000000000000     
         1.0000000000000000        1.0000000000000000       0.50000000000000000     
         1.0000000000000000       0.50000000000000000        1.0000000000000000     

 !NewElementMapDefinition
         341         682
         1.0000000000000000        0.0000000000000000        0.0000000000000000     
         1.0000000000000000        1.0000000000000000        0.0000000000000000     
         1.0000000000000000        0.0000000000000000        1.0000000000000000     
         1.0000000000000000        1.0000000000000000        1.0000000000000000     
         1.0000000000000000       0.50000000000000000        0.0000000000000000     
         1.0000000000000000        0.0000000000000000       0.50000000000000000     
         1.0000000000000000       0.50000000000000000       0.50000000000000000     
         1.0000000000000000        1.0000000000000000       0.50000000000000000     
         1.0000000000000000       0.50000000000000000        1.0000000000000000     

 !NewElementMapDefinition
         342         684
         1.0000000000000000        0.0000000000000000        0.0000000000000000     
         1.0000000000000000        1.0000000000000000        0.0000000000000000     
         1.0000000000000000        0.0000000000000000        1.0000000000000000     
         1.0000000000000000        1.0000000000000000        1.0000000000000000     
         1.0000000000000000       0.50000000000000000        0.0000000000000000     
         1.0000000000000000        0.0000000000000000       0.50000000000000000     
         1.0000000000000000       0.50000000000000000       0.50000000000000000     
         1.0000000000000000        1.0000000000000000       0.50000000000000000     
         1.0000000000000000       0.50000000000000000        1.0000000000000000     

 !NewElementMapDefinition
         343         686
         1.0000000000000000        0.0000000000000000        0.0000000000000000     
         1.0000000000000000        1.0000000000000000        0.0000000000000000     
         1.0000000000000000        0.0000000000000000        1.0000000000000000     
         1.0000000000000000        1.0000000000000000        1.0000000000000000     
         1.0000000000000000       0.50000000000000000        0.0000000000000000     
         1.0000000000000000        0.0000000000000000       0.50000000000000000     
         1.0000000000000000       0.50000000000000000       0.50000000000000000     
         1.0000000000000000        1.0000000000000000       0.50000000000000000     
         1.0000000000000000       0.50000000000000000        1.0000000000000000     

 !NewElementMapDefinition
         344         688
         1.0000000000000000        0.0000000000000000        0.0000000000000000     
         1.0000000000000000        1.0000000000000000        0.0000000000000000     
         1.0000000000000000        0.0000000000000000        1.0000000000000000     
         1.0000000000000000        1.0000000000000000        1.0000000000000000     
         1.0000000000000000       0.50000000000000000        0.0000000000000000     
         1.0000000000000000        0.0000000000000000       0.50000000000000000     
         1.0000000000000000       0.50000000000000000       0.50000000000000000     
         1.0000000000000000        1.0000000000000000       0.50000000000000000     
         1.0000000000000000       0.50000000000000000        1.0000000000000000     

 !NewElementMapDefinition
         345         690
         1.0000000000000000        0.0000000000000000        0.0000000000000000     
         1.0000000000000000        1.0000000000000000        0.0000000000000000     
         1.0000000000000000        0.0000000000000000        1.0000000000000000     
         1.0000000000000000        1.0000000000000000        1.0000000000000000     
         1.0000000000000000       0.50000000000000000        0.0000000000000000     
         1.0000000000000000        0.0000000000000000       0.50000000000000000     
         1.0000000000000000       0.50000000000000000       0.50000000000000000     
         1.0000000000000000        1.0000000000000000       0.50000000000000000     
         1.0000000000000000       0.50000000000000000        1.0000000000000000     

 !NewElementMapDefinition
         346         692
         1.0000000000000000        0.0000000000000000        0.0000000000000000     
         1.0000000000000000        1.0000000000000000        0.0000000000000000     
         1.0000000000000000        0.0000000000000000        1.0000000000000000     
         1.0000000000000000        1.0000000000000000        1.0000000000000000     
         1.0000000000000000       0.50000000000000000        0.0000000000000000     
         1.0000000000000000        0.0000000000000000       0.50000000000000000     
         1.0000000000000000       0.50000000000000000       0.50000000000000000     
         1.0000000000000000        1.0000000000000000       0.50000000000000000     
         1.0000000000000000       0.50000000000000000        1.0000000000000000     

 !NewElementMapDefinition
         347         694
         1.0000000000000000        0.0000000000000000        0.0000000000000000     
         1.0000000000000000        1.0000000000000000        0.0000000000000000     
         1.0000000000000000        0.0000000000000000        1.0000000000000000     
         1.0000000000000000        1.0000000000000000        1.0000000000000000     
         1.0000000000000000       0.50000000000000000        0.0000000000000000     
         1.0000000000000000        0.0000000000000000       0.50000000000000000     
         1.0000000000000000       0.50000000000000000       0.50000000000000000     
         1.0000000000000000        1.0000000000000000       0.50000000000000000     
         1.0000000000000000       0.50000000000000000        1.0000000000000000     

 !NewElementMapDefinition
         348         696
         1.0000000000000000        0.0000000000000000        0.0000000000000000     
         1.0000000000000000        1.0000000000000000        0.0000000000000000     
         1.0000000000000000        0.0000000000000000        1.0000000000000000     
         1.0000000000000000        1.0000000000000000        1.0000000000000000     
         1.0000000000000000       0.50000000000000000        0.0000000000000000     
         1.0000000000000000        0.0000000000000000       0.50000000000000000     
         1.0000000000000000       0.50000000000000000       0.50000000000000000     
         1.0000000000000000        1.0000000000000000       0.50000000000000000     
         1.0000000000000000       0.50000000000000000        1.0000000000000000     

 !NewElementMapDefinition
         349         698
         1.0000000000000000        0.0000000000000000        0.0000000000000000     
         1.0000000000000000        1.0000000000000000        0.0000000000000000     
         1.0000000000000000        0.0000000000000000        1.0000000000000000     
         1.0000000000000000        1.0000000000000000        1.0000000000000000     
         1.0000000000000000       0.50000000000000000        0.0000000000000000     
         1.0000000000000000        0.0000000000000000       0.50000000000000000     
         1.0000000000000000       0.50000000000000000       0.50000000000000000     
         1.0000000000000000        1.0000000000000000       0.50000000000000000     
         1.0000000000000000       0.50000000000000000        1.0000000000000000     

 !NewElementMapDefinition
         350         700
         1.0000000000000000        0.0000000000000000        0.0000000000000000     
         1.0000000000000000        1.0000000000000000        0.0000000000000000     
         1.0000000000000000        0.0000000000000000        1.0000000000000000     
         1.0000000000000000        1.0000000000000000        1.0000000000000000     
         1.0000000000000000       0.50000000000000000        0.0000000000000000     
         1.0000000000000000        0.0000000000000000       0.50000000000000000     
         1.0000000000000000       0.50000000000000000       0.50000000000000000     
         1.0000000000000000        1.0000000000000000       0.50000000000000000     
         1.0000000000000000       0.50000000000000000        1.0000000000000000     

 !NewElementMapDefinition
         351         702
         1.0000000000000000        0.0000000000000000        0.0000000000000000     
         1.0000000000000000        1.0000000000000000        0.0000000000000000     
         1.0000000000000000        0.0000000000000000        1.0000000000000000     
         1.0000000000000000        1.0000000000000000        1.0000000000000000     
         1.0000000000000000       0.50000000000000000        0.0000000000000000     
         1.0000000000000000        0.0000000000000000       0.50000000000000000     
         1.0000000000000000       0.50000000000000000       0.50000000000000000     
         1.0000000000000000        1.0000000000000000       0.50000000000000000     
         1.0000000000000000       0.50000000000000000        1.0000000000000000     

 !NewElementMapDefinition
         352         704
         1.0000000000000000        0.0000000000000000        0.0000000000000000     
         1.0000000000000000        1.0000000000000000        0.0000000000000000     
         1.0000000000000000        0.0000000000000000        1.0000000000000000     
         1.0000000000000000        1.0000000000000000        1.0000000000000000     
         1.0000000000000000       0.50000000000000000        0.0000000000000000     
         1.0000000000000000        0.0000000000000000       0.50000000000000000     
         1.0000000000000000       0.50000000000000000       0.50000000000000000     
         1.0000000000000000        1.0000000000000000       0.50000000000000000     
         1.0000000000000000       0.50000000000000000        1.0000000000000000     

 !NewElementMapDefinition
         353         706
         1.0000000000000000        0.0000000000000000        0.0000000000000000     
         1.0000000000000000        1.0000000000000000        0.0000000000000000     
         1.0000000000000000        0.0000000000000000        1.0000000000000000     
         1.0000000000000000        1.0000000000000000        1.0000000000000000     
         1.0000000000000000       0.50000000000000000        0.0000000000000000     
         1.0000000000000000        0.0000000000000000       0.50000000000000000     
         1.0000000000000000       0.50000000000000000       0.50000000000000000     
         1.0000000000000000        1.0000000000000000       0.50000000000000000     
         1.0000000000000000       0.50000000000000000        1.0000000000000000     

 !NewElementMapDefinition
         354         708
         1.0000000000000000        0.0000000000000000        0.0000000000000000     
         1.0000000000000000        1.0000000000000000        0.0000000000000000     
         1.0000000000000000        0.0000000000000000        1.0000000000000000     
         1.0000000000000000        1.0000000000000000        1.0000000000000000     
         1.0000000000000000       0.50000000000000000        0.0000000000000000     
         1.0000000000000000        0.0000000000000000       0.50000000000000000     
         1.0000000000000000       0.50000000000000000       0.50000000000000000     
         1.0000000000000000        1.0000000000000000       0.50000000000000000     
         1.0000000000000000       0.50000000000000000        1.0000000000000000     

 !NewElementMapDefinition
         355         710
         1.0000000000000000        0.0000000000000000        0.0000000000000000     
         1.0000000000000000        1.0000000000000000        0.0000000000000000     
         1.0000000000000000        0.0000000000000000        1.0000000000000000     
         1.0000000000000000        1.0000000000000000        1.0000000000000000     
         1.0000000000000000       0.50000000000000000        0.0000000000000000     
         1.0000000000000000        0.0000000000000000       0.50000000000000000     
         1.0000000000000000       0.50000000000000000       0.50000000000000000     
         1.0000000000000000        1.0000000000000000       0.50000000000000000     
         1.0000000000000000       0.50000000000000000        1.0000000000000000     

 !NewElementMapDefinition
         356         712
         1.0000000000000000        0.0000000000000000        0.0000000000000000     
         1.0000000000000000        1.0000000000000000        0.0000000000000000     
         1.0000000000000000        0.0000000000000000        1.0000000000000000     
         1.0000000000000000        1.0000000000000000        1.0000000000000000     
         1.0000000000000000       0.50000000000000000        0.0000000000000000     
         1.0000000000000000        0.0000000000000000       0.50000000000000000     
         1.0000000000000000       0.50000000000000000       0.50000000000000000     
         1.0000000000000000        1.0000000000000000       0.50000000000000000     
         1.0000000000000000       0.50000000000000000        1.0000000000000000     

 !NewElementMapDefinition
         357         714
         1.0000000000000000        0.0000000000000000        0.0000000000000000     
         1.0000000000000000        1.0000000000000000        0.0000000000000000     
         1.0000000000000000        0.0000000000000000        1.0000000000000000     
         1.0000000000000000        1.0000000000000000        1.0000000000000000     
         1.0000000000000000       0.50000000000000000        0.0000000000000000     
         1.0000000000000000        0.0000000000000000       0.50000000000000000     
         1.0000000000000000       0.50000000000000000       0.50000000000000000     
         1.0000000000000000        1.0000000000000000       0.50000000000000000     
         1.0000000000000000       0.50000000000000000        1.0000000000000000     

 !NewElementMapDefinition
         358         716
         1.0000000000000000        0.0000000000000000        0.0000000000000000     
         1.0000000000000000        1.0000000000000000        0.0000000000000000     
         1.0000000000000000        0.0000000000000000        1.0000000000000000     
         1.0000000000000000        1.0000000000000000        1.0000000000000000     
         1.0000000000000000       0.50000000000000000        0.0000000000000000     
         1.0000000000000000        0.0000000000000000       0.50000000000000000     
         1.0000000000000000       0.50000000000000000       0.50000000000000000     
         1.0000000000000000        1.0000000000000000       0.50000000000000000     
         1.0000000000000000       0.50000000000000000        1.0000000000000000     

 !NewElementMapDefinition
         359         718
         1.0000000000000000        0.0000000000000000        0.0000000000000000     
         1.0000000000000000        1.0000000000000000        0.0000000000000000     
         1.0000000000000000        0.0000000000000000        1.0000000000000000     
         1.0000000000000000        1.0000000000000000        1.0000000000000000     
         1.0000000000000000       0.50000000000000000        0.0000000000000000     
         1.0000000000000000        0.0000000000000000       0.50000000000000000     
         1.0000000000000000       0.50000000000000000       0.50000000000000000     
         1.0000000000000000        1.0000000000000000       0.50000000000000000     
         1.0000000000000000       0.50000000000000000        1.0000000000000000     

 !NewElementMapDefinition
         360         720
         1.0000000000000000        0.0000000000000000        0.0000000000000000     
         1.0000000000000000        1.0000000000000000        0.0000000000000000     
         1.0000000000000000        0.0000000000000000        1.0000000000000000     
         1.0000000000000000        1.0000000000000000        1.0000000000000000     
         1.0000000000000000       0.50000000000000000        0.0000000000000000     
         1.0000000000000000        0.0000000000000000       0.50000000000000000     
         1.0000000000000000       0.50000000000000000       0.50000000000000000     
         1.0000000000000000        1.0000000000000000       0.50000000000000000     
         1.0000000000000000       0.50000000000000000        1.0000000000000000     

 !NewElementMapDefinition
         361         722
         1.0000000000000000        0.0000000000000000        0.0000000000000000     
         1.0000000000000000        1.0000000000000000        0.0000000000000000     
         1.0000000000000000        0.0000000000000000        1.0000000000000000     
         1.0000000000000000        1.0000000000000000        1.0000000000000000     
         1.0000000000000000       0.50000000000000000        0.0000000000000000     
         1.0000000000000000        0.0000000000000000       0.50000000000000000     
         1.0000000000000000       0.50000000000000000       0.50000000000000000     
         1.0000000000000000        1.0000000000000000       0.50000000000000000     
         1.0000000000000000       0.50000000000000000        1.0000000000000000     

 !NewElementMapDefinition
         362         724
         1.0000000000000000        0.0000000000000000        0.0000000000000000     
         1.0000000000000000        1.0000000000000000        0.0000000000000000     
         1.0000000000000000        0.0000000000000000        1.0000000000000000     
         1.0000000000000000        1.0000000000000000        1.0000000000000000     
         1.0000000000000000       0.50000000000000000        0.0000000000000000     
         1.0000000000000000        0.0000000000000000       0.50000000000000000     
         1.0000000000000000       0.50000000000000000       0.50000000000000000     
         1.0000000000000000        1.0000000000000000       0.50000000000000000     
         1.0000000000000000       0.50000000000000000        1.0000000000000000     

 !NewElementMapDefinition
         363         726
         1.0000000000000000        0.0000000000000000        0.0000000000000000     
         1.0000000000000000        1.0000000000000000        0.0000000000000000     
         1.0000000000000000        0.0000000000000000        1.0000000000000000     
         1.0000000000000000        1.0000000000000000        1.0000000000000000     
         1.0000000000000000       0.50000000000000000        0.0000000000000000     
         1.0000000000000000        0.0000000000000000       0.50000000000000000     
         1.0000000000000000       0.50000000000000000       0.50000000000000000     
         1.0000000000000000        1.0000000000000000       0.50000000000000000     
         1.0000000000000000       0.50000000000000000        1.0000000000000000     

 !NewElementMapDefinition
         364         728
         1.0000000000000000        0.0000000000000000        0.0000000000000000     
         1.0000000000000000        1.0000000000000000        0.0000000000000000     
         1.0000000000000000        0.0000000000000000        1.0000000000000000     
         1.0000000000000000        1.0000000000000000        1.0000000000000000     
         1.0000000000000000       0.50000000000000000        0.0000000000000000     
         1.0000000000000000        0.0000000000000000       0.50000000000000000     
         1.0000000000000000       0.50000000000000000       0.50000000000000000     
         1.0000000000000000        1.0000000000000000       0.50000000000000000     
         1.0000000000000000       0.50000000000000000        1.0000000000000000     

 !NewElementMapDefinition
         365         730
         1.0000000000000000        0.0000000000000000        0.0000000000000000     
         1.0000000000000000        1.0000000000000000        0.0000000000000000     
         1.0000000000000000        0.0000000000000000        1.0000000000000000     
         1.0000000000000000        1.0000000000000000        1.0000000000000000     
         1.0000000000000000       0.50000000000000000        0.0000000000000000     
         1.0000000000000000        0.0000000000000000       0.50000000000000000     
         1.0000000000000000       0.50000000000000000       0.50000000000000000     
         1.0000000000000000        1.0000000000000000       0.50000000000000000     
         1.0000000000000000       0.50000000000000000        1.0000000000000000     

 !NewElementMapDefinition
         366         732
         1.0000000000000000        0.0000000000000000        0.0000000000000000     
         1.0000000000000000        1.0000000000000000        0.0000000000000000     
         1.0000000000000000        0.0000000000000000        1.0000000000000000     
         1.0000000000000000        1.0000000000000000        1.0000000000000000     
         1.0000000000000000       0.50000000000000000        0.0000000000000000     
         1.0000000000000000        0.0000000000000000       0.50000000000000000     
         1.0000000000000000       0.50000000000000000       0.50000000000000000     
         1.0000000000000000        1.0000000000000000       0.50000000000000000     
         1.0000000000000000       0.50000000000000000        1.0000000000000000     

 !NewElementMapDefinition
         367         734
         1.0000000000000000        0.0000000000000000        0.0000000000000000     
         1.0000000000000000        1.0000000000000000        0.0000000000000000     
         1.0000000000000000        0.0000000000000000        1.0000000000000000     
         1.0000000000000000        1.0000000000000000        1.0000000000000000     
         1.0000000000000000       0.50000000000000000        0.0000000000000000     
         1.0000000000000000        0.0000000000000000       0.50000000000000000     
         1.0000000000000000       0.50000000000000000       0.50000000000000000     
         1.0000000000000000        1.0000000000000000       0.50000000000000000     
         1.0000000000000000       0.50000000000000000        1.0000000000000000     

 !NewElementMapDefinition
         368         736
         1.0000000000000000        0.0000000000000000        0.0000000000000000     
         1.0000000000000000        1.0000000000000000        0.0000000000000000     
         1.0000000000000000        0.0000000000000000        1.0000000000000000     
         1.0000000000000000        1.0000000000000000        1.0000000000000000     
         1.0000000000000000       0.50000000000000000        0.0000000000000000     
         1.0000000000000000        0.0000000000000000       0.50000000000000000     
         1.0000000000000000       0.50000000000000000       0.50000000000000000     
         1.0000000000000000        1.0000000000000000       0.50000000000000000     
         1.0000000000000000       0.50000000000000000        1.0000000000000000     

 !NewElementMapDefinition
         369         738
         1.0000000000000000        0.0000000000000000        0.0000000000000000     
         1.0000000000000000        1.0000000000000000        0.0000000000000000     
         1.0000000000000000        0.0000000000000000        1.0000000000000000     
         1.0000000000000000        1.0000000000000000        1.0000000000000000     
         1.0000000000000000       0.50000000000000000        0.0000000000000000     
         1.0000000000000000        0.0000000000000000       0.50000000000000000     
         1.0000000000000000       0.50000000000000000       0.50000000000000000     
         1.0000000000000000        1.0000000000000000       0.50000000000000000     
         1.0000000000000000       0.50000000000000000        1.0000000000000000     

 !NewElementMapDefinition
         370         740
         1.0000000000000000        0.0000000000000000        0.0000000000000000     
         1.0000000000000000        1.0000000000000000        0.0000000000000000     
         1.0000000000000000        0.0000000000000000        1.0000000000000000     
         1.0000000000000000        1.0000000000000000        1.0000000000000000     
         1.0000000000000000       0.50000000000000000        0.0000000000000000     
         1.0000000000000000        0.0000000000000000       0.50000000000000000     
         1.0000000000000000       0.50000000000000000       0.50000000000000000     
         1.0000000000000000        1.0000000000000000       0.50000000000000000     
         1.0000000000000000       0.50000000000000000        1.0000000000000000     

 !NewElementMapDefinition
         371         742
         1.0000000000000000        0.0000000000000000        0.0000000000000000     
         1.0000000000000000        1.0000000000000000        0.0000000000000000     
         1.0000000000000000        0.0000000000000000        1.0000000000000000     
         1.0000000000000000        1.0000000000000000        1.0000000000000000     
         1.0000000000000000       0.50000000000000000        0.0000000000000000     
         1.0000000000000000        0.0000000000000000       0.50000000000000000     
         1.0000000000000000       0.50000000000000000       0.50000000000000000     
         1.0000000000000000        1.0000000000000000       0.50000000000000000     
         1.0000000000000000       0.50000000000000000        1.0000000000000000     

 !NewElementMapDefinition
         372         744
         1.0000000000000000        0.0000000000000000        0.0000000000000000     
         1.0000000000000000        1.0000000000000000        0.0000000000000000     
         1.0000000000000000        0.0000000000000000        1.0000000000000000     
         1.0000000000000000        1.0000000000000000        1.0000000000000000     
         1.0000000000000000       0.50000000000000000        0.0000000000000000     
         1.0000000000000000        0.0000000000000000       0.50000000000000000     
         1.0000000000000000       0.50000000000000000       0.50000000000000000     
         1.0000000000000000        1.0000000000000000       0.50000000000000000     
         1.0000000000000000       0.50000000000000000        1.0000000000000000     

 !NewElementMapDefinition
         373         746
         1.0000000000000000        0.0000000000000000        0.0000000000000000     
         1.0000000000000000        1.0000000000000000        0.0000000000000000     
         1.0000000000000000        0.0000000000000000        1.0000000000000000     
         1.0000000000000000        1.0000000000000000        1.0000000000000000     
         1.0000000000000000       0.50000000000000000        0.0000000000000000     
         1.0000000000000000        0.0000000000000000       0.50000000000000000     
         1.0000000000000000       0.50000000000000000       0.50000000000000000     
         1.0000000000000000        1.0000000000000000       0.50000000000000000     
         1.0000000000000000       0.50000000000000000        1.0000000000000000     

 !NewElementMapDefinition
         374         748
         1.0000000000000000        0.0000000000000000        0.0000000000000000     
         1.0000000000000000        1.0000000000000000        0.0000000000000000     
         1.0000000000000000        0.0000000000000000        1.0000000000000000     
         1.0000000000000000        1.0000000000000000        1.0000000000000000     
         1.0000000000000000       0.50000000000000000        0.0000000000000000     
         1.0000000000000000        0.0000000000000000       0.50000000000000000     
         1.0000000000000000       0.50000000000000000       0.50000000000000000     
         1.0000000000000000        1.0000000000000000       0.50000000000000000     
         1.0000000000000000       0.50000000000000000        1.0000000000000000     

 !NewElementMapDefinition
         375         750
         1.0000000000000000        0.0000000000000000        0.0000000000000000     
         1.0000000000000000        1.0000000000000000        0.0000000000000000     
         1.0000000000000000        0.0000000000000000        1.0000000000000000     
         1.0000000000000000        1.0000000000000000        1.0000000000000000     
         1.0000000000000000       0.50000000000000000        0.0000000000000000     
         1.0000000000000000        0.0000000000000000       0.50000000000000000     
         1.0000000000000000       0.50000000000000000       0.50000000000000000     
         1.0000000000000000        1.0000000000000000       0.50000000000000000     
         1.0000000000000000       0.50000000000000000        1.0000000000000000     

 !NewElementMapDefinition
         376         752
         1.0000000000000000        0.0000000000000000        0.0000000000000000     
         1.0000000000000000        1.0000000000000000        0.0000000000000000     
         1.0000000000000000        0.0000000000000000        1.0000000000000000     
         1.0000000000000000        1.0000000000000000        1.0000000000000000     
         1.0000000000000000       0.50000000000000000        0.0000000000000000     
         1.0000000000000000        0.0000000000000000       0.50000000000000000     
         1.0000000000000000       0.50000000000000000       0.50000000000000000     
         1.0000000000000000        1.0000000000000000       0.50000000000000000     
         1.0000000000000000       0.50000000000000000        1.0000000000000000     

 !NewElementMapDefinition
         377         754
         1.0000000000000000        0.0000000000000000        0.0000000000000000     
         1.0000000000000000        1.0000000000000000        0.0000000000000000     
         1.0000000000000000        0.0000000000000000        1.0000000000000000     
         1.0000000000000000        1.0000000000000000        1.0000000000000000     
         1.0000000000000000       0.50000000000000000        0.0000000000000000     
         1.0000000000000000        0.0000000000000000       0.50000000000000000     
         1.0000000000000000       0.50000000000000000       0.50000000000000000     
         1.0000000000000000        1.0000000000000000       0.50000000000000000     
         1.0000000000000000       0.50000000000000000        1.0000000000000000     

 !NewElementMapDefinition
         378         756
         1.0000000000000000        0.0000000000000000        0.0000000000000000     
         1.0000000000000000        1.0000000000000000        0.0000000000000000     
         1.0000000000000000        0.0000000000000000        1.0000000000000000     
         1.0000000000000000        1.0000000000000000        1.0000000000000000     
         1.0000000000000000       0.50000000000000000        0.0000000000000000     
         1.0000000000000000        0.0000000000000000       0.50000000000000000     
         1.0000000000000000       0.50000000000000000       0.50000000000000000     
         1.0000000000000000        1.0000000000000000       0.50000000000000000     
         1.0000000000000000       0.50000000000000000        1.0000000000000000     

 !NewElementMapDefinition
         379         758
         1.0000000000000000        0.0000000000000000        0.0000000000000000     
         1.0000000000000000        1.0000000000000000        0.0000000000000000     
         1.0000000000000000        0.0000000000000000        1.0000000000000000     
         1.0000000000000000        1.0000000000000000        1.0000000000000000     
         1.0000000000000000       0.50000000000000000        0.0000000000000000     
         1.0000000000000000        0.0000000000000000       0.50000000000000000     
         1.0000000000000000       0.50000000000000000       0.50000000000000000     
         1.0000000000000000        1.0000000000000000       0.50000000000000000     
         1.0000000000000000       0.50000000000000000        1.0000000000000000     

 !NewElementMapDefinition
         380         760
         1.0000000000000000        0.0000000000000000        0.0000000000000000     
         1.0000000000000000        1.0000000000000000        0.0000000000000000     
         1.0000000000000000        0.0000000000000000        1.0000000000000000     
         1.0000000000000000        1.0000000000000000        1.0000000000000000     
         1.0000000000000000       0.50000000000000000        0.0000000000000000     
         1.0000000000000000        0.0000000000000000       0.50000000000000000     
         1.0000000000000000       0.50000000000000000       0.50000000000000000     
         1.0000000000000000        1.0000000000000000       0.50000000000000000     
         1.0000000000000000       0.50000000000000000        1.0000000000000000     

 !NewElementMapDefinition
         381         762
         1.0000000000000000        0.0000000000000000        0.0000000000000000     
         1.0000000000000000        1.0000000000000000        0.0000000000000000     
         1.0000000000000000        0.0000000000000000        1.0000000000000000     
         1.0000000000000000        1.0000000000000000        1.0000000000000000     
         1.0000000000000000       0.50000000000000000        0.0000000000000000     
         1.0000000000000000        0.0000000000000000       0.50000000000000000     
         1.0000000000000000       0.50000000000000000       0.50000000000000000     
         1.0000000000000000        1.0000000000000000       0.50000000000000000     
         1.0000000000000000       0.50000000000000000        1.0000000000000000     

 !NewElementMapDefinition
         382         764
         1.0000000000000000        0.0000000000000000        0.0000000000000000     
         1.0000000000000000        1.0000000000000000        0.0000000000000000     
         1.0000000000000000        0.0000000000000000        1.0000000000000000     
         1.0000000000000000        1.0000000000000000        1.0000000000000000     
         1.0000000000000000       0.50000000000000000        0.0000000000000000     
         1.0000000000000000        0.0000000000000000       0.50000000000000000     
         1.0000000000000000       0.50000000000000000       0.50000000000000000     
         1.0000000000000000        1.0000000000000000       0.50000000000000000     
         1.0000000000000000       0.50000000000000000        1.0000000000000000     

 !NewElementMapDefinition
         383         766
         1.0000000000000000        0.0000000000000000        0.0000000000000000     
         1.0000000000000000        1.0000000000000000        0.0000000000000000     
         1.0000000000000000        0.0000000000000000        1.0000000000000000     
         1.0000000000000000        1.0000000000000000        1.0000000000000000     
         1.0000000000000000       0.50000000000000000        0.0000000000000000     
         1.0000000000000000        0.0000000000000000       0.50000000000000000     
         1.0000000000000000       0.50000000000000000       0.50000000000000000     
         1.0000000000000000        1.0000000000000000       0.50000000000000000     
         1.0000000000000000       0.50000000000000000        1.0000000000000000     

 !NewElementMapDefinition
         384         768
         1.0000000000000000        0.0000000000000000        0.0000000000000000     
         1.0000000000000000        1.0000000000000000        0.0000000000000000     
         1.0000000000000000        0.0000000000000000        1.0000000000000000     
         1.0000000000000000        1.0000000000000000        1.0000000000000000     
         1.0000000000000000       0.50000000000000000        0.0000000000000000     
         1.0000000000000000        0.0000000000000000       0.50000000000000000     
         1.0000000000000000       0.50000000000000000       0.50000000000000000     
         1.0000000000000000        1.0000000000000000       0.50000000000000000     
         1.0000000000000000       0.50000000000000000        1.0000000000000000     

 !NewElementMapDefinition
         385         770
         1.0000000000000000        0.0000000000000000        0.0000000000000000     
         1.0000000000000000        1.0000000000000000        0.0000000000000000     
         1.0000000000000000        0.0000000000000000        1.0000000000000000     
         1.0000000000000000        1.0000000000000000        1.0000000000000000     
         1.0000000000000000       0.50000000000000000        0.0000000000000000     
         1.0000000000000000        0.0000000000000000       0.50000000000000000     
         1.0000000000000000       0.50000000000000000       0.50000000000000000     
         1.0000000000000000        1.0000000000000000       0.50000000000000000     
         1.0000000000000000       0.50000000000000000        1.0000000000000000     

 !NewElementMapDefinition
         386         772
         1.0000000000000000        0.0000000000000000        0.0000000000000000     
         1.0000000000000000        1.0000000000000000        0.0000000000000000     
         1.0000000000000000        0.0000000000000000        1.0000000000000000     
         1.0000000000000000        1.0000000000000000        1.0000000000000000     
         1.0000000000000000       0.50000000000000000        0.0000000000000000     
         1.0000000000000000        0.0000000000000000       0.50000000000000000     
         1.0000000000000000       0.50000000000000000       0.50000000000000000     
         1.0000000000000000        1.0000000000000000       0.50000000000000000     
         1.0000000000000000       0.50000000000000000        1.0000000000000000     

 !NewElementMapDefinition
         387         774
         1.0000000000000000        0.0000000000000000        0.0000000000000000     
         1.0000000000000000        1.0000000000000000        0.0000000000000000     
         1.0000000000000000        0.0000000000000000        1.0000000000000000     
         1.0000000000000000        1.0000000000000000        1.0000000000000000     
         1.0000000000000000       0.50000000000000000        0.0000000000000000     
         1.0000000000000000        0.0000000000000000       0.50000000000000000     
         1.0000000000000000       0.50000000000000000       0.50000000000000000     
         1.0000000000000000        1.0000000000000000       0.50000000000000000     
         1.0000000000000000       0.50000000000000000        1.0000000000000000     

 !NewElementMapDefinition
         388         776
         1.0000000000000000        0.0000000000000000        0.0000000000000000     
         1.0000000000000000        1.0000000000000000        0.0000000000000000     
         1.0000000000000000        0.0000000000000000        1.0000000000000000     
         1.0000000000000000        1.0000000000000000        1.0000000000000000     
         1.0000000000000000       0.50000000000000000        0.0000000000000000     
         1.0000000000000000        0.0000000000000000       0.50000000000000000     
         1.0000000000000000       0.50000000000000000       0.50000000000000000     
         1.0000000000000000        1.0000000000000000       0.50000000000000000     
         1.0000000000000000       0.50000000000000000        1.0000000000000000     

 !NewElementMapDefinition
         389         778
         1.0000000000000000        0.0000000000000000        0.0000000000000000     
         1.0000000000000000        1.0000000000000000        0.0000000000000000     
         1.0000000000000000        0.0000000000000000        1.0000000000000000     
         1.0000000000000000        1.0000000000000000        1.0000000000000000     
         1.0000000000000000       0.50000000000000000        0.0000000000000000     
         1.0000000000000000        0.0000000000000000       0.50000000000000000     
         1.0000000000000000       0.50000000000000000       0.50000000000000000     
         1.0000000000000000        1.0000000000000000       0.50000000000000000     
         1.0000000000000000       0.50000000000000000        1.0000000000000000     

 !NewElementMapDefinition
         390         780
         1.0000000000000000        0.0000000000000000        0.0000000000000000     
         1.0000000000000000        1.0000000000000000        0.0000000000000000     
         1.0000000000000000        0.0000000000000000        1.0000000000000000     
         1.0000000000000000        1.0000000000000000        1.0000000000000000     
         1.0000000000000000       0.50000000000000000        0.0000000000000000     
         1.0000000000000000        0.0000000000000000       0.50000000000000000     
         1.0000000000000000       0.50000000000000000       0.50000000000000000     
         1.0000000000000000        1.0000000000000000       0.50000000000000000     
         1.0000000000000000       0.50000000000000000        1.0000000000000000     

 !NewElementMapDefinition
         391         782
         1.0000000000000000        0.0000000000000000        0.0000000000000000     
         1.0000000000000000        1.0000000000000000        0.0000000000000000     
         1.0000000000000000        0.0000000000000000        1.0000000000000000     
         1.0000000000000000        1.0000000000000000        1.0000000000000000     
         1.0000000000000000       0.50000000000000000        0.0000000000000000     
         1.0000000000000000        0.0000000000000000       0.50000000000000000     
         1.0000000000000000       0.50000000000000000       0.50000000000000000     
         1.0000000000000000        1.0000000000000000       0.50000000000000000     
         1.0000000000000000       0.50000000000000000        1.0000000000000000     

 !NewElementMapDefinition
         392         784
         1.0000000000000000        0.0000000000000000        0.0000000000000000     
         1.0000000000000000        1.0000000000000000        0.0000000000000000     
         1.0000000000000000        0.0000000000000000        1.0000000000000000     
         1.0000000000000000        1.0000000000000000        1.0000000000000000     
         1.0000000000000000       0.50000000000000000        0.0000000000000000     
         1.0000000000000000        0.0000000000000000       0.50000000000000000     
         1.0000000000000000       0.50000000000000000       0.50000000000000000     
         1.0000000000000000        1.0000000000000000       0.50000000000000000     
         1.0000000000000000       0.50000000000000000        1.0000000000000000     

 !NewElementMapDefinition
         393         786
         1.0000000000000000        0.0000000000000000        0.0000000000000000     
         1.0000000000000000        1.0000000000000000        0.0000000000000000     
         1.0000000000000000        0.0000000000000000        1.0000000000000000     
         1.0000000000000000        1.0000000000000000        1.0000000000000000     
         1.0000000000000000       0.50000000000000000        0.0000000000000000     
         1.0000000000000000        0.0000000000000000       0.50000000000000000     
         1.0000000000000000       0.50000000000000000       0.50000000000000000     
         1.0000000000000000        1.0000000000000000       0.50000000000000000     
         1.0000000000000000       0.50000000000000000        1.0000000000000000     

 !NewElementMapDefinition
         394         788
         1.0000000000000000        0.0000000000000000        0.0000000000000000     
         1.0000000000000000        1.0000000000000000        0.0000000000000000     
         1.0000000000000000        0.0000000000000000        1.0000000000000000     
         1.0000000000000000        1.0000000000000000        1.0000000000000000     
         1.0000000000000000       0.50000000000000000        0.0000000000000000     
         1.0000000000000000        0.0000000000000000       0.50000000000000000     
         1.0000000000000000       0.50000000000000000       0.50000000000000000     
         1.0000000000000000        1.0000000000000000       0.50000000000000000     
         1.0000000000000000       0.50000000000000000        1.0000000000000000     

 !NewElementMapDefinition
         395         790
         1.0000000000000000        0.0000000000000000        0.0000000000000000     
         1.0000000000000000        1.0000000000000000        0.0000000000000000     
         1.0000000000000000        0.0000000000000000        1.0000000000000000     
         1.0000000000000000        1.0000000000000000        1.0000000000000000     
         1.0000000000000000       0.50000000000000000        0.0000000000000000     
         1.0000000000000000        0.0000000000000000       0.50000000000000000     
         1.0000000000000000       0.50000000000000000       0.50000000000000000     
         1.0000000000000000        1.0000000000000000       0.50000000000000000     
         1.0000000000000000       0.50000000000000000        1.0000000000000000     

 !NewElementMapDefinition
         396         792
         1.0000000000000000        0.0000000000000000        0.0000000000000000     
         1.0000000000000000        1.0000000000000000        0.0000000000000000     
         1.0000000000000000        0.0000000000000000        1.0000000000000000     
         1.0000000000000000        1.0000000000000000        1.0000000000000000     
         1.0000000000000000       0.50000000000000000        0.0000000000000000     
         1.0000000000000000        0.0000000000000000       0.50000000000000000     
         1.0000000000000000       0.50000000000000000       0.50000000000000000     
         1.0000000000000000        1.0000000000000000       0.50000000000000000     
         1.0000000000000000       0.50000000000000000        1.0000000000000000     

 !NewElementMapDefinition
         397         794
         1.0000000000000000        0.0000000000000000        0.0000000000000000     
         1.0000000000000000        1.0000000000000000        0.0000000000000000     
         1.0000000000000000        0.0000000000000000        1.0000000000000000     
         1.0000000000000000        1.0000000000000000        1.0000000000000000     
         1.0000000000000000       0.50000000000000000        0.0000000000000000     
         1.0000000000000000        0.0000000000000000       0.50000000000000000     
         1.0000000000000000       0.50000000000000000       0.50000000000000000     
         1.0000000000000000        1.0000000000000000       0.50000000000000000     
         1.0000000000000000       0.50000000000000000        1.0000000000000000     

 !NewElementMapDefinition
         398         796
         1.0000000000000000        0.0000000000000000        0.0000000000000000     
         1.0000000000000000        1.0000000000000000        0.0000000000000000     
         1.0000000000000000        0.0000000000000000        1.0000000000000000     
         1.0000000000000000        1.0000000000000000        1.0000000000000000     
         1.0000000000000000       0.50000000000000000        0.0000000000000000     
         1.0000000000000000        0.0000000000000000       0.50000000000000000     
         1.0000000000000000       0.50000000000000000       0.50000000000000000     
         1.0000000000000000        1.0000000000000000       0.50000000000000000     
         1.0000000000000000       0.50000000000000000        1.0000000000000000     

 !NewElementMapDefinition
         399         798
         1.0000000000000000        0.0000000000000000        0.0000000000000000     
         1.0000000000000000        1.0000000000000000        0.0000000000000000     
         1.0000000000000000        0.0000000000000000        1.0000000000000000     
         1.0000000000000000        1.0000000000000000        1.0000000000000000     
         1.0000000000000000       0.50000000000000000        0.0000000000000000     
         1.0000000000000000        0.0000000000000000       0.50000000000000000     
         1.0000000000000000       0.50000000000000000       0.50000000000000000     
         1.0000000000000000        1.0000000000000000       0.50000000000000000     
         1.0000000000000000       0.50000000000000000        1.0000000000000000     

 !NewElementMapDefinition
         400         800
         1.0000000000000000        0.0000000000000000        0.0000000000000000     
         1.0000000000000000        1.0000000000000000        0.0000000000000000     
         1.0000000000000000        0.0000000000000000        1.0000000000000000     
         1.0000000000000000        1.0000000000000000        1.0000000000000000     
         1.0000000000000000       0.50000000000000000        0.0000000000000000     
         1.0000000000000000        0.0000000000000000       0.50000000000000000     
         1.0000000000000000       0.50000000000000000       0.50000000000000000     
         1.0000000000000000        1.0000000000000000       0.50000000000000000     
         1.0000000000000000       0.50000000000000000        1.0000000000000000     

 !NewElementMapDefinition
         401         802
         1.0000000000000000        0.0000000000000000        0.0000000000000000     
         1.0000000000000000        1.0000000000000000        0.0000000000000000     
         1.0000000000000000        0.0000000000000000        1.0000000000000000     
         1.0000000000000000        1.0000000000000000        1.0000000000000000     
         1.0000000000000000       0.50000000000000000        0.0000000000000000     
         1.0000000000000000        0.0000000000000000       0.50000000000000000     
         1.0000000000000000       0.50000000000000000       0.50000000000000000     
         1.0000000000000000        1.0000000000000000       0.50000000000000000     
         1.0000000000000000       0.50000000000000000        1.0000000000000000     

 !NewElementMapDefinition
         402         804
         1.0000000000000000        0.0000000000000000        0.0000000000000000     
         1.0000000000000000        1.0000000000000000        0.0000000000000000     
         1.0000000000000000        0.0000000000000000        1.0000000000000000     
         1.0000000000000000        1.0000000000000000        1.0000000000000000     
         1.0000000000000000       0.50000000000000000        0.0000000000000000     
         1.0000000000000000        0.0000000000000000       0.50000000000000000     
         1.0000000000000000       0.50000000000000000       0.50000000000000000     
         1.0000000000000000        1.0000000000000000       0.50000000000000000     
         1.0000000000000000       0.50000000000000000        1.0000000000000000     

 !NewElementMapDefinition
         403         806
         1.0000000000000000        0.0000000000000000        0.0000000000000000     
         1.0000000000000000        1.0000000000000000        0.0000000000000000     
         1.0000000000000000        0.0000000000000000        1.0000000000000000     
         1.0000000000000000        1.0000000000000000        1.0000000000000000     
         1.0000000000000000       0.50000000000000000        0.0000000000000000     
         1.0000000000000000        0.0000000000000000       0.50000000000000000     
         1.0000000000000000       0.50000000000000000       0.50000000000000000     
         1.0000000000000000        1.0000000000000000       0.50000000000000000     
         1.0000000000000000       0.50000000000000000        1.0000000000000000     

 !NewElementMapDefinition
         404         808
         1.0000000000000000        0.0000000000000000        0.0000000000000000     
         1.0000000000000000        1.0000000000000000        0.0000000000000000     
         1.0000000000000000        0.0000000000000000        1.0000000000000000     
         1.0000000000000000        1.0000000000000000        1.0000000000000000     
         1.0000000000000000       0.50000000000000000        0.0000000000000000     
         1.0000000000000000        0.0000000000000000       0.50000000000000000     
         1.0000000000000000       0.50000000000000000       0.50000000000000000     
         1.0000000000000000        1.0000000000000000       0.50000000000000000     
         1.0000000000000000       0.50000000000000000        1.0000000000000000     

 !NewElementMapDefinition
         405         810
         1.0000000000000000        0.0000000000000000        0.0000000000000000     
         1.0000000000000000        1.0000000000000000        0.0000000000000000     
         1.0000000000000000        0.0000000000000000        1.0000000000000000     
         1.0000000000000000        1.0000000000000000        1.0000000000000000     
         1.0000000000000000       0.50000000000000000        0.0000000000000000     
         1.0000000000000000        0.0000000000000000       0.50000000000000000     
         1.0000000000000000       0.50000000000000000       0.50000000000000000     
         1.0000000000000000        1.0000000000000000       0.50000000000000000     
         1.0000000000000000       0.50000000000000000        1.0000000000000000     

 !NewElementMapDefinition
         406         812
         1.0000000000000000        0.0000000000000000        0.0000000000000000     
         1.0000000000000000        1.0000000000000000        0.0000000000000000     
         1.0000000000000000        0.0000000000000000        1.0000000000000000     
         1.0000000000000000        1.0000000000000000        1.0000000000000000     
         1.0000000000000000       0.50000000000000000        0.0000000000000000     
         1.0000000000000000        0.0000000000000000       0.50000000000000000     
         1.0000000000000000       0.50000000000000000       0.50000000000000000     
         1.0000000000000000        1.0000000000000000       0.50000000000000000     
         1.0000000000000000       0.50000000000000000        1.0000000000000000     

 !NewElementMapDefinition
         407         814
         1.0000000000000000        0.0000000000000000        0.0000000000000000     
         1.0000000000000000        1.0000000000000000        0.0000000000000000     
         1.0000000000000000        0.0000000000000000        1.0000000000000000     
         1.0000000000000000        1.0000000000000000        1.0000000000000000     
         1.0000000000000000       0.50000000000000000        0.0000000000000000     
         1.0000000000000000        0.0000000000000000       0.50000000000000000     
         1.0000000000000000       0.50000000000000000       0.50000000000000000     
         1.0000000000000000        1.0000000000000000       0.50000000000000000     
         1.0000000000000000       0.50000000000000000        1.0000000000000000     

 !NewElementMapDefinition
         408         816
         1.0000000000000000        0.0000000000000000        0.0000000000000000     
         1.0000000000000000        1.0000000000000000        0.0000000000000000     
         1.0000000000000000        0.0000000000000000        1.0000000000000000     
         1.0000000000000000        1.0000000000000000        1.0000000000000000     
         1.0000000000000000       0.50000000000000000        0.0000000000000000     
         1.0000000000000000        0.0000000000000000       0.50000000000000000     
         1.0000000000000000       0.50000000000000000       0.50000000000000000     
         1.0000000000000000        1.0000000000000000       0.50000000000000000     
         1.0000000000000000       0.50000000000000000        1.0000000000000000     

 !NewElementMapDefinition
         409         818
         1.0000000000000000        0.0000000000000000        0.0000000000000000     
         1.0000000000000000        1.0000000000000000        0.0000000000000000     
         1.0000000000000000        0.0000000000000000        1.0000000000000000     
         1.0000000000000000        1.0000000000000000        1.0000000000000000     
         1.0000000000000000       0.50000000000000000        0.0000000000000000     
         1.0000000000000000        0.0000000000000000       0.50000000000000000     
         1.0000000000000000       0.50000000000000000       0.50000000000000000     
         1.0000000000000000        1.0000000000000000       0.50000000000000000     
         1.0000000000000000       0.50000000000000000        1.0000000000000000     

 !NewElementMapDefinition
         410         820
         1.0000000000000000        0.0000000000000000        0.0000000000000000     
         1.0000000000000000        1.0000000000000000        0.0000000000000000     
         1.0000000000000000        0.0000000000000000        1.0000000000000000     
         1.0000000000000000        1.0000000000000000        1.0000000000000000     
         1.0000000000000000       0.50000000000000000        0.0000000000000000     
         1.0000000000000000        0.0000000000000000       0.50000000000000000     
         1.0000000000000000       0.50000000000000000       0.50000000000000000     
         1.0000000000000000        1.0000000000000000       0.50000000000000000     
         1.0000000000000000       0.50000000000000000        1.0000000000000000     

 !NewElementMapDefinition
         411         822
         1.0000000000000000        0.0000000000000000        0.0000000000000000     
         1.0000000000000000        1.0000000000000000        0.0000000000000000     
         1.0000000000000000        0.0000000000000000        1.0000000000000000     
         1.0000000000000000        1.0000000000000000        1.0000000000000000     
         1.0000000000000000       0.50000000000000000        0.0000000000000000     
         1.0000000000000000        0.0000000000000000       0.50000000000000000     
         1.0000000000000000       0.50000000000000000       0.50000000000000000     
         1.0000000000000000        1.0000000000000000       0.50000000000000000     
         1.0000000000000000       0.50000000000000000        1.0000000000000000     

 !NewElementMapDefinition
         412         824
         1.0000000000000000        0.0000000000000000        0.0000000000000000     
         1.0000000000000000        1.0000000000000000        0.0000000000000000     
         1.0000000000000000        0.0000000000000000        1.0000000000000000     
         1.0000000000000000        1.0000000000000000        1.0000000000000000     
         1.0000000000000000       0.50000000000000000        0.0000000000000000     
         1.0000000000000000        0.0000000000000000       0.50000000000000000     
         1.0000000000000000       0.50000000000000000       0.50000000000000000     
         1.0000000000000000        1.0000000000000000       0.50000000000000000     
         1.0000000000000000       0.50000000000000000        1.0000000000000000     

 !NewElementMapDefinition
         413         826
         1.0000000000000000        0.0000000000000000        0.0000000000000000     
         1.0000000000000000        1.0000000000000000        0.0000000000000000     
         1.0000000000000000        0.0000000000000000        1.0000000000000000     
         1.0000000000000000        1.0000000000000000        1.0000000000000000     
         1.0000000000000000       0.50000000000000000        0.0000000000000000     
         1.0000000000000000        0.0000000000000000       0.50000000000000000     
         1.0000000000000000       0.50000000000000000       0.50000000000000000     
         1.0000000000000000        1.0000000000000000       0.50000000000000000     
         1.0000000000000000       0.50000000000000000        1.0000000000000000     

 !NewElementMapDefinition
         414         828
         1.0000000000000000        0.0000000000000000        0.0000000000000000     
         1.0000000000000000        1.0000000000000000        0.0000000000000000     
         1.0000000000000000        0.0000000000000000        1.0000000000000000     
         1.0000000000000000        1.0000000000000000        1.0000000000000000     
         1.0000000000000000       0.50000000000000000        0.0000000000000000     
         1.0000000000000000        0.0000000000000000       0.50000000000000000     
         1.0000000000000000       0.50000000000000000       0.50000000000000000     
         1.0000000000000000        1.0000000000000000       0.50000000000000000     
         1.0000000000000000       0.50000000000000000        1.0000000000000000     

 !NewElementMapDefinition
         415         830
         1.0000000000000000        0.0000000000000000        0.0000000000000000     
         1.0000000000000000        1.0000000000000000        0.0000000000000000     
         1.0000000000000000        0.0000000000000000        1.0000000000000000     
         1.0000000000000000        1.0000000000000000        1.0000000000000000     
         1.0000000000000000       0.50000000000000000        0.0000000000000000     
         1.0000000000000000        0.0000000000000000       0.50000000000000000     
         1.0000000000000000       0.50000000000000000       0.50000000000000000     
         1.0000000000000000        1.0000000000000000       0.50000000000000000     
         1.0000000000000000       0.50000000000000000        1.0000000000000000     

 !NewElementMapDefinition
         416         832
         1.0000000000000000        0.0000000000000000        0.0000000000000000     
         1.0000000000000000        1.0000000000000000        0.0000000000000000     
         1.0000000000000000        0.0000000000000000        1.0000000000000000     
         1.0000000000000000        1.0000000000000000        1.0000000000000000     
         1.0000000000000000       0.50000000000000000        0.0000000000000000     
         1.0000000000000000        0.0000000000000000       0.50000000000000000     
         1.0000000000000000       0.50000000000000000       0.50000000000000000     
         1.0000000000000000        1.0000000000000000       0.50000000000000000     
         1.0000000000000000       0.50000000000000000        1.0000000000000000     

 !NewElementMapDefinition
         417         834
         1.0000000000000000        0.0000000000000000        0.0000000000000000     
         1.0000000000000000        1.0000000000000000        0.0000000000000000     
         1.0000000000000000        0.0000000000000000        1.0000000000000000     
         1.0000000000000000        1.0000000000000000        1.0000000000000000     
         1.0000000000000000       0.50000000000000000        0.0000000000000000     
         1.0000000000000000        0.0000000000000000       0.50000000000000000     
         1.0000000000000000       0.50000000000000000       0.50000000000000000     
         1.0000000000000000        1.0000000000000000       0.50000000000000000     
         1.0000000000000000       0.50000000000000000        1.0000000000000000     

 !NewElementMapDefinition
         418         836
         1.0000000000000000        0.0000000000000000        0.0000000000000000     
         1.0000000000000000        1.0000000000000000        0.0000000000000000     
         1.0000000000000000        0.0000000000000000        1.0000000000000000     
         1.0000000000000000        1.0000000000000000        1.0000000000000000     
         1.0000000000000000       0.50000000000000000        0.0000000000000000     
         1.0000000000000000        0.0000000000000000       0.50000000000000000     
         1.0000000000000000       0.50000000000000000       0.50000000000000000     
         1.0000000000000000        1.0000000000000000       0.50000000000000000     
         1.0000000000000000       0.50000000000000000        1.0000000000000000     

 !NewElementMapDefinition
         419         838
         1.0000000000000000        0.0000000000000000        0.0000000000000000     
         1.0000000000000000        1.0000000000000000        0.0000000000000000     
         1.0000000000000000        0.0000000000000000        1.0000000000000000     
         1.0000000000000000        1.0000000000000000        1.0000000000000000     
         1.0000000000000000       0.50000000000000000        0.0000000000000000     
         1.0000000000000000        0.0000000000000000       0.50000000000000000     
         1.0000000000000000       0.50000000000000000       0.50000000000000000     
         1.0000000000000000        1.0000000000000000       0.50000000000000000     
         1.0000000000000000       0.50000000000000000        1.0000000000000000     

 !NewElementMapDefinition
         420         840
         1.0000000000000000        0.0000000000000000        0.0000000000000000     
         1.0000000000000000        1.0000000000000000        0.0000000000000000     
         1.0000000000000000        0.0000000000000000        1.0000000000000000     
         1.0000000000000000        1.0000000000000000        1.0000000000000000     
         1.0000000000000000       0.50000000000000000        0.0000000000000000     
         1.0000000000000000        0.0000000000000000       0.50000000000000000     
         1.0000000000000000       0.50000000000000000       0.50000000000000000     
         1.0000000000000000        1.0000000000000000       0.50000000000000000     
         1.0000000000000000       0.50000000000000000        1.0000000000000000     

 !NewElementMapDefinition
         421         842
         1.0000000000000000        0.0000000000000000        0.0000000000000000     
         1.0000000000000000        1.0000000000000000        0.0000000000000000     
         1.0000000000000000        0.0000000000000000        1.0000000000000000     
         1.0000000000000000        1.0000000000000000        1.0000000000000000     
         1.0000000000000000       0.50000000000000000        0.0000000000000000     
         1.0000000000000000        0.0000000000000000       0.50000000000000000     
         1.0000000000000000       0.50000000000000000       0.50000000000000000     
         1.0000000000000000        1.0000000000000000       0.50000000000000000     
         1.0000000000000000       0.50000000000000000        1.0000000000000000     

 !NewElementMapDefinition
         422         844
         1.0000000000000000        0.0000000000000000        0.0000000000000000     
         1.0000000000000000        1.0000000000000000        0.0000000000000000     
         1.0000000000000000        0.0000000000000000        1.0000000000000000     
         1.0000000000000000        1.0000000000000000        1.0000000000000000     
         1.0000000000000000       0.50000000000000000        0.0000000000000000     
         1.0000000000000000        0.0000000000000000       0.50000000000000000     
         1.0000000000000000       0.50000000000000000       0.50000000000000000     
         1.0000000000000000        1.0000000000000000       0.50000000000000000     
         1.0000000000000000       0.50000000000000000        1.0000000000000000     

 !NewElementMapDefinition
         423         846
         1.0000000000000000        0.0000000000000000        0.0000000000000000     
         1.0000000000000000        1.0000000000000000        0.0000000000000000     
         1.0000000000000000        0.0000000000000000        1.0000000000000000     
         1.0000000000000000        1.0000000000000000        1.0000000000000000     
         1.0000000000000000       0.50000000000000000        0.0000000000000000     
         1.0000000000000000        0.0000000000000000       0.50000000000000000     
         1.0000000000000000       0.50000000000000000       0.50000000000000000     
         1.0000000000000000        1.0000000000000000       0.50000000000000000     
         1.0000000000000000       0.50000000000000000        1.0000000000000000     

 !NewElementMapDefinition
         424         848
         1.0000000000000000        0.0000000000000000        0.0000000000000000     
         1.0000000000000000        1.0000000000000000        0.0000000000000000     
         1.0000000000000000        0.0000000000000000        1.0000000000000000     
         1.0000000000000000        1.0000000000000000        1.0000000000000000     
         1.0000000000000000       0.50000000000000000        0.0000000000000000     
         1.0000000000000000        0.0000000000000000       0.50000000000000000     
         1.0000000000000000       0.50000000000000000       0.50000000000000000     
         1.0000000000000000        1.0000000000000000       0.50000000000000000     
         1.0000000000000000       0.50000000000000000        1.0000000000000000     

 !NewElementMapDefinition
         425         850
         1.0000000000000000        0.0000000000000000        0.0000000000000000     
         1.0000000000000000        1.0000000000000000        0.0000000000000000     
         1.0000000000000000        0.0000000000000000        1.0000000000000000     
         1.0000000000000000        1.0000000000000000        1.0000000000000000     
         1.0000000000000000       0.50000000000000000        0.0000000000000000     
         1.0000000000000000        0.0000000000000000       0.50000000000000000     
         1.0000000000000000       0.50000000000000000       0.50000000000000000     
         1.0000000000000000        1.0000000000000000       0.50000000000000000     
         1.0000000000000000       0.50000000000000000        1.0000000000000000     

 !NewElementMapDefinition
         426         852
         1.0000000000000000        0.0000000000000000        0.0000000000000000     
         1.0000000000000000        1.0000000000000000        0.0000000000000000     
         1.0000000000000000        0.0000000000000000        1.0000000000000000     
         1.0000000000000000        1.0000000000000000        1.0000000000000000     
         1.0000000000000000       0.50000000000000000        0.0000000000000000     
         1.0000000000000000        0.0000000000000000       0.50000000000000000     
         1.0000000000000000       0.50000000000000000       0.50000000000000000     
         1.0000000000000000        1.0000000000000000       0.50000000000000000     
         1.0000000000000000       0.50000000000000000        1.0000000000000000     

 !NewElementMapDefinition
         427         854
         1.0000000000000000        0.0000000000000000        0.0000000000000000     
         1.0000000000000000        1.0000000000000000        0.0000000000000000     
         1.0000000000000000        0.0000000000000000        1.0000000000000000     
         1.0000000000000000        1.0000000000000000        1.0000000000000000     
         1.0000000000000000       0.50000000000000000        0.0000000000000000     
         1.0000000000000000        0.0000000000000000       0.50000000000000000     
         1.0000000000000000       0.50000000000000000       0.50000000000000000     
         1.0000000000000000        1.0000000000000000       0.50000000000000000     
         1.0000000000000000       0.50000000000000000        1.0000000000000000     

 !NewElementMapDefinition
         428         856
         1.0000000000000000        0.0000000000000000        0.0000000000000000     
         1.0000000000000000        1.0000000000000000        0.0000000000000000     
         1.0000000000000000        0.0000000000000000        1.0000000000000000     
         1.0000000000000000        1.0000000000000000        1.0000000000000000     
         1.0000000000000000       0.50000000000000000        0.0000000000000000     
         1.0000000000000000        0.0000000000000000       0.50000000000000000     
         1.0000000000000000       0.50000000000000000       0.50000000000000000     
         1.0000000000000000        1.0000000000000000       0.50000000000000000     
         1.0000000000000000       0.50000000000000000        1.0000000000000000     

 !NewElementMapDefinition
         429         858
         1.0000000000000000        0.0000000000000000        0.0000000000000000     
         1.0000000000000000        1.0000000000000000        0.0000000000000000     
         1.0000000000000000        0.0000000000000000        1.0000000000000000     
         1.0000000000000000        1.0000000000000000        1.0000000000000000     
         1.0000000000000000       0.50000000000000000        0.0000000000000000     
         1.0000000000000000        0.0000000000000000       0.50000000000000000     
         1.0000000000000000       0.50000000000000000       0.50000000000000000     
         1.0000000000000000        1.0000000000000000       0.50000000000000000     
         1.0000000000000000       0.50000000000000000        1.0000000000000000     

 !NewElementMapDefinition
         430         860
         1.0000000000000000        0.0000000000000000        0.0000000000000000     
         1.0000000000000000        1.0000000000000000        0.0000000000000000     
         1.0000000000000000        0.0000000000000000        1.0000000000000000     
         1.0000000000000000        1.0000000000000000        1.0000000000000000     
         1.0000000000000000       0.50000000000000000        0.0000000000000000     
         1.0000000000000000        0.0000000000000000       0.50000000000000000     
         1.0000000000000000       0.50000000000000000       0.50000000000000000     
         1.0000000000000000        1.0000000000000000       0.50000000000000000     
         1.0000000000000000       0.50000000000000000        1.0000000000000000     

 !NewElementMapDefinition
         431         862
         1.0000000000000000        0.0000000000000000        0.0000000000000000     
         1.0000000000000000        1.0000000000000000        0.0000000000000000     
         1.0000000000000000        0.0000000000000000        1.0000000000000000     
         1.0000000000000000        1.0000000000000000        1.0000000000000000     
         1.0000000000000000       0.50000000000000000        0.0000000000000000     
         1.0000000000000000        0.0000000000000000       0.50000000000000000     
         1.0000000000000000       0.50000000000000000       0.50000000000000000     
         1.0000000000000000        1.0000000000000000       0.50000000000000000     
         1.0000000000000000       0.50000000000000000        1.0000000000000000     

 !NewElementMapDefinition
         432         864
         1.0000000000000000        0.0000000000000000        0.0000000000000000     
         1.0000000000000000        1.0000000000000000        0.0000000000000000     
         1.0000000000000000        0.0000000000000000        1.0000000000000000     
         1.0000000000000000        1.0000000000000000        1.0000000000000000     
         1.0000000000000000       0.50000000000000000        0.0000000000000000     
         1.0000000000000000        0.0000000000000000       0.50000000000000000     
         1.0000000000000000       0.50000000000000000       0.50000000000000000     
         1.0000000000000000        1.0000000000000000       0.50000000000000000     
         1.0000000000000000       0.50000000000000000        1.0000000000000000     

 !NewElementMapDefinition
         433         866
         1.0000000000000000        0.0000000000000000        0.0000000000000000     
         1.0000000000000000        1.0000000000000000        0.0000000000000000     
         1.0000000000000000        0.0000000000000000        1.0000000000000000     
         1.0000000000000000        1.0000000000000000        1.0000000000000000     
         1.0000000000000000       0.50000000000000000        0.0000000000000000     
         1.0000000000000000        0.0000000000000000       0.50000000000000000     
         1.0000000000000000       0.50000000000000000       0.50000000000000000     
         1.0000000000000000        1.0000000000000000       0.50000000000000000     
         1.0000000000000000       0.50000000000000000        1.0000000000000000     

 !NewElementMapDefinition
         434         868
         1.0000000000000000        0.0000000000000000        0.0000000000000000     
         1.0000000000000000        1.0000000000000000        0.0000000000000000     
         1.0000000000000000        0.0000000000000000        1.0000000000000000     
         1.0000000000000000        1.0000000000000000        1.0000000000000000     
         1.0000000000000000       0.50000000000000000        0.0000000000000000     
         1.0000000000000000        0.0000000000000000       0.50000000000000000     
         1.0000000000000000       0.50000000000000000       0.50000000000000000     
         1.0000000000000000        1.0000000000000000       0.50000000000000000     
         1.0000000000000000       0.50000000000000000        1.0000000000000000     

 !NewElementMapDefinition
         435         870
         1.0000000000000000        0.0000000000000000        0.0000000000000000     
         1.0000000000000000        1.0000000000000000        0.0000000000000000     
         1.0000000000000000        0.0000000000000000        1.0000000000000000     
         1.0000000000000000        1.0000000000000000        1.0000000000000000     
         1.0000000000000000       0.50000000000000000        0.0000000000000000     
         1.0000000000000000        0.0000000000000000       0.50000000000000000     
         1.0000000000000000       0.50000000000000000       0.50000000000000000     
         1.0000000000000000        1.0000000000000000       0.50000000000000000     
         1.0000000000000000       0.50000000000000000        1.0000000000000000     

 !NewElementMapDefinition
         436         872
         1.0000000000000000        0.0000000000000000        0.0000000000000000     
         1.0000000000000000        1.0000000000000000        0.0000000000000000     
         1.0000000000000000        0.0000000000000000        1.0000000000000000     
         1.0000000000000000        1.0000000000000000        1.0000000000000000     
         1.0000000000000000       0.50000000000000000        0.0000000000000000     
         1.0000000000000000        0.0000000000000000       0.50000000000000000     
         1.0000000000000000       0.50000000000000000       0.50000000000000000     
         1.0000000000000000        1.0000000000000000       0.50000000000000000     
         1.0000000000000000       0.50000000000000000        1.0000000000000000     

 !NewElementMapDefinition
         437         874
         1.0000000000000000        0.0000000000000000        0.0000000000000000     
         1.0000000000000000        1.0000000000000000        0.0000000000000000     
         1.0000000000000000        0.0000000000000000        1.0000000000000000     
         1.0000000000000000        1.0000000000000000        1.0000000000000000     
         1.0000000000000000       0.50000000000000000        0.0000000000000000     
         1.0000000000000000        0.0000000000000000       0.50000000000000000     
         1.0000000000000000       0.50000000000000000       0.50000000000000000     
         1.0000000000000000        1.0000000000000000       0.50000000000000000     
         1.0000000000000000       0.50000000000000000        1.0000000000000000     

 !NewElementMapDefinition
         438         876
         1.0000000000000000        0.0000000000000000        0.0000000000000000     
         1.0000000000000000        1.0000000000000000        0.0000000000000000     
         1.0000000000000000        0.0000000000000000        1.0000000000000000     
         1.0000000000000000        1.0000000000000000        1.0000000000000000     
         1.0000000000000000       0.50000000000000000        0.0000000000000000     
         1.0000000000000000        0.0000000000000000       0.50000000000000000     
         1.0000000000000000       0.50000000000000000       0.50000000000000000     
         1.0000000000000000        1.0000000000000000       0.50000000000000000     
         1.0000000000000000       0.50000000000000000        1.0000000000000000     

 !NewElementMapDefinition
         439         878
         1.0000000000000000        0.0000000000000000        0.0000000000000000     
         1.0000000000000000        1.0000000000000000        0.0000000000000000     
         1.0000000000000000        0.0000000000000000        1.0000000000000000     
         1.0000000000000000        1.0000000000000000        1.0000000000000000     
         1.0000000000000000       0.50000000000000000        0.0000000000000000     
         1.0000000000000000        0.0000000000000000       0.50000000000000000     
         1.0000000000000000       0.50000000000000000       0.50000000000000000     
         1.0000000000000000        1.0000000000000000       0.50000000000000000     
         1.0000000000000000       0.50000000000000000        1.0000000000000000     

 !NewElementMapDefinition
         440         880
         1.0000000000000000        0.0000000000000000        0.0000000000000000     
         1.0000000000000000        1.0000000000000000        0.0000000000000000     
         1.0000000000000000        0.0000000000000000        1.0000000000000000     
         1.0000000000000000        1.0000000000000000        1.0000000000000000     
         1.0000000000000000       0.50000000000000000        0.0000000000000000     
         1.0000000000000000        0.0000000000000000       0.50000000000000000     
         1.0000000000000000       0.50000000000000000       0.50000000000000000     
         1.0000000000000000        1.0000000000000000       0.50000000000000000     
         1.0000000000000000       0.50000000000000000        1.0000000000000000     

 !NewElementMapDefinition
         441         882
         1.0000000000000000        0.0000000000000000        0.0000000000000000     
         1.0000000000000000        1.0000000000000000        0.0000000000000000     
         1.0000000000000000        0.0000000000000000        1.0000000000000000     
         1.0000000000000000        1.0000000000000000        1.0000000000000000     
         1.0000000000000000       0.50000000000000000        0.0000000000000000     
         1.0000000000000000        0.0000000000000000       0.50000000000000000     
         1.0000000000000000       0.50000000000000000       0.50000000000000000     
         1.0000000000000000        1.0000000000000000       0.50000000000000000     
         1.0000000000000000       0.50000000000000000        1.0000000000000000     

 !NewElementMapDefinition
         442         884
         1.0000000000000000        0.0000000000000000        0.0000000000000000     
         1.0000000000000000        1.0000000000000000        0.0000000000000000     
         1.0000000000000000        0.0000000000000000        1.0000000000000000     
         1.0000000000000000        1.0000000000000000        1.0000000000000000     
         1.0000000000000000       0.50000000000000000        0.0000000000000000     
         1.0000000000000000        0.0000000000000000       0.50000000000000000     
         1.0000000000000000       0.50000000000000000       0.50000000000000000     
         1.0000000000000000        1.0000000000000000       0.50000000000000000     
         1.0000000000000000       0.50000000000000000        1.0000000000000000     

 !NewElementMapDefinition
         443         886
         1.0000000000000000        0.0000000000000000        0.0000000000000000     
         1.0000000000000000        1.0000000000000000        0.0000000000000000     
         1.0000000000000000        0.0000000000000000        1.0000000000000000     
         1.0000000000000000        1.0000000000000000        1.0000000000000000     
         1.0000000000000000       0.50000000000000000        0.0000000000000000     
         1.0000000000000000        0.0000000000000000       0.50000000000000000     
         1.0000000000000000       0.50000000000000000       0.50000000000000000     
         1.0000000000000000        1.0000000000000000       0.50000000000000000     
         1.0000000000000000       0.50000000000000000        1.0000000000000000     

 !NewElementMapDefinition
         444         888
         1.0000000000000000        0.0000000000000000        0.0000000000000000     
         1.0000000000000000        1.0000000000000000        0.0000000000000000     
         1.0000000000000000        0.0000000000000000        1.0000000000000000     
         1.0000000000000000        1.0000000000000000        1.0000000000000000     
         1.0000000000000000       0.50000000000000000        0.0000000000000000     
         1.0000000000000000        0.0000000000000000       0.50000000000000000     
         1.0000000000000000       0.50000000000000000       0.50000000000000000     
         1.0000000000000000        1.0000000000000000       0.50000000000000000     
         1.0000000000000000       0.50000000000000000        1.0000000000000000     

 !NewElementMapDefinition
         445         890
         1.0000000000000000        0.0000000000000000        0.0000000000000000     
         1.0000000000000000        1.0000000000000000        0.0000000000000000     
         1.0000000000000000        0.0000000000000000        1.0000000000000000     
         1.0000000000000000        1.0000000000000000        1.0000000000000000     
         1.0000000000000000       0.50000000000000000        0.0000000000000000     
         1.0000000000000000        0.0000000000000000       0.50000000000000000     
         1.0000000000000000       0.50000000000000000       0.50000000000000000     
         1.0000000000000000        1.0000000000000000       0.50000000000000000     
         1.0000000000000000       0.50000000000000000        1.0000000000000000     

 !NewElementMapDefinition
         446         892
         1.0000000000000000        0.0000000000000000        0.0000000000000000     
         1.0000000000000000        1.0000000000000000        0.0000000000000000     
         1.0000000000000000        0.0000000000000000        1.0000000000000000     
         1.0000000000000000        1.0000000000000000        1.0000000000000000     
         1.0000000000000000       0.50000000000000000        0.0000000000000000     
         1.0000000000000000        0.0000000000000000       0.50000000000000000     
         1.0000000000000000       0.50000000000000000       0.50000000000000000     
         1.0000000000000000        1.0000000000000000       0.50000000000000000     
         1.0000000000000000       0.50000000000000000        1.0000000000000000     

 !NewElementMapDefinition
         447         894
         1.0000000000000000        0.0000000000000000        0.0000000000000000     
         1.0000000000000000        1.0000000000000000        0.0000000000000000     
         1.0000000000000000        0.0000000000000000        1.0000000000000000     
         1.0000000000000000        1.0000000000000000        1.0000000000000000     
         1.0000000000000000       0.50000000000000000        0.0000000000000000     
         1.0000000000000000        0.0000000000000000       0.50000000000000000     
         1.0000000000000000       0.50000000000000000       0.50000000000000000     
         1.0000000000000000        1.0000000000000000       0.50000000000000000     
         1.0000000000000000       0.50000000000000000        1.0000000000000000     

 !NewElementMapDefinition
         448         896
         1.0000000000000000        0.0000000000000000        0.0000000000000000     
         1.0000000000000000        1.0000000000000000        0.0000000000000000     
         1.0000000000000000        0.0000000000000000        1.0000000000000000     
         1.0000000000000000        1.0000000000000000        1.0000000000000000     
         1.0000000000000000       0.50000000000000000        0.0000000000000000     
         1.0000000000000000        0.0000000000000000       0.50000000000000000     
         1.0000000000000000       0.50000000000000000       0.50000000000000000     
         1.0000000000000000        1.0000000000000000       0.50000000000000000     
         1.0000000000000000       0.50000000000000000        1.0000000000000000     

 !NewElementMapDefinition
         449         898
         1.0000000000000000        0.0000000000000000        0.0000000000000000     
         1.0000000000000000        1.0000000000000000        0.0000000000000000     
         1.0000000000000000        0.0000000000000000        1.0000000000000000     
         1.0000000000000000        1.0000000000000000        1.0000000000000000     
         1.0000000000000000       0.50000000000000000        0.0000000000000000     
         1.0000000000000000        0.0000000000000000       0.50000000000000000     
         1.0000000000000000       0.50000000000000000       0.50000000000000000     
         1.0000000000000000        1.0000000000000000       0.50000000000000000     
         1.0000000000000000       0.50000000000000000        1.0000000000000000     

 !NewElementMapDefinition
         450         900
         1.0000000000000000        0.0000000000000000        0.0000000000000000     
         1.0000000000000000        1.0000000000000000        0.0000000000000000     
         1.0000000000000000        0.0000000000000000        1.0000000000000000     
         1.0000000000000000        1.0000000000000000        1.0000000000000000     
         1.0000000000000000       0.50000000000000000        0.0000000000000000     
         1.0000000000000000        0.0000000000000000       0.50000000000000000     
         1.0000000000000000       0.50000000000000000       0.50000000000000000     
         1.0000000000000000        1.0000000000000000       0.50000000000000000     
         1.0000000000000000       0.50000000000000000        1.0000000000000000     

 !NewElementMapDefinition
         451         902
         1.0000000000000000        0.0000000000000000        0.0000000000000000     
         1.0000000000000000        1.0000000000000000        0.0000000000000000     
         1.0000000000000000        0.0000000000000000        1.0000000000000000     
         1.0000000000000000        1.0000000000000000        1.0000000000000000     
         1.0000000000000000       0.50000000000000000        0.0000000000000000     
         1.0000000000000000        0.0000000000000000       0.50000000000000000     
         1.0000000000000000       0.50000000000000000       0.50000000000000000     
         1.0000000000000000        1.0000000000000000       0.50000000000000000     
         1.0000000000000000       0.50000000000000000        1.0000000000000000     

 !NewElementMapDefinition
         452         904
         1.0000000000000000        0.0000000000000000        0.0000000000000000     
         1.0000000000000000        1.0000000000000000        0.0000000000000000     
         1.0000000000000000        0.0000000000000000        1.0000000000000000     
         1.0000000000000000        1.0000000000000000        1.0000000000000000     
         1.0000000000000000       0.50000000000000000        0.0000000000000000     
         1.0000000000000000        0.0000000000000000       0.50000000000000000     
         1.0000000000000000       0.50000000000000000       0.50000000000000000     
         1.0000000000000000        1.0000000000000000       0.50000000000000000     
         1.0000000000000000       0.50000000000000000        1.0000000000000000     

 !NewElementMapDefinition
         453         906
         1.0000000000000000        0.0000000000000000        0.0000000000000000     
         1.0000000000000000        1.0000000000000000        0.0000000000000000     
         1.0000000000000000        0.0000000000000000        1.0000000000000000     
         1.0000000000000000        1.0000000000000000        1.0000000000000000     
         1.0000000000000000       0.50000000000000000        0.0000000000000000     
         1.0000000000000000        0.0000000000000000       0.50000000000000000     
         1.0000000000000000       0.50000000000000000       0.50000000000000000     
         1.0000000000000000        1.0000000000000000       0.50000000000000000     
         1.0000000000000000       0.50000000000000000        1.0000000000000000     

 !NewElementMapDefinition
         454         908
         1.0000000000000000        0.0000000000000000        0.0000000000000000     
         1.0000000000000000        1.0000000000000000        0.0000000000000000     
         1.0000000000000000        0.0000000000000000        1.0000000000000000     
         1.0000000000000000        1.0000000000000000        1.0000000000000000     
         1.0000000000000000       0.50000000000000000        0.0000000000000000     
         1.0000000000000000        0.0000000000000000       0.50000000000000000     
         1.0000000000000000       0.50000000000000000       0.50000000000000000     
         1.0000000000000000        1.0000000000000000       0.50000000000000000     
         1.0000000000000000       0.50000000000000000        1.0000000000000000     

 !NewElementMapDefinition
         455         910
         1.0000000000000000        0.0000000000000000        0.0000000000000000     
         1.0000000000000000        1.0000000000000000        0.0000000000000000     
         1.0000000000000000        0.0000000000000000        1.0000000000000000     
         1.0000000000000000        1.0000000000000000        1.0000000000000000     
         1.0000000000000000       0.50000000000000000        0.0000000000000000     
         1.0000000000000000        0.0000000000000000       0.50000000000000000     
         1.0000000000000000       0.50000000000000000       0.50000000000000000     
         1.0000000000000000        1.0000000000000000       0.50000000000000000     
         1.0000000000000000       0.50000000000000000        1.0000000000000000     

 !NewElementMapDefinition
         456         912
         1.0000000000000000        0.0000000000000000        0.0000000000000000     
         1.0000000000000000        1.0000000000000000        0.0000000000000000     
         1.0000000000000000        0.0000000000000000        1.0000000000000000     
         1.0000000000000000        1.0000000000000000        1.0000000000000000     
         1.0000000000000000       0.50000000000000000        0.0000000000000000     
         1.0000000000000000        0.0000000000000000       0.50000000000000000     
         1.0000000000000000       0.50000000000000000       0.50000000000000000     
         1.0000000000000000        1.0000000000000000       0.50000000000000000     
         1.0000000000000000       0.50000000000000000        1.0000000000000000     

 !NewElementMapDefinition
         457         914
         1.0000000000000000        0.0000000000000000        0.0000000000000000     
         1.0000000000000000        1.0000000000000000        0.0000000000000000     
         1.0000000000000000        0.0000000000000000        1.0000000000000000     
         1.0000000000000000        1.0000000000000000        1.0000000000000000     
         1.0000000000000000       0.50000000000000000        0.0000000000000000     
         1.0000000000000000        0.0000000000000000       0.50000000000000000     
         1.0000000000000000       0.50000000000000000       0.50000000000000000     
         1.0000000000000000        1.0000000000000000       0.50000000000000000     
         1.0000000000000000       0.50000000000000000        1.0000000000000000     

 !NewElementMapDefinition
         458         916
         1.0000000000000000        0.0000000000000000        0.0000000000000000     
         1.0000000000000000        1.0000000000000000        0.0000000000000000     
         1.0000000000000000        0.0000000000000000        1.0000000000000000     
         1.0000000000000000        1.0000000000000000        1.0000000000000000     
         1.0000000000000000       0.50000000000000000        0.0000000000000000     
         1.0000000000000000        0.0000000000000000       0.50000000000000000     
         1.0000000000000000       0.50000000000000000       0.50000000000000000     
         1.0000000000000000        1.0000000000000000       0.50000000000000000     
         1.0000000000000000       0.50000000000000000        1.0000000000000000     

 !NewElementMapDefinition
         459         918
         1.0000000000000000        0.0000000000000000        0.0000000000000000     
         1.0000000000000000        1.0000000000000000        0.0000000000000000     
         1.0000000000000000        0.0000000000000000        1.0000000000000000     
         1.0000000000000000        1.0000000000000000        1.0000000000000000     
         1.0000000000000000       0.50000000000000000        0.0000000000000000     
         1.0000000000000000        0.0000000000000000       0.50000000000000000     
         1.0000000000000000       0.50000000000000000       0.50000000000000000     
         1.0000000000000000        1.0000000000000000       0.50000000000000000     
         1.0000000000000000       0.50000000000000000        1.0000000000000000     

 !NewElementMapDefinition
         460         920
         1.0000000000000000        0.0000000000000000        0.0000000000000000     
         1.0000000000000000        1.0000000000000000        0.0000000000000000     
         1.0000000000000000        0.0000000000000000        1.0000000000000000     
         1.0000000000000000        1.0000000000000000        1.0000000000000000     
         1.0000000000000000       0.50000000000000000        0.0000000000000000     
         1.0000000000000000        0.0000000000000000       0.50000000000000000     
         1.0000000000000000       0.50000000000000000       0.50000000000000000     
         1.0000000000000000        1.0000000000000000       0.50000000000000000     
         1.0000000000000000       0.50000000000000000        1.0000000000000000     

 !NewElementMapDefinition
         461         922
         1.0000000000000000        0.0000000000000000        0.0000000000000000     
         1.0000000000000000        1.0000000000000000        0.0000000000000000     
         1.0000000000000000        0.0000000000000000        1.0000000000000000     
         1.0000000000000000        1.0000000000000000        1.0000000000000000     
         1.0000000000000000       0.50000000000000000        0.0000000000000000     
         1.0000000000000000        0.0000000000000000       0.50000000000000000     
         1.0000000000000000       0.50000000000000000       0.50000000000000000     
         1.0000000000000000        1.0000000000000000       0.50000000000000000     
         1.0000000000000000       0.50000000000000000        1.0000000000000000     

 !NewElementMapDefinition
         462         924
         1.0000000000000000        0.0000000000000000        0.0000000000000000     
         1.0000000000000000        1.0000000000000000        0.0000000000000000     
         1.0000000000000000        0.0000000000000000        1.0000000000000000     
         1.0000000000000000        1.0000000000000000        1.0000000000000000     
         1.0000000000000000       0.50000000000000000        0.0000000000000000     
         1.0000000000000000        0.0000000000000000       0.50000000000000000     
         1.0000000000000000       0.50000000000000000       0.50000000000000000     
         1.0000000000000000        1.0000000000000000       0.50000000000000000     
         1.0000000000000000       0.50000000000000000        1.0000000000000000     

 !NewElementMapDefinition
         463         926
         1.0000000000000000        0.0000000000000000        0.0000000000000000     
         1.0000000000000000        1.0000000000000000        0.0000000000000000     
         1.0000000000000000        0.0000000000000000        1.0000000000000000     
         1.0000000000000000        1.0000000000000000        1.0000000000000000     
         1.0000000000000000       0.50000000000000000        0.0000000000000000     
         1.0000000000000000        0.0000000000000000       0.50000000000000000     
         1.0000000000000000       0.50000000000000000       0.50000000000000000     
         1.0000000000000000        1.0000000000000000       0.50000000000000000     
         1.0000000000000000       0.50000000000000000        1.0000000000000000     

 !NewElementMapDefinition
         464         928
         1.0000000000000000        0.0000000000000000        0.0000000000000000     
         1.0000000000000000        1.0000000000000000        0.0000000000000000     
         1.0000000000000000        0.0000000000000000        1.0000000000000000     
         1.0000000000000000        1.0000000000000000        1.0000000000000000     
         1.0000000000000000       0.50000000000000000        0.0000000000000000     
         1.0000000000000000        0.0000000000000000       0.50000000000000000     
         1.0000000000000000       0.50000000000000000       0.50000000000000000     
         1.0000000000000000        1.0000000000000000       0.50000000000000000     
         1.0000000000000000       0.50000000000000000        1.0000000000000000     

 !NewElementMapDefinition
         465         930
         1.0000000000000000        0.0000000000000000        0.0000000000000000     
         1.0000000000000000        1.0000000000000000        0.0000000000000000     
         1.0000000000000000        0.0000000000000000        1.0000000000000000     
         1.0000000000000000        1.0000000000000000        1.0000000000000000     
         1.0000000000000000       0.50000000000000000        0.0000000000000000     
         1.0000000000000000        0.0000000000000000       0.50000000000000000     
         1.0000000000000000       0.50000000000000000       0.50000000000000000     
         1.0000000000000000        1.0000000000000000       0.50000000000000000     
         1.0000000000000000       0.50000000000000000        1.0000000000000000     

 !NewElementMapDefinition
         466         932
         1.0000000000000000        0.0000000000000000        0.0000000000000000     
         1.0000000000000000        1.0000000000000000        0.0000000000000000     
         1.0000000000000000        0.0000000000000000        1.0000000000000000     
         1.0000000000000000        1.0000000000000000        1.0000000000000000     
         1.0000000000000000       0.50000000000000000        0.0000000000000000     
         1.0000000000000000        0.0000000000000000       0.50000000000000000     
         1.0000000000000000       0.50000000000000000       0.50000000000000000     
         1.0000000000000000        1.0000000000000000       0.50000000000000000     
         1.0000000000000000       0.50000000000000000        1.0000000000000000     

 !NewElementMapDefinition
         467         934
         1.0000000000000000        0.0000000000000000        0.0000000000000000     
         1.0000000000000000        1.0000000000000000        0.0000000000000000     
         1.0000000000000000        0.0000000000000000        1.0000000000000000     
         1.0000000000000000        1.0000000000000000        1.0000000000000000     
         1.0000000000000000       0.50000000000000000        0.0000000000000000     
         1.0000000000000000        0.0000000000000000       0.50000000000000000     
         1.0000000000000000       0.50000000000000000       0.50000000000000000     
         1.0000000000000000        1.0000000000000000       0.50000000000000000     
         1.0000000000000000       0.50000000000000000        1.0000000000000000     

 !NewElementMapDefinition
         468         936
         1.0000000000000000        0.0000000000000000        0.0000000000000000     
         1.0000000000000000        1.0000000000000000        0.0000000000000000     
         1.0000000000000000        0.0000000000000000        1.0000000000000000     
         1.0000000000000000        1.0000000000000000        1.0000000000000000     
         1.0000000000000000       0.50000000000000000        0.0000000000000000     
         1.0000000000000000        0.0000000000000000       0.50000000000000000     
         1.0000000000000000       0.50000000000000000       0.50000000000000000     
         1.0000000000000000        1.0000000000000000       0.50000000000000000     
         1.0000000000000000       0.50000000000000000        1.0000000000000000     

 !NewElementMapDefinition
         469         938
         1.0000000000000000        0.0000000000000000        0.0000000000000000     
         1.0000000000000000        1.0000000000000000        0.0000000000000000     
         1.0000000000000000        0.0000000000000000        1.0000000000000000     
         1.0000000000000000        1.0000000000000000        1.0000000000000000     
         1.0000000000000000       0.50000000000000000        0.0000000000000000     
         1.0000000000000000        0.0000000000000000       0.50000000000000000     
         1.0000000000000000       0.50000000000000000       0.50000000000000000     
         1.0000000000000000        1.0000000000000000       0.50000000000000000     
         1.0000000000000000       0.50000000000000000        1.0000000000000000     

 !NewElementMapDefinition
         470         940
         1.0000000000000000        0.0000000000000000        0.0000000000000000     
         1.0000000000000000        1.0000000000000000        0.0000000000000000     
         1.0000000000000000        0.0000000000000000        1.0000000000000000     
         1.0000000000000000        1.0000000000000000        1.0000000000000000     
         1.0000000000000000       0.50000000000000000        0.0000000000000000     
         1.0000000000000000        0.0000000000000000       0.50000000000000000     
         1.0000000000000000       0.50000000000000000       0.50000000000000000     
         1.0000000000000000        1.0000000000000000       0.50000000000000000     
         1.0000000000000000       0.50000000000000000        1.0000000000000000     

 !NewElementMapDefinition
         471         942
         1.0000000000000000        0.0000000000000000        0.0000000000000000     
         1.0000000000000000        1.0000000000000000        0.0000000000000000     
         1.0000000000000000        0.0000000000000000        1.0000000000000000     
         1.0000000000000000        1.0000000000000000        1.0000000000000000     
         1.0000000000000000       0.50000000000000000        0.0000000000000000     
         1.0000000000000000        0.0000000000000000       0.50000000000000000     
         1.0000000000000000       0.50000000000000000       0.50000000000000000     
         1.0000000000000000        1.0000000000000000       0.50000000000000000     
         1.0000000000000000       0.50000000000000000        1.0000000000000000     

 !NewElementMapDefinition
         472         944
         1.0000000000000000        0.0000000000000000        0.0000000000000000     
         1.0000000000000000        1.0000000000000000        0.0000000000000000     
         1.0000000000000000        0.0000000000000000        1.0000000000000000     
         1.0000000000000000        1.0000000000000000        1.0000000000000000     
         1.0000000000000000       0.50000000000000000        0.0000000000000000     
         1.0000000000000000        0.0000000000000000       0.50000000000000000     
         1.0000000000000000       0.50000000000000000       0.50000000000000000     
         1.0000000000000000        1.0000000000000000       0.50000000000000000     
         1.0000000000000000       0.50000000000000000        1.0000000000000000     

 !NewElementMapDefinition
         473         946
         1.0000000000000000        0.0000000000000000        0.0000000000000000     
         1.0000000000000000        1.0000000000000000        0.0000000000000000     
         1.0000000000000000        0.0000000000000000        1.0000000000000000     
         1.0000000000000000        1.0000000000000000        1.0000000000000000     
         1.0000000000000000       0.50000000000000000        0.0000000000000000     
         1.0000000000000000        0.0000000000000000       0.50000000000000000     
         1.0000000000000000       0.50000000000000000       0.50000000000000000     
         1.0000000000000000        1.0000000000000000       0.50000000000000000     
         1.0000000000000000       0.50000000000000000        1.0000000000000000     

 !NewElementMapDefinition
         474         948
         1.0000000000000000        0.0000000000000000        0.0000000000000000     
         1.0000000000000000        1.0000000000000000        0.0000000000000000     
         1.0000000000000000        0.0000000000000000        1.0000000000000000     
         1.0000000000000000        1.0000000000000000        1.0000000000000000     
         1.0000000000000000       0.50000000000000000        0.0000000000000000     
         1.0000000000000000        0.0000000000000000       0.50000000000000000     
         1.0000000000000000       0.50000000000000000       0.50000000000000000     
         1.0000000000000000        1.0000000000000000       0.50000000000000000     
         1.0000000000000000       0.50000000000000000        1.0000000000000000     

 !NewElementMapDefinition
         475         950
         1.0000000000000000        0.0000000000000000        0.0000000000000000     
         1.0000000000000000        1.0000000000000000        0.0000000000000000     
         1.0000000000000000        0.0000000000000000        1.0000000000000000     
         1.0000000000000000        1.0000000000000000        1.0000000000000000     
         1.0000000000000000       0.50000000000000000        0.0000000000000000     
         1.0000000000000000        0.0000000000000000       0.50000000000000000     
         1.0000000000000000       0.50000000000000000       0.50000000000000000     
         1.0000000000000000        1.0000000000000000       0.50000000000000000     
         1.0000000000000000       0.50000000000000000        1.0000000000000000     

 !NewElementMapDefinition
         476         952
         1.0000000000000000        0.0000000000000000        0.0000000000000000     
         1.0000000000000000        1.0000000000000000        0.0000000000000000     
         1.0000000000000000        0.0000000000000000        1.0000000000000000     
         1.0000000000000000        1.0000000000000000        1.0000000000000000     
         1.0000000000000000       0.50000000000000000        0.0000000000000000     
         1.0000000000000000        0.0000000000000000       0.50000000000000000     
         1.0000000000000000       0.50000000000000000       0.50000000000000000     
         1.0000000000000000        1.0000000000000000       0.50000000000000000     
         1.0000000000000000       0.50000000000000000        1.0000000000000000     

 !NewElementMapDefinition
         477         954
         1.0000000000000000        0.0000000000000000        0.0000000000000000     
         1.0000000000000000        1.0000000000000000        0.0000000000000000     
         1.0000000000000000        0.0000000000000000        1.0000000000000000     
         1.0000000000000000        1.0000000000000000        1.0000000000000000     
         1.0000000000000000       0.50000000000000000        0.0000000000000000     
         1.0000000000000000        0.0000000000000000       0.50000000000000000     
         1.0000000000000000       0.50000000000000000       0.50000000000000000     
         1.0000000000000000        1.0000000000000000       0.50000000000000000     
         1.0000000000000000       0.50000000000000000        1.0000000000000000     

 !NewElementMapDefinition
         478         956
         1.0000000000000000        0.0000000000000000        0.0000000000000000     
         1.0000000000000000        1.0000000000000000        0.0000000000000000     
         1.0000000000000000        0.0000000000000000        1.0000000000000000     
         1.0000000000000000        1.0000000000000000        1.0000000000000000     
         1.0000000000000000       0.50000000000000000        0.0000000000000000     
         1.0000000000000000        0.0000000000000000       0.50000000000000000     
         1.0000000000000000       0.50000000000000000       0.50000000000000000     
         1.0000000000000000        1.0000000000000000       0.50000000000000000     
         1.0000000000000000       0.50000000000000000        1.0000000000000000     

 !NewElementMapDefinition
         479         958
         1.0000000000000000        0.0000000000000000        0.0000000000000000     
         1.0000000000000000        1.0000000000000000        0.0000000000000000     
         1.0000000000000000        0.0000000000000000        1.0000000000000000     
         1.0000000000000000        1.0000000000000000        1.0000000000000000     
         1.0000000000000000       0.50000000000000000        0.0000000000000000     
         1.0000000000000000        0.0000000000000000       0.50000000000000000     
         1.0000000000000000       0.50000000000000000       0.50000000000000000     
         1.0000000000000000        1.0000000000000000       0.50000000000000000     
         1.0000000000000000       0.50000000000000000        1.0000000000000000     

 !NewElementMapDefinition
         480         960
         1.0000000000000000        0.0000000000000000        0.0000000000000000     
         1.0000000000000000        1.0000000000000000        0.0000000000000000     
         1.0000000000000000        0.0000000000000000        1.0000000000000000     
         1.0000000000000000        1.0000000000000000        1.0000000000000000     
         1.0000000000000000       0.50000000000000000        0.0000000000000000     
         1.0000000000000000        0.0000000000000000       0.50000000000000000     
         1.0000000000000000       0.50000000000000000       0.50000000000000000     
         1.0000000000000000        1.0000000000000000       0.50000000000000000     
         1.0000000000000000       0.50000000000000000        1.0000000000000000     

 !NewElementMapDefinition
         481         962
         1.0000000000000000        0.0000000000000000        0.0000000000000000     
         1.0000000000000000        1.0000000000000000        0.0000000000000000     
         1.0000000000000000        0.0000000000000000        1.0000000000000000     
         1.0000000000000000        1.0000000000000000        1.0000000000000000     
         1.0000000000000000       0.50000000000000000        0.0000000000000000     
         1.0000000000000000        0.0000000000000000       0.50000000000000000     
         1.0000000000000000       0.50000000000000000       0.50000000000000000     
         1.0000000000000000        1.0000000000000000       0.50000000000000000     
         1.0000000000000000       0.50000000000000000        1.0000000000000000     

 !NewElementMapDefinition
         482         964
         1.0000000000000000        0.0000000000000000        0.0000000000000000     
         1.0000000000000000        1.0000000000000000        0.0000000000000000     
         1.0000000000000000        0.0000000000000000        1.0000000000000000     
         1.0000000000000000        1.0000000000000000        1.0000000000000000     
         1.0000000000000000       0.50000000000000000        0.0000000000000000     
         1.0000000000000000        0.0000000000000000       0.50000000000000000     
         1.0000000000000000       0.50000000000000000       0.50000000000000000     
         1.0000000000000000        1.0000000000000000       0.50000000000000000     
         1.0000000000000000       0.50000000000000000        1.0000000000000000     

 !NewElementMapDefinition
         483         966
         1.0000000000000000        0.0000000000000000        0.0000000000000000     
         1.0000000000000000        1.0000000000000000        0.0000000000000000     
         1.0000000000000000        0.0000000000000000        1.0000000000000000     
         1.0000000000000000        1.0000000000000000        1.0000000000000000     
         1.0000000000000000       0.50000000000000000        0.0000000000000000     
         1.0000000000000000        0.0000000000000000       0.50000000000000000     
         1.0000000000000000       0.50000000000000000       0.50000000000000000     
         1.0000000000000000        1.0000000000000000       0.50000000000000000     
         1.0000000000000000       0.50000000000000000        1.0000000000000000     

 !NewElementMapDefinition
         484         968
         1.0000000000000000        0.0000000000000000        0.0000000000000000     
         1.0000000000000000        1.0000000000000000        0.0000000000000000     
         1.0000000000000000        0.0000000000000000        1.0000000000000000     
         1.0000000000000000        1.0000000000000000        1.0000000000000000     
         1.0000000000000000       0.50000000000000000        0.0000000000000000     
         1.0000000000000000        0.0000000000000000       0.50000000000000000     
         1.0000000000000000       0.50000000000000000       0.50000000000000000     
         1.0000000000000000        1.0000000000000000       0.50000000000000000     
         1.0000000000000000       0.50000000000000000        1.0000000000000000     

 !NewElementMapDefinition
         485         970
         1.0000000000000000        0.0000000000000000        0.0000000000000000     
         1.0000000000000000        1.0000000000000000        0.0000000000000000     
         1.0000000000000000        0.0000000000000000        1.0000000000000000     
         1.0000000000000000        1.0000000000000000        1.0000000000000000     
         1.0000000000000000       0.50000000000000000        0.0000000000000000     
         1.0000000000000000        0.0000000000000000       0.50000000000000000     
         1.0000000000000000       0.50000000000000000       0.50000000000000000     
         1.0000000000000000        1.0000000000000000       0.50000000000000000     
         1.0000000000000000       0.50000000000000000        1.0000000000000000     

 !NewElementMapDefinition
         486         972
         1.0000000000000000        0.0000000000000000        0.0000000000000000     
         1.0000000000000000        1.0000000000000000        0.0000000000000000     
         1.0000000000000000        0.0000000000000000        1.0000000000000000     
         1.0000000000000000        1.0000000000000000        1.0000000000000000     
         1.0000000000000000       0.50000000000000000        0.0000000000000000     
         1.0000000000000000        0.0000000000000000       0.50000000000000000     
         1.0000000000000000       0.50000000000000000       0.50000000000000000     
         1.0000000000000000        1.0000000000000000       0.50000000000000000     
         1.0000000000000000       0.50000000000000000        1.0000000000000000     

 !NewElementMapDefinition
         487         974
         1.0000000000000000        0.0000000000000000        0.0000000000000000     
         1.0000000000000000        1.0000000000000000        0.0000000000000000     
         1.0000000000000000        0.0000000000000000        1.0000000000000000     
         1.0000000000000000        1.0000000000000000        1.0000000000000000     
         1.0000000000000000       0.50000000000000000        0.0000000000000000     
         1.0000000000000000        0.0000000000000000       0.50000000000000000     
         1.0000000000000000       0.50000000000000000       0.50000000000000000     
         1.0000000000000000        1.0000000000000000       0.50000000000000000     
         1.0000000000000000       0.50000000000000000        1.0000000000000000     

 !NewElementMapDefinition
         488         976
         1.0000000000000000        0.0000000000000000        0.0000000000000000     
         1.0000000000000000        1.0000000000000000        0.0000000000000000     
         1.0000000000000000        0.0000000000000000        1.0000000000000000     
         1.0000000000000000        1.0000000000000000        1.0000000000000000     
         1.0000000000000000       0.50000000000000000        0.0000000000000000     
         1.0000000000000000        0.0000000000000000       0.50000000000000000     
         1.0000000000000000       0.50000000000000000       0.50000000000000000     
         1.0000000000000000        1.0000000000000000       0.50000000000000000     
         1.0000000000000000       0.50000000000000000        1.0000000000000000     

 !NewElementMapDefinition
         489         978
         1.0000000000000000        0.0000000000000000        0.0000000000000000     
         1.0000000000000000        1.0000000000000000        0.0000000000000000     
         1.0000000000000000        0.0000000000000000        1.0000000000000000     
         1.0000000000000000        1.0000000000000000        1.0000000000000000     
         1.0000000000000000       0.50000000000000000        0.0000000000000000     
         1.0000000000000000        0.0000000000000000       0.50000000000000000     
         1.0000000000000000       0.50000000000000000       0.50000000000000000     
         1.0000000000000000        1.0000000000000000       0.50000000000000000     
         1.0000000000000000       0.50000000000000000        1.0000000000000000     

 !NewElementMapDefinition
         490         980
         1.0000000000000000        0.0000000000000000        0.0000000000000000     
         1.0000000000000000        1.0000000000000000        0.0000000000000000     
         1.0000000000000000        0.0000000000000000        1.0000000000000000     
         1.0000000000000000        1.0000000000000000        1.0000000000000000     
         1.0000000000000000       0.50000000000000000        0.0000000000000000     
         1.0000000000000000        0.0000000000000000       0.50000000000000000     
         1.0000000000000000       0.50000000000000000       0.50000000000000000     
         1.0000000000000000        1.0000000000000000       0.50000000000000000     
         1.0000000000000000       0.50000000000000000        1.0000000000000000     

 !NewElementMapDefinition
         491         982
         1.0000000000000000        0.0000000000000000        0.0000000000000000     
         1.0000000000000000        1.0000000000000000        0.0000000000000000     
         1.0000000000000000        0.0000000000000000        1.0000000000000000     
         1.0000000000000000        1.0000000000000000        1.0000000000000000     
         1.0000000000000000       0.50000000000000000        0.0000000000000000     
         1.0000000000000000        0.0000000000000000       0.50000000000000000     
         1.0000000000000000       0.50000000000000000       0.50000000000000000     
         1.0000000000000000        1.0000000000000000       0.50000000000000000     
         1.0000000000000000       0.50000000000000000        1.0000000000000000     

 !NewElementMapDefinition
         492         984
         1.0000000000000000        0.0000000000000000        0.0000000000000000     
         1.0000000000000000        1.0000000000000000        0.0000000000000000     
         1.0000000000000000        0.0000000000000000        1.0000000000000000     
         1.0000000000000000        1.0000000000000000        1.0000000000000000     
         1.0000000000000000       0.50000000000000000        0.0000000000000000     
         1.0000000000000000        0.0000000000000000       0.50000000000000000     
         1.0000000000000000       0.50000000000000000       0.50000000000000000     
         1.0000000000000000        1.0000000000000000       0.50000000000000000     
         1.0000000000000000       0.50000000000000000        1.0000000000000000     

 !NewElementMapDefinition
         493         986
         1.0000000000000000        0.0000000000000000        0.0000000000000000     
         1.0000000000000000        1.0000000000000000        0.0000000000000000     
         1.0000000000000000        0.0000000000000000        1.0000000000000000     
         1.0000000000000000        1.0000000000000000        1.0000000000000000     
         1.0000000000000000       0.50000000000000000        0.0000000000000000     
         1.0000000000000000        0.0000000000000000       0.50000000000000000     
         1.0000000000000000       0.50000000000000000       0.50000000000000000     
         1.0000000000000000        1.0000000000000000       0.50000000000000000     
         1.0000000000000000       0.50000000000000000        1.0000000000000000     

 !NewElementMapDefinition
         494         988
         1.0000000000000000        0.0000000000000000        0.0000000000000000     
         1.0000000000000000        1.0000000000000000        0.0000000000000000     
         1.0000000000000000        0.0000000000000000        1.0000000000000000     
         1.0000000000000000        1.0000000000000000        1.0000000000000000     
         1.0000000000000000       0.50000000000000000        0.0000000000000000     
         1.0000000000000000        0.0000000000000000       0.50000000000000000     
         1.0000000000000000       0.50000000000000000       0.50000000000000000     
         1.0000000000000000        1.0000000000000000       0.50000000000000000     
         1.0000000000000000       0.50000000000000000        1.0000000000000000     

 !NewElementMapDefinition
         495         990
         1.0000000000000000        0.0000000000000000        0.0000000000000000     
         1.0000000000000000        1.0000000000000000        0.0000000000000000     
         1.0000000000000000        0.0000000000000000        1.0000000000000000     
         1.0000000000000000        1.0000000000000000        1.0000000000000000     
         1.0000000000000000       0.50000000000000000        0.0000000000000000     
         1.0000000000000000        0.0000000000000000       0.50000000000000000     
         1.0000000000000000       0.50000000000000000       0.50000000000000000     
         1.0000000000000000        1.0000000000000000       0.50000000000000000     
         1.0000000000000000       0.50000000000000000        1.0000000000000000     

 !NewElementMapDefinition
         496         992
         1.0000000000000000        0.0000000000000000        0.0000000000000000     
         1.0000000000000000        1.0000000000000000        0.0000000000000000     
         1.0000000000000000        0.0000000000000000        1.0000000000000000     
         1.0000000000000000        1.0000000000000000        1.0000000000000000     
         1.0000000000000000       0.50000000000000000        0.0000000000000000     
         1.0000000000000000        0.0000000000000000       0.50000000000000000     
         1.0000000000000000       0.50000000000000000       0.50000000000000000     
         1.0000000000000000        1.0000000000000000       0.50000000000000000     
         1.0000000000000000       0.50000000000000000        1.0000000000000000     

 !NewElementMapDefinition
         497         994
         1.0000000000000000        0.0000000000000000        0.0000000000000000     
         1.0000000000000000        1.0000000000000000        0.0000000000000000     
         1.0000000000000000        0.0000000000000000        1.0000000000000000     
         1.0000000000000000        1.0000000000000000        1.0000000000000000     
         1.0000000000000000       0.50000000000000000        0.0000000000000000     
         1.0000000000000000        0.0000000000000000       0.50000000000000000     
         1.0000000000000000       0.50000000000000000       0.50000000000000000     
         1.0000000000000000        1.0000000000000000       0.50000000000000000     
         1.0000000000000000       0.50000000000000000        1.0000000000000000     

 !NewElementMapDefinition
         498         996
         1.0000000000000000        0.0000000000000000        0.0000000000000000     
         1.0000000000000000        1.0000000000000000        0.0000000000000000     
         1.0000000000000000        0.0000000000000000        1.0000000000000000     
         1.0000000000000000        1.0000000000000000        1.0000000000000000     
         1.0000000000000000       0.50000000000000000        0.0000000000000000     
         1.0000000000000000        0.0000000000000000       0.50000000000000000     
         1.0000000000000000       0.50000000000000000       0.50000000000000000     
         1.0000000000000000        1.0000000000000000       0.50000000000000000     
         1.0000000000000000       0.50000000000000000        1.0000000000000000     

 !NewElementMapDefinition
         499         998
         1.0000000000000000        0.0000000000000000        0.0000000000000000     
         1.0000000000000000        1.0000000000000000        0.0000000000000000     
         1.0000000000000000        0.0000000000000000        1.0000000000000000     
         1.0000000000000000        1.0000000000000000        1.0000000000000000     
         1.0000000000000000       0.50000000000000000        0.0000000000000000     
         1.0000000000000000        0.0000000000000000       0.50000000000000000     
         1.0000000000000000       0.50000000000000000       0.50000000000000000     
         1.0000000000000000        1.0000000000000000       0.50000000000000000     
         1.0000000000000000       0.50000000000000000        1.0000000000000000     

 !NewElementMapDefinition
         500        1000
         1.0000000000000000        0.0000000000000000        0.0000000000000000     
         1.0000000000000000        1.0000000000000000        0.0000000000000000     
         1.0000000000000000        0.0000000000000000        1.0000000000000000     
         1.0000000000000000        1.0000000000000000        1.0000000000000000     
         1.0000000000000000       0.50000000000000000        0.0000000000000000     
         1.0000000000000000        0.0000000000000000       0.50000000000000000     
         1.0000000000000000       0.50000000000000000       0.50000000000000000     
         1.0000000000000000        1.0000000000000000       0.50000000000000000     
         1.0000000000000000       0.50000000000000000        1.0000000000000000     

 !NewElementMapDefinition
         501        1002
         1.0000000000000000        0.0000000000000000        0.0000000000000000     
         1.0000000000000000        1.0000000000000000        0.0000000000000000     
         1.0000000000000000        0.0000000000000000        1.0000000000000000     
         1.0000000000000000        1.0000000000000000        1.0000000000000000     
         1.0000000000000000       0.50000000000000000        0.0000000000000000     
         1.0000000000000000        0.0000000000000000       0.50000000000000000     
         1.0000000000000000       0.50000000000000000       0.50000000000000000     
         1.0000000000000000        1.0000000000000000       0.50000000000000000     
         1.0000000000000000       0.50000000000000000        1.0000000000000000     

 !NewElementMapDefinition
         502        1004
         1.0000000000000000        0.0000000000000000        0.0000000000000000     
         1.0000000000000000        1.0000000000000000        0.0000000000000000     
         1.0000000000000000        0.0000000000000000        1.0000000000000000     
         1.0000000000000000        1.0000000000000000        1.0000000000000000     
         1.0000000000000000       0.50000000000000000        0.0000000000000000     
         1.0000000000000000        0.0000000000000000       0.50000000000000000     
         1.0000000000000000       0.50000000000000000       0.50000000000000000     
         1.0000000000000000        1.0000000000000000       0.50000000000000000     
         1.0000000000000000       0.50000000000000000        1.0000000000000000     

 !NewElementMapDefinition
         503        1006
         1.0000000000000000        0.0000000000000000        0.0000000000000000     
         1.0000000000000000        1.0000000000000000        0.0000000000000000     
         1.0000000000000000        0.0000000000000000        1.0000000000000000     
         1.0000000000000000        1.0000000000000000        1.0000000000000000     
         1.0000000000000000       0.50000000000000000        0.0000000000000000     
         1.0000000000000000        0.0000000000000000       0.50000000000000000     
         1.0000000000000000       0.50000000000000000       0.50000000000000000     
         1.0000000000000000        1.0000000000000000       0.50000000000000000     
         1.0000000000000000       0.50000000000000000        1.0000000000000000     

 !NewElementMapDefinition
         504        1008
         1.0000000000000000        0.0000000000000000        0.0000000000000000     
         1.0000000000000000        1.0000000000000000        0.0000000000000000     
         1.0000000000000000        0.0000000000000000        1.0000000000000000     
         1.0000000000000000        1.0000000000000000        1.0000000000000000     
         1.0000000000000000       0.50000000000000000        0.0000000000000000     
         1.0000000000000000        0.0000000000000000       0.50000000000000000     
         1.0000000000000000       0.50000000000000000       0.50000000000000000     
         1.0000000000000000        1.0000000000000000       0.50000000000000000     
         1.0000000000000000       0.50000000000000000        1.0000000000000000     

 !NewElementMapDefinition
         505        1010
         1.0000000000000000        0.0000000000000000        0.0000000000000000     
         1.0000000000000000        1.0000000000000000        0.0000000000000000     
         1.0000000000000000        0.0000000000000000        1.0000000000000000     
         1.0000000000000000        1.0000000000000000        1.0000000000000000     
         1.0000000000000000       0.50000000000000000        0.0000000000000000     
         1.0000000000000000        0.0000000000000000       0.50000000000000000     
         1.0000000000000000       0.50000000000000000       0.50000000000000000     
         1.0000000000000000        1.0000000000000000       0.50000000000000000     
         1.0000000000000000       0.50000000000000000        1.0000000000000000     

 !NewElementMapDefinition
         506        1012
         1.0000000000000000        0.0000000000000000        0.0000000000000000     
         1.0000000000000000        1.0000000000000000        0.0000000000000000     
         1.0000000000000000        0.0000000000000000        1.0000000000000000     
         1.0000000000000000        1.0000000000000000        1.0000000000000000     
         1.0000000000000000       0.50000000000000000        0.0000000000000000     
         1.0000000000000000        0.0000000000000000       0.50000000000000000     
         1.0000000000000000       0.50000000000000000       0.50000000000000000     
         1.0000000000000000        1.0000000000000000       0.50000000000000000     
         1.0000000000000000       0.50000000000000000        1.0000000000000000     

 !NewElementMapDefinition
         507        1014
         1.0000000000000000        0.0000000000000000        0.0000000000000000     
         1.0000000000000000        1.0000000000000000        0.0000000000000000     
         1.0000000000000000        0.0000000000000000        1.0000000000000000     
         1.0000000000000000        1.0000000000000000        1.0000000000000000     
         1.0000000000000000       0.50000000000000000        0.0000000000000000     
         1.0000000000000000        0.0000000000000000       0.50000000000000000     
         1.0000000000000000       0.50000000000000000       0.50000000000000000     
         1.0000000000000000        1.0000000000000000       0.50000000000000000     
         1.0000000000000000       0.50000000000000000        1.0000000000000000     

 !NewElementMapDefinition
         508        1016
         1.0000000000000000        0.0000000000000000        0.0000000000000000     
         1.0000000000000000        1.0000000000000000        0.0000000000000000     
         1.0000000000000000        0.0000000000000000        1.0000000000000000     
         1.0000000000000000        1.0000000000000000        1.0000000000000000     
         1.0000000000000000       0.50000000000000000        0.0000000000000000     
         1.0000000000000000        0.0000000000000000       0.50000000000000000     
         1.0000000000000000       0.50000000000000000       0.50000000000000000     
         1.0000000000000000        1.0000000000000000       0.50000000000000000     
         1.0000000000000000       0.50000000000000000        1.0000000000000000     

 !NewElementMapDefinition
         509        1018
         1.0000000000000000        0.0000000000000000        0.0000000000000000     
         1.0000000000000000        1.0000000000000000        0.0000000000000000     
         1.0000000000000000        0.0000000000000000        1.0000000000000000     
         1.0000000000000000        1.0000000000000000        1.0000000000000000     
         1.0000000000000000       0.50000000000000000        0.0000000000000000     
         1.0000000000000000        0.0000000000000000       0.50000000000000000     
         1.0000000000000000       0.50000000000000000       0.50000000000000000     
         1.0000000000000000        1.0000000000000000       0.50000000000000000     
         1.0000000000000000       0.50000000000000000        1.0000000000000000     

 !NewElementMapDefinition
         510        1020
         1.0000000000000000        0.0000000000000000        0.0000000000000000     
         1.0000000000000000        1.0000000000000000        0.0000000000000000     
         1.0000000000000000        0.0000000000000000        1.0000000000000000     
         1.0000000000000000        1.0000000000000000        1.0000000000000000     
         1.0000000000000000       0.50000000000000000        0.0000000000000000     
         1.0000000000000000        0.0000000000000000       0.50000000000000000     
         1.0000000000000000       0.50000000000000000       0.50000000000000000     
         1.0000000000000000        1.0000000000000000       0.50000000000000000     
         1.0000000000000000       0.50000000000000000        1.0000000000000000     

 !NewElementMapDefinition
         511        1022
         1.0000000000000000        0.0000000000000000        0.0000000000000000     
         1.0000000000000000        1.0000000000000000        0.0000000000000000     
         1.0000000000000000        0.0000000000000000        1.0000000000000000     
         1.0000000000000000        1.0000000000000000        1.0000000000000000     
         1.0000000000000000       0.50000000000000000        0.0000000000000000     
         1.0000000000000000        0.0000000000000000       0.50000000000000000     
         1.0000000000000000       0.50000000000000000       0.50000000000000000     
         1.0000000000000000        1.0000000000000000       0.50000000000000000     
         1.0000000000000000       0.50000000000000000        1.0000000000000000     

 !NewElementMapDefinition
         512        1024
         1.0000000000000000        0.0000000000000000        0.0000000000000000     
         1.0000000000000000        1.0000000000000000        0.0000000000000000     
         1.0000000000000000        0.0000000000000000        1.0000000000000000     
         1.0000000000000000        1.0000000000000000        1.0000000000000000     
         1.0000000000000000       0.50000000000000000        0.0000000000000000     
         1.0000000000000000        0.0000000000000000       0.50000000000000000     
         1.0000000000000000       0.50000000000000000       0.50000000000000000     
         1.0000000000000000        1.0000000000000000       0.50000000000000000     
         1.0000000000000000       0.50000000000000000        1.0000000000000000     

 !NewElementMapDefinition
         513        1026
         1.0000000000000000        0.0000000000000000        0.0000000000000000     
         1.0000000000000000        1.0000000000000000        0.0000000000000000     
         1.0000000000000000        0.0000000000000000        1.0000000000000000     
         1.0000000000000000        1.0000000000000000        1.0000000000000000     
         1.0000000000000000       0.50000000000000000        0.0000000000000000     
         1.0000000000000000        0.0000000000000000       0.50000000000000000     
         1.0000000000000000       0.50000000000000000       0.50000000000000000     
         1.0000000000000000        1.0000000000000000       0.50000000000000000     
         1.0000000000000000       0.50000000000000000        1.0000000000000000     

 !NewElementMapDefinition
         514        1028
         1.0000000000000000        0.0000000000000000        0.0000000000000000     
         1.0000000000000000        1.0000000000000000        0.0000000000000000     
         1.0000000000000000        0.0000000000000000        1.0000000000000000     
         1.0000000000000000        1.0000000000000000        1.0000000000000000     
         1.0000000000000000       0.50000000000000000        0.0000000000000000     
         1.0000000000000000        0.0000000000000000       0.50000000000000000     
         1.0000000000000000       0.50000000000000000       0.50000000000000000     
         1.0000000000000000        1.0000000000000000       0.50000000000000000     
         1.0000000000000000       0.50000000000000000        1.0000000000000000     

 !NewElementMapDefinition
         515        1030
         1.0000000000000000        0.0000000000000000        0.0000000000000000     
         1.0000000000000000        1.0000000000000000        0.0000000000000000     
         1.0000000000000000        0.0000000000000000        1.0000000000000000     
         1.0000000000000000        1.0000000000000000        1.0000000000000000     
         1.0000000000000000       0.50000000000000000        0.0000000000000000     
         1.0000000000000000        0.0000000000000000       0.50000000000000000     
         1.0000000000000000       0.50000000000000000       0.50000000000000000     
         1.0000000000000000        1.0000000000000000       0.50000000000000000     
         1.0000000000000000       0.50000000000000000        1.0000000000000000     

 !NewElementMapDefinition
         516        1032
         1.0000000000000000        0.0000000000000000        0.0000000000000000     
         1.0000000000000000        1.0000000000000000        0.0000000000000000     
         1.0000000000000000        0.0000000000000000        1.0000000000000000     
         1.0000000000000000        1.0000000000000000        1.0000000000000000     
         1.0000000000000000       0.50000000000000000        0.0000000000000000     
         1.0000000000000000        0.0000000000000000       0.50000000000000000     
         1.0000000000000000       0.50000000000000000       0.50000000000000000     
         1.0000000000000000        1.0000000000000000       0.50000000000000000     
         1.0000000000000000       0.50000000000000000        1.0000000000000000     

 !NewElementMapDefinition
         517        1034
         1.0000000000000000        0.0000000000000000        0.0000000000000000     
         1.0000000000000000        1.0000000000000000        0.0000000000000000     
         1.0000000000000000        0.0000000000000000        1.0000000000000000     
         1.0000000000000000        1.0000000000000000        1.0000000000000000     
         1.0000000000000000       0.50000000000000000        0.0000000000000000     
         1.0000000000000000        0.0000000000000000       0.50000000000000000     
         1.0000000000000000       0.50000000000000000       0.50000000000000000     
         1.0000000000000000        1.0000000000000000       0.50000000000000000     
         1.0000000000000000       0.50000000000000000        1.0000000000000000     

 !NewElementMapDefinition
         518        1036
         1.0000000000000000        0.0000000000000000        0.0000000000000000     
         1.0000000000000000        1.0000000000000000        0.0000000000000000     
         1.0000000000000000        0.0000000000000000        1.0000000000000000     
         1.0000000000000000        1.0000000000000000        1.0000000000000000     
         1.0000000000000000       0.50000000000000000        0.0000000000000000     
         1.0000000000000000        0.0000000000000000       0.50000000000000000     
         1.0000000000000000       0.50000000000000000       0.50000000000000000     
         1.0000000000000000        1.0000000000000000       0.50000000000000000     
         1.0000000000000000       0.50000000000000000        1.0000000000000000     

 !NewElementMapDefinition
         519        1038
         1.0000000000000000        0.0000000000000000        0.0000000000000000     
         1.0000000000000000        1.0000000000000000        0.0000000000000000     
         1.0000000000000000        0.0000000000000000        1.0000000000000000     
         1.0000000000000000        1.0000000000000000        1.0000000000000000     
         1.0000000000000000       0.50000000000000000        0.0000000000000000     
         1.0000000000000000        0.0000000000000000       0.50000000000000000     
         1.0000000000000000       0.50000000000000000       0.50000000000000000     
         1.0000000000000000        1.0000000000000000       0.50000000000000000     
         1.0000000000000000       0.50000000000000000        1.0000000000000000     

 !NewElementMapDefinition
         520        1040
         1.0000000000000000        0.0000000000000000        0.0000000000000000     
         1.0000000000000000        1.0000000000000000        0.0000000000000000     
         1.0000000000000000        0.0000000000000000        1.0000000000000000     
         1.0000000000000000        1.0000000000000000        1.0000000000000000     
         1.0000000000000000       0.50000000000000000        0.0000000000000000     
         1.0000000000000000        0.0000000000000000       0.50000000000000000     
         1.0000000000000000       0.50000000000000000       0.50000000000000000     
         1.0000000000000000        1.0000000000000000       0.50000000000000000     
         1.0000000000000000       0.50000000000000000        1.0000000000000000     

 !NewElementMapDefinition
         521        1042
         1.0000000000000000        0.0000000000000000        0.0000000000000000     
         1.0000000000000000        1.0000000000000000        0.0000000000000000     
         1.0000000000000000        0.0000000000000000        1.0000000000000000     
         1.0000000000000000        1.0000000000000000        1.0000000000000000     
         1.0000000000000000       0.50000000000000000        0.0000000000000000     
         1.0000000000000000        0.0000000000000000       0.50000000000000000     
         1.0000000000000000       0.50000000000000000       0.50000000000000000     
         1.0000000000000000        1.0000000000000000       0.50000000000000000     
         1.0000000000000000       0.50000000000000000        1.0000000000000000     

 !NewElementMapDefinition
         522        1044
         1.0000000000000000        0.0000000000000000        0.0000000000000000     
         1.0000000000000000        1.0000000000000000        0.0000000000000000     
         1.0000000000000000        0.0000000000000000        1.0000000000000000     
         1.0000000000000000        1.0000000000000000        1.0000000000000000     
         1.0000000000000000       0.50000000000000000        0.0000000000000000     
         1.0000000000000000        0.0000000000000000       0.50000000000000000     
         1.0000000000000000       0.50000000000000000       0.50000000000000000     
         1.0000000000000000        1.0000000000000000       0.50000000000000000     
         1.0000000000000000       0.50000000000000000        1.0000000000000000     

 !NewElementMapDefinition
         523        1046
         1.0000000000000000        0.0000000000000000        0.0000000000000000     
         1.0000000000000000        1.0000000000000000        0.0000000000000000     
         1.0000000000000000        0.0000000000000000        1.0000000000000000     
         1.0000000000000000        1.0000000000000000        1.0000000000000000     
         1.0000000000000000       0.50000000000000000        0.0000000000000000     
         1.0000000000000000        0.0000000000000000       0.50000000000000000     
         1.0000000000000000       0.50000000000000000       0.50000000000000000     
         1.0000000000000000        1.0000000000000000       0.50000000000000000     
         1.0000000000000000       0.50000000000000000        1.0000000000000000     

 !NewElementMapDefinition
         524        1048
         1.0000000000000000        0.0000000000000000        0.0000000000000000     
         1.0000000000000000        1.0000000000000000        0.0000000000000000     
         1.0000000000000000        0.0000000000000000        1.0000000000000000     
         1.0000000000000000        1.0000000000000000        1.0000000000000000     
         1.0000000000000000       0.50000000000000000        0.0000000000000000     
         1.0000000000000000        0.0000000000000000       0.50000000000000000     
         1.0000000000000000       0.50000000000000000       0.50000000000000000     
         1.0000000000000000        1.0000000000000000       0.50000000000000000     
         1.0000000000000000       0.50000000000000000        1.0000000000000000     

 !NewElementMapDefinition
         525        1050
         1.0000000000000000        0.0000000000000000        0.0000000000000000     
         1.0000000000000000        1.0000000000000000        0.0000000000000000     
         1.0000000000000000        0.0000000000000000        1.0000000000000000     
         1.0000000000000000        1.0000000000000000        1.0000000000000000     
         1.0000000000000000       0.50000000000000000        0.0000000000000000     
         1.0000000000000000        0.0000000000000000       0.50000000000000000     
         1.0000000000000000       0.50000000000000000       0.50000000000000000     
         1.0000000000000000        1.0000000000000000       0.50000000000000000     
         1.0000000000000000       0.50000000000000000        1.0000000000000000     

 !NewElementMapDefinition
         526        1052
         1.0000000000000000        0.0000000000000000        0.0000000000000000     
         1.0000000000000000        1.0000000000000000        0.0000000000000000     
         1.0000000000000000        0.0000000000000000        1.0000000000000000     
         1.0000000000000000        1.0000000000000000        1.0000000000000000     
         1.0000000000000000       0.50000000000000000        0.0000000000000000     
         1.0000000000000000        0.0000000000000000       0.50000000000000000     
         1.0000000000000000       0.50000000000000000       0.50000000000000000     
         1.0000000000000000        1.0000000000000000       0.50000000000000000     
         1.0000000000000000       0.50000000000000000        1.0000000000000000     

 !NewElementMapDefinition
         527        1054
         1.0000000000000000        0.0000000000000000        0.0000000000000000     
         1.0000000000000000        1.0000000000000000        0.0000000000000000     
         1.0000000000000000        0.0000000000000000        1.0000000000000000     
         1.0000000000000000        1.0000000000000000        1.0000000000000000     
         1.0000000000000000       0.50000000000000000        0.0000000000000000     
         1.0000000000000000        0.0000000000000000       0.50000000000000000     
         1.0000000000000000       0.50000000000000000       0.50000000000000000     
         1.0000000000000000        1.0000000000000000       0.50000000000000000     
         1.0000000000000000       0.50000000000000000        1.0000000000000000     

 !NewElementMapDefinition
         528        1056
         1.0000000000000000        0.0000000000000000        0.0000000000000000     
         1.0000000000000000        1.0000000000000000        0.0000000000000000     
         1.0000000000000000        0.0000000000000000        1.0000000000000000     
         1.0000000000000000        1.0000000000000000        1.0000000000000000     
         1.0000000000000000       0.50000000000000000        0.0000000000000000     
         1.0000000000000000        0.0000000000000000       0.50000000000000000     
         1.0000000000000000       0.50000000000000000       0.50000000000000000     
         1.0000000000000000        1.0000000000000000       0.50000000000000000     
         1.0000000000000000       0.50000000000000000        1.0000000000000000     

 !NewElementMapDefinition
         529        1058
         1.0000000000000000        0.0000000000000000        0.0000000000000000     
         1.0000000000000000        1.0000000000000000        0.0000000000000000     
         1.0000000000000000        0.0000000000000000        1.0000000000000000     
         1.0000000000000000        1.0000000000000000        1.0000000000000000     
         1.0000000000000000       0.50000000000000000        0.0000000000000000     
         1.0000000000000000        0.0000000000000000       0.50000000000000000     
         1.0000000000000000       0.50000000000000000       0.50000000000000000     
         1.0000000000000000        1.0000000000000000       0.50000000000000000     
         1.0000000000000000       0.50000000000000000        1.0000000000000000     

 !NewElementMapDefinition
         530        1060
         1.0000000000000000        0.0000000000000000        0.0000000000000000     
         1.0000000000000000        1.0000000000000000        0.0000000000000000     
         1.0000000000000000        0.0000000000000000        1.0000000000000000     
         1.0000000000000000        1.0000000000000000        1.0000000000000000     
         1.0000000000000000       0.50000000000000000        0.0000000000000000     
         1.0000000000000000        0.0000000000000000       0.50000000000000000     
         1.0000000000000000       0.50000000000000000       0.50000000000000000     
         1.0000000000000000        1.0000000000000000       0.50000000000000000     
         1.0000000000000000       0.50000000000000000        1.0000000000000000     

 !NewElementMapDefinition
         531        1062
         1.0000000000000000        0.0000000000000000        0.0000000000000000     
         1.0000000000000000        1.0000000000000000        0.0000000000000000     
         1.0000000000000000        0.0000000000000000        1.0000000000000000     
         1.0000000000000000        1.0000000000000000        1.0000000000000000     
         1.0000000000000000       0.50000000000000000        0.0000000000000000     
         1.0000000000000000        0.0000000000000000       0.50000000000000000     
         1.0000000000000000       0.50000000000000000       0.50000000000000000     
         1.0000000000000000        1.0000000000000000       0.50000000000000000     
         1.0000000000000000       0.50000000000000000        1.0000000000000000     

 !NewElementMapDefinition
         532        1064
         1.0000000000000000        0.0000000000000000        0.0000000000000000     
         1.0000000000000000        1.0000000000000000        0.0000000000000000     
         1.0000000000000000        0.0000000000000000        1.0000000000000000     
         1.0000000000000000        1.0000000000000000        1.0000000000000000     
         1.0000000000000000       0.50000000000000000        0.0000000000000000     
         1.0000000000000000        0.0000000000000000       0.50000000000000000     
         1.0000000000000000       0.50000000000000000       0.50000000000000000     
         1.0000000000000000        1.0000000000000000       0.50000000000000000     
         1.0000000000000000       0.50000000000000000        1.0000000000000000     

 !NewElementMapDefinition
         533        1066
         1.0000000000000000        0.0000000000000000        0.0000000000000000     
         1.0000000000000000        1.0000000000000000        0.0000000000000000     
         1.0000000000000000        0.0000000000000000        1.0000000000000000     
         1.0000000000000000        1.0000000000000000        1.0000000000000000     
         1.0000000000000000       0.50000000000000000        0.0000000000000000     
         1.0000000000000000        0.0000000000000000       0.50000000000000000     
         1.0000000000000000       0.50000000000000000       0.50000000000000000     
         1.0000000000000000        1.0000000000000000       0.50000000000000000     
         1.0000000000000000       0.50000000000000000        1.0000000000000000     

 !NewElementMapDefinition
         534        1068
         1.0000000000000000        0.0000000000000000        0.0000000000000000     
         1.0000000000000000        1.0000000000000000        0.0000000000000000     
         1.0000000000000000        0.0000000000000000        1.0000000000000000     
         1.0000000000000000        1.0000000000000000        1.0000000000000000     
         1.0000000000000000       0.50000000000000000        0.0000000000000000     
         1.0000000000000000        0.0000000000000000       0.50000000000000000     
         1.0000000000000000       0.50000000000000000       0.50000000000000000     
         1.0000000000000000        1.0000000000000000       0.50000000000000000     
         1.0000000000000000       0.50000000000000000        1.0000000000000000     

 !NewElementMapDefinition
         535        1070
         1.0000000000000000        0.0000000000000000        0.0000000000000000     
         1.0000000000000000        1.0000000000000000        0.0000000000000000     
         1.0000000000000000        0.0000000000000000        1.0000000000000000     
         1.0000000000000000        1.0000000000000000        1.0000000000000000     
         1.0000000000000000       0.50000000000000000        0.0000000000000000     
         1.0000000000000000        0.0000000000000000       0.50000000000000000     
         1.0000000000000000       0.50000000000000000       0.50000000000000000     
         1.0000000000000000        1.0000000000000000       0.50000000000000000     
         1.0000000000000000       0.50000000000000000        1.0000000000000000     

 !NewElementMapDefinition
         536        1072
         1.0000000000000000        0.0000000000000000        0.0000000000000000     
         1.0000000000000000        1.0000000000000000        0.0000000000000000     
         1.0000000000000000        0.0000000000000000        1.0000000000000000     
         1.0000000000000000        1.0000000000000000        1.0000000000000000     
         1.0000000000000000       0.50000000000000000        0.0000000000000000     
         1.0000000000000000        0.0000000000000000       0.50000000000000000     
         1.0000000000000000       0.50000000000000000       0.50000000000000000     
         1.0000000000000000        1.0000000000000000       0.50000000000000000     
         1.0000000000000000       0.50000000000000000        1.0000000000000000     

 !NewElementMapDefinition
         537        1074
         1.0000000000000000        0.0000000000000000        0.0000000000000000     
         1.0000000000000000        1.0000000000000000        0.0000000000000000     
         1.0000000000000000        0.0000000000000000        1.0000000000000000     
         1.0000000000000000        1.0000000000000000        1.0000000000000000     
         1.0000000000000000       0.50000000000000000        0.0000000000000000     
         1.0000000000000000        0.0000000000000000       0.50000000000000000     
         1.0000000000000000       0.50000000000000000       0.50000000000000000     
         1.0000000000000000        1.0000000000000000       0.50000000000000000     
         1.0000000000000000       0.50000000000000000        1.0000000000000000     

 !NewElementMapDefinition
         538        1076
         1.0000000000000000        0.0000000000000000        0.0000000000000000     
         1.0000000000000000        1.0000000000000000        0.0000000000000000     
         1.0000000000000000        0.0000000000000000        1.0000000000000000     
         1.0000000000000000        1.0000000000000000        1.0000000000000000     
         1.0000000000000000       0.50000000000000000        0.0000000000000000     
         1.0000000000000000        0.0000000000000000       0.50000000000000000     
         1.0000000000000000       0.50000000000000000       0.50000000000000000     
         1.0000000000000000        1.0000000000000000       0.50000000000000000     
         1.0000000000000000       0.50000000000000000        1.0000000000000000     

 !NewElementMapDefinition
         539        1078
         1.0000000000000000        0.0000000000000000        0.0000000000000000     
         1.0000000000000000        1.0000000000000000        0.0000000000000000     
         1.0000000000000000        0.0000000000000000        1.0000000000000000     
         1.0000000000000000        1.0000000000000000        1.0000000000000000     
         1.0000000000000000       0.50000000000000000        0.0000000000000000     
         1.0000000000000000        0.0000000000000000       0.50000000000000000     
         1.0000000000000000       0.50000000000000000       0.50000000000000000     
         1.0000000000000000        1.0000000000000000       0.50000000000000000     
         1.0000000000000000       0.50000000000000000        1.0000000000000000     

 !NewElementMapDefinition
         540        1080
         1.0000000000000000        0.0000000000000000        0.0000000000000000     
         1.0000000000000000        1.0000000000000000        0.0000000000000000     
         1.0000000000000000        0.0000000000000000        1.0000000000000000     
         1.0000000000000000        1.0000000000000000        1.0000000000000000     
         1.0000000000000000       0.50000000000000000        0.0000000000000000     
         1.0000000000000000        0.0000000000000000       0.50000000000000000     
         1.0000000000000000       0.50000000000000000       0.50000000000000000     
         1.0000000000000000        1.0000000000000000       0.50000000000000000     
         1.0000000000000000       0.50000000000000000        1.0000000000000000     

 !NewElementMapDefinition
         541        1082
         1.0000000000000000        0.0000000000000000        0.0000000000000000     
         1.0000000000000000        1.0000000000000000        0.0000000000000000     
         1.0000000000000000        0.0000000000000000        1.0000000000000000     
         1.0000000000000000        1.0000000000000000        1.0000000000000000     
         1.0000000000000000       0.50000000000000000        0.0000000000000000     
         1.0000000000000000        0.0000000000000000       0.50000000000000000     
         1.0000000000000000       0.50000000000000000       0.50000000000000000     
         1.0000000000000000        1.0000000000000000       0.50000000000000000     
         1.0000000000000000       0.50000000000000000        1.0000000000000000     

 !NewElementMapDefinition
         542        1084
         1.0000000000000000        0.0000000000000000        0.0000000000000000     
         1.0000000000000000        1.0000000000000000        0.0000000000000000     
         1.0000000000000000        0.0000000000000000        1.0000000000000000     
         1.0000000000000000        1.0000000000000000        1.0000000000000000     
         1.0000000000000000       0.50000000000000000        0.0000000000000000     
         1.0000000000000000        0.0000000000000000       0.50000000000000000     
         1.0000000000000000       0.50000000000000000       0.50000000000000000     
         1.0000000000000000        1.0000000000000000       0.50000000000000000     
         1.0000000000000000       0.50000000000000000        1.0000000000000000     

 !NewElementMapDefinition
         543        1086
         1.0000000000000000        0.0000000000000000        0.0000000000000000     
         1.0000000000000000        1.0000000000000000        0.0000000000000000     
         1.0000000000000000        0.0000000000000000        1.0000000000000000     
         1.0000000000000000        1.0000000000000000        1.0000000000000000     
         1.0000000000000000       0.50000000000000000        0.0000000000000000     
         1.0000000000000000        0.0000000000000000       0.50000000000000000     
         1.0000000000000000       0.50000000000000000       0.50000000000000000     
         1.0000000000000000        1.0000000000000000       0.50000000000000000     
         1.0000000000000000       0.50000000000000000        1.0000000000000000     

 !NewElementMapDefinition
         544        1088
         1.0000000000000000        0.0000000000000000        0.0000000000000000     
         1.0000000000000000        1.0000000000000000        0.0000000000000000     
         1.0000000000000000        0.0000000000000000        1.0000000000000000     
         1.0000000000000000        1.0000000000000000        1.0000000000000000     
         1.0000000000000000       0.50000000000000000        0.0000000000000000     
         1.0000000000000000        0.0000000000000000       0.50000000000000000     
         1.0000000000000000       0.50000000000000000       0.50000000000000000     
         1.0000000000000000        1.0000000000000000       0.50000000000000000     
         1.0000000000000000       0.50000000000000000        1.0000000000000000     

 !NewElementMapDefinition
         545        1090
         1.0000000000000000        0.0000000000000000        0.0000000000000000     
         1.0000000000000000        1.0000000000000000        0.0000000000000000     
         1.0000000000000000        0.0000000000000000        1.0000000000000000     
         1.0000000000000000        1.0000000000000000        1.0000000000000000     
         1.0000000000000000       0.50000000000000000        0.0000000000000000     
         1.0000000000000000        0.0000000000000000       0.50000000000000000     
         1.0000000000000000       0.50000000000000000       0.50000000000000000     
         1.0000000000000000        1.0000000000000000       0.50000000000000000     
         1.0000000000000000       0.50000000000000000        1.0000000000000000     

 !NewElementMapDefinition
         546        1092
         1.0000000000000000        0.0000000000000000        0.0000000000000000     
         1.0000000000000000        1.0000000000000000        0.0000000000000000     
         1.0000000000000000        0.0000000000000000        1.0000000000000000     
         1.0000000000000000        1.0000000000000000        1.0000000000000000     
         1.0000000000000000       0.50000000000000000        0.0000000000000000     
         1.0000000000000000        0.0000000000000000       0.50000000000000000     
         1.0000000000000000       0.50000000000000000       0.50000000000000000     
         1.0000000000000000        1.0000000000000000       0.50000000000000000     
         1.0000000000000000       0.50000000000000000        1.0000000000000000     

 !NewElementMapDefinition
         547        1094
         1.0000000000000000        0.0000000000000000        0.0000000000000000     
         1.0000000000000000        1.0000000000000000        0.0000000000000000     
         1.0000000000000000        0.0000000000000000        1.0000000000000000     
         1.0000000000000000        1.0000000000000000        1.0000000000000000     
         1.0000000000000000       0.50000000000000000        0.0000000000000000     
         1.0000000000000000        0.0000000000000000       0.50000000000000000     
         1.0000000000000000       0.50000000000000000       0.50000000000000000     
         1.0000000000000000        1.0000000000000000       0.50000000000000000     
         1.0000000000000000       0.50000000000000000        1.0000000000000000     

 !NewElementMapDefinition
         548        1096
         1.0000000000000000        0.0000000000000000        0.0000000000000000     
         1.0000000000000000        1.0000000000000000        0.0000000000000000     
         1.0000000000000000        0.0000000000000000        1.0000000000000000     
         1.0000000000000000        1.0000000000000000        1.0000000000000000     
         1.0000000000000000       0.50000000000000000        0.0000000000000000     
         1.0000000000000000        0.0000000000000000       0.50000000000000000     
         1.0000000000000000       0.50000000000000000       0.50000000000000000     
         1.0000000000000000        1.0000000000000000       0.50000000000000000     
         1.0000000000000000       0.50000000000000000        1.0000000000000000     

 !NewElementMapDefinition
         549        1098
         1.0000000000000000        0.0000000000000000        0.0000000000000000     
         1.0000000000000000        1.0000000000000000        0.0000000000000000     
         1.0000000000000000        0.0000000000000000        1.0000000000000000     
         1.0000000000000000        1.0000000000000000        1.0000000000000000     
         1.0000000000000000       0.50000000000000000        0.0000000000000000     
         1.0000000000000000        0.0000000000000000       0.50000000000000000     
         1.0000000000000000       0.50000000000000000       0.50000000000000000     
         1.0000000000000000        1.0000000000000000       0.50000000000000000     
         1.0000000000000000       0.50000000000000000        1.0000000000000000     

 !NewElementMapDefinition
         550        1100
         1.0000000000000000        0.0000000000000000        0.0000000000000000     
         1.0000000000000000        1.0000000000000000        0.0000000000000000     
         1.0000000000000000        0.0000000000000000        1.0000000000000000     
         1.0000000000000000        1.0000000000000000        1.0000000000000000     
         1.0000000000000000       0.50000000000000000        0.0000000000000000     
         1.0000000000000000        0.0000000000000000       0.50000000000000000     
         1.0000000000000000       0.50000000000000000       0.50000000000000000     
         1.0000000000000000        1.0000000000000000       0.50000000000000000     
         1.0000000000000000       0.50000000000000000        1.0000000000000000     

 !NewElementMapDefinition
         551        1102
         1.0000000000000000        0.0000000000000000        0.0000000000000000     
         1.0000000000000000        1.0000000000000000        0.0000000000000000     
         1.0000000000000000        0.0000000000000000        1.0000000000000000     
         1.0000000000000000        1.0000000000000000        1.0000000000000000     
         1.0000000000000000       0.50000000000000000        0.0000000000000000     
         1.0000000000000000        0.0000000000000000       0.50000000000000000     
         1.0000000000000000       0.50000000000000000       0.50000000000000000     
         1.0000000000000000        1.0000000000000000       0.50000000000000000     
         1.0000000000000000       0.50000000000000000        1.0000000000000000     

 !NewElementMapDefinition
         552        1104
         1.0000000000000000        0.0000000000000000        0.0000000000000000     
         1.0000000000000000        1.0000000000000000        0.0000000000000000     
         1.0000000000000000        0.0000000000000000        1.0000000000000000     
         1.0000000000000000        1.0000000000000000        1.0000000000000000     
         1.0000000000000000       0.50000000000000000        0.0000000000000000     
         1.0000000000000000        0.0000000000000000       0.50000000000000000     
         1.0000000000000000       0.50000000000000000       0.50000000000000000     
         1.0000000000000000        1.0000000000000000       0.50000000000000000     
         1.0000000000000000       0.50000000000000000        1.0000000000000000     

 !NewElementMapDefinition
         553        1106
         1.0000000000000000        0.0000000000000000        0.0000000000000000     
         1.0000000000000000        1.0000000000000000        0.0000000000000000     
         1.0000000000000000        0.0000000000000000        1.0000000000000000     
         1.0000000000000000        1.0000000000000000        1.0000000000000000     
         1.0000000000000000       0.50000000000000000        0.0000000000000000     
         1.0000000000000000        0.0000000000000000       0.50000000000000000     
         1.0000000000000000       0.50000000000000000       0.50000000000000000     
         1.0000000000000000        1.0000000000000000       0.50000000000000000     
         1.0000000000000000       0.50000000000000000        1.0000000000000000     

 !NewElementMapDefinition
         554        1108
         1.0000000000000000        0.0000000000000000        0.0000000000000000     
         1.0000000000000000        1.0000000000000000        0.0000000000000000     
         1.0000000000000000        0.0000000000000000        1.0000000000000000     
         1.0000000000000000        1.0000000000000000        1.0000000000000000     
         1.0000000000000000       0.50000000000000000        0.0000000000000000     
         1.0000000000000000        0.0000000000000000       0.50000000000000000     
         1.0000000000000000       0.50000000000000000       0.50000000000000000     
         1.0000000000000000        1.0000000000000000       0.50000000000000000     
         1.0000000000000000       0.50000000000000000        1.0000000000000000     

 !NewElementMapDefinition
         555        1110
         1.0000000000000000        0.0000000000000000        0.0000000000000000     
         1.0000000000000000        1.0000000000000000        0.0000000000000000     
         1.0000000000000000        0.0000000000000000        1.0000000000000000     
         1.0000000000000000        1.0000000000000000        1.0000000000000000     
         1.0000000000000000       0.50000000000000000        0.0000000000000000     
         1.0000000000000000        0.0000000000000000       0.50000000000000000     
         1.0000000000000000       0.50000000000000000       0.50000000000000000     
         1.0000000000000000        1.0000000000000000       0.50000000000000000     
         1.0000000000000000       0.50000000000000000        1.0000000000000000     

 !NewElementMapDefinition
         556        1112
         1.0000000000000000        0.0000000000000000        0.0000000000000000     
         1.0000000000000000        1.0000000000000000        0.0000000000000000     
         1.0000000000000000        0.0000000000000000        1.0000000000000000     
         1.0000000000000000        1.0000000000000000        1.0000000000000000     
         1.0000000000000000       0.50000000000000000        0.0000000000000000     
         1.0000000000000000        0.0000000000000000       0.50000000000000000     
         1.0000000000000000       0.50000000000000000       0.50000000000000000     
         1.0000000000000000        1.0000000000000000       0.50000000000000000     
         1.0000000000000000       0.50000000000000000        1.0000000000000000     

 !NewElementMapDefinition
         557        1114
         1.0000000000000000        0.0000000000000000        0.0000000000000000     
         1.0000000000000000        1.0000000000000000        0.0000000000000000     
         1.0000000000000000        0.0000000000000000        1.0000000000000000     
         1.0000000000000000        1.0000000000000000        1.0000000000000000     
         1.0000000000000000       0.50000000000000000        0.0000000000000000     
         1.0000000000000000        0.0000000000000000       0.50000000000000000     
         1.0000000000000000       0.50000000000000000       0.50000000000000000     
         1.0000000000000000        1.0000000000000000       0.50000000000000000     
         1.0000000000000000       0.50000000000000000        1.0000000000000000     

 !NewElementMapDefinition
         558        1116
         1.0000000000000000        0.0000000000000000        0.0000000000000000     
         1.0000000000000000        1.0000000000000000        0.0000000000000000     
         1.0000000000000000        0.0000000000000000        1.0000000000000000     
         1.0000000000000000        1.0000000000000000        1.0000000000000000     
         1.0000000000000000       0.50000000000000000        0.0000000000000000     
         1.0000000000000000        0.0000000000000000       0.50000000000000000     
         1.0000000000000000       0.50000000000000000       0.50000000000000000     
         1.0000000000000000        1.0000000000000000       0.50000000000000000     
         1.0000000000000000       0.50000000000000000        1.0000000000000000     

 !NewElementMapDefinition
         559        1118
         1.0000000000000000        0.0000000000000000        0.0000000000000000     
         1.0000000000000000        1.0000000000000000        0.0000000000000000     
         1.0000000000000000        0.0000000000000000        1.0000000000000000     
         1.0000000000000000        1.0000000000000000        1.0000000000000000     
         1.0000000000000000       0.50000000000000000        0.0000000000000000     
         1.0000000000000000        0.0000000000000000       0.50000000000000000     
         1.0000000000000000       0.50000000000000000       0.50000000000000000     
         1.0000000000000000        1.0000000000000000       0.50000000000000000     
         1.0000000000000000       0.50000000000000000        1.0000000000000000     

 !NewElementMapDefinition
         560        1120
         1.0000000000000000        0.0000000000000000        0.0000000000000000     
         1.0000000000000000        1.0000000000000000        0.0000000000000000     
         1.0000000000000000        0.0000000000000000        1.0000000000000000     
         1.0000000000000000        1.0000000000000000        1.0000000000000000     
         1.0000000000000000       0.50000000000000000        0.0000000000000000     
         1.0000000000000000        0.0000000000000000       0.50000000000000000     
         1.0000000000000000       0.50000000000000000       0.50000000000000000     
         1.0000000000000000        1.0000000000000000       0.50000000000000000     
         1.0000000000000000       0.50000000000000000        1.0000000000000000     

 !NewElementMapDefinition
         561        1122
         1.0000000000000000        0.0000000000000000        0.0000000000000000     
         1.0000000000000000        1.0000000000000000        0.0000000000000000     
         1.0000000000000000        0.0000000000000000        1.0000000000000000     
         1.0000000000000000        1.0000000000000000        1.0000000000000000     
         1.0000000000000000       0.50000000000000000        0.0000000000000000     
         1.0000000000000000        0.0000000000000000       0.50000000000000000     
         1.0000000000000000       0.50000000000000000       0.50000000000000000     
         1.0000000000000000        1.0000000000000000       0.50000000000000000     
         1.0000000000000000       0.50000000000000000        1.0000000000000000     

 !NewElementMapDefinition
         562        1124
         1.0000000000000000        0.0000000000000000        0.0000000000000000     
         1.0000000000000000        1.0000000000000000        0.0000000000000000     
         1.0000000000000000        0.0000000000000000        1.0000000000000000     
         1.0000000000000000        1.0000000000000000        1.0000000000000000     
         1.0000000000000000       0.50000000000000000        0.0000000000000000     
         1.0000000000000000        0.0000000000000000       0.50000000000000000     
         1.0000000000000000       0.50000000000000000       0.50000000000000000     
         1.0000000000000000        1.0000000000000000       0.50000000000000000     
         1.0000000000000000       0.50000000000000000        1.0000000000000000     

 !NewElementMapDefinition
         563        1126
         1.0000000000000000        0.0000000000000000        0.0000000000000000     
         1.0000000000000000        1.0000000000000000        0.0000000000000000     
         1.0000000000000000        0.0000000000000000        1.0000000000000000     
         1.0000000000000000        1.0000000000000000        1.0000000000000000     
         1.0000000000000000       0.50000000000000000        0.0000000000000000     
         1.0000000000000000        0.0000000000000000       0.50000000000000000     
         1.0000000000000000       0.50000000000000000       0.50000000000000000     
         1.0000000000000000        1.0000000000000000       0.50000000000000000     
         1.0000000000000000       0.50000000000000000        1.0000000000000000     

 !NewElementMapDefinition
         564        1128
         1.0000000000000000        0.0000000000000000        0.0000000000000000     
         1.0000000000000000        1.0000000000000000        0.0000000000000000     
         1.0000000000000000        0.0000000000000000        1.0000000000000000     
         1.0000000000000000        1.0000000000000000        1.0000000000000000     
         1.0000000000000000       0.50000000000000000        0.0000000000000000     
         1.0000000000000000        0.0000000000000000       0.50000000000000000     
         1.0000000000000000       0.50000000000000000       0.50000000000000000     
         1.0000000000000000        1.0000000000000000       0.50000000000000000     
         1.0000000000000000       0.50000000000000000        1.0000000000000000     

 !NewElementMapDefinition
         565        1130
         1.0000000000000000        0.0000000000000000        0.0000000000000000     
         1.0000000000000000        1.0000000000000000        0.0000000000000000     
         1.0000000000000000        0.0000000000000000        1.0000000000000000     
         1.0000000000000000        1.0000000000000000        1.0000000000000000     
         1.0000000000000000       0.50000000000000000        0.0000000000000000     
         1.0000000000000000        0.0000000000000000       0.50000000000000000     
         1.0000000000000000       0.50000000000000000       0.50000000000000000     
         1.0000000000000000        1.0000000000000000       0.50000000000000000     
         1.0000000000000000       0.50000000000000000        1.0000000000000000     

 !NewElementMapDefinition
         566        1132
         1.0000000000000000        0.0000000000000000        0.0000000000000000     
         1.0000000000000000        1.0000000000000000        0.0000000000000000     
         1.0000000000000000        0.0000000000000000        1.0000000000000000     
         1.0000000000000000        1.0000000000000000        1.0000000000000000     
         1.0000000000000000       0.50000000000000000        0.0000000000000000     
         1.0000000000000000        0.0000000000000000       0.50000000000000000     
         1.0000000000000000       0.50000000000000000       0.50000000000000000     
         1.0000000000000000        1.0000000000000000       0.50000000000000000     
         1.0000000000000000       0.50000000000000000        1.0000000000000000     

 !NewElementMapDefinition
         567        1134
         1.0000000000000000        0.0000000000000000        0.0000000000000000     
         1.0000000000000000        1.0000000000000000        0.0000000000000000     
         1.0000000000000000        0.0000000000000000        1.0000000000000000     
         1.0000000000000000        1.0000000000000000        1.0000000000000000     
         1.0000000000000000       0.50000000000000000        0.0000000000000000     
         1.0000000000000000        0.0000000000000000       0.50000000000000000     
         1.0000000000000000       0.50000000000000000       0.50000000000000000     
         1.0000000000000000        1.0000000000000000       0.50000000000000000     
         1.0000000000000000       0.50000000000000000        1.0000000000000000     

 !NewElementMapDefinition
         568        1136
         1.0000000000000000        0.0000000000000000        0.0000000000000000     
         1.0000000000000000        1.0000000000000000        0.0000000000000000     
         1.0000000000000000        0.0000000000000000        1.0000000000000000     
         1.0000000000000000        1.0000000000000000        1.0000000000000000     
         1.0000000000000000       0.50000000000000000        0.0000000000000000     
         1.0000000000000000        0.0000000000000000       0.50000000000000000     
         1.0000000000000000       0.50000000000000000       0.50000000000000000     
         1.0000000000000000        1.0000000000000000       0.50000000000000000     
         1.0000000000000000       0.50000000000000000        1.0000000000000000     

 !NewElementMapDefinition
         569        1138
         1.0000000000000000        0.0000000000000000        0.0000000000000000     
         1.0000000000000000        1.0000000000000000        0.0000000000000000     
         1.0000000000000000        0.0000000000000000        1.0000000000000000     
         1.0000000000000000        1.0000000000000000        1.0000000000000000     
         1.0000000000000000       0.50000000000000000        0.0000000000000000     
         1.0000000000000000        0.0000000000000000       0.50000000000000000     
         1.0000000000000000       0.50000000000000000       0.50000000000000000     
         1.0000000000000000        1.0000000000000000       0.50000000000000000     
         1.0000000000000000       0.50000000000000000        1.0000000000000000     

 !NewElementMapDefinition
         570        1140
         1.0000000000000000        0.0000000000000000        0.0000000000000000     
         1.0000000000000000        1.0000000000000000        0.0000000000000000     
         1.0000000000000000        0.0000000000000000        1.0000000000000000     
         1.0000000000000000        1.0000000000000000        1.0000000000000000     
         1.0000000000000000       0.50000000000000000        0.0000000000000000     
         1.0000000000000000        0.0000000000000000       0.50000000000000000     
         1.0000000000000000       0.50000000000000000       0.50000000000000000     
         1.0000000000000000        1.0000000000000000       0.50000000000000000     
         1.0000000000000000       0.50000000000000000        1.0000000000000000     

 !NewElementMapDefinition
         571        1142
         1.0000000000000000        0.0000000000000000        0.0000000000000000     
         1.0000000000000000        1.0000000000000000        0.0000000000000000     
         1.0000000000000000        0.0000000000000000        1.0000000000000000     
         1.0000000000000000        1.0000000000000000        1.0000000000000000     
         1.0000000000000000       0.50000000000000000        0.0000000000000000     
         1.0000000000000000        0.0000000000000000       0.50000000000000000     
         1.0000000000000000       0.50000000000000000       0.50000000000000000     
         1.0000000000000000        1.0000000000000000       0.50000000000000000     
         1.0000000000000000       0.50000000000000000        1.0000000000000000     

 !NewElementMapDefinition
         572        1144
         1.0000000000000000        0.0000000000000000        0.0000000000000000     
         1.0000000000000000        1.0000000000000000        0.0000000000000000     
         1.0000000000000000        0.0000000000000000        1.0000000000000000     
         1.0000000000000000        1.0000000000000000        1.0000000000000000     
         1.0000000000000000       0.50000000000000000        0.0000000000000000     
         1.0000000000000000        0.0000000000000000       0.50000000000000000     
         1.0000000000000000       0.50000000000000000       0.50000000000000000     
         1.0000000000000000        1.0000000000000000       0.50000000000000000     
         1.0000000000000000       0.50000000000000000        1.0000000000000000     

 !NewElementMapDefinition
         573        1146
         1.0000000000000000        0.0000000000000000        0.0000000000000000     
         1.0000000000000000        1.0000000000000000        0.0000000000000000     
         1.0000000000000000        0.0000000000000000        1.0000000000000000     
         1.0000000000000000        1.0000000000000000        1.0000000000000000     
         1.0000000000000000       0.50000000000000000        0.0000000000000000     
         1.0000000000000000        0.0000000000000000       0.50000000000000000     
         1.0000000000000000       0.50000000000000000       0.50000000000000000     
         1.0000000000000000        1.0000000000000000       0.50000000000000000     
         1.0000000000000000       0.50000000000000000        1.0000000000000000     

 !NewElementMapDefinition
         574        1148
         1.0000000000000000        0.0000000000000000        0.0000000000000000     
         1.0000000000000000        1.0000000000000000        0.0000000000000000     
         1.0000000000000000        0.0000000000000000        1.0000000000000000     
         1.0000000000000000        1.0000000000000000        1.0000000000000000     
         1.0000000000000000       0.50000000000000000        0.0000000000000000     
         1.0000000000000000        0.0000000000000000       0.50000000000000000     
         1.0000000000000000       0.50000000000000000       0.50000000000000000     
         1.0000000000000000        1.0000000000000000       0.50000000000000000     
         1.0000000000000000       0.50000000000000000        1.0000000000000000     

 !NewElementMapDefinition
         575        1150
         1.0000000000000000        0.0000000000000000        0.0000000000000000     
         1.0000000000000000        1.0000000000000000        0.0000000000000000     
         1.0000000000000000        0.0000000000000000        1.0000000000000000     
         1.0000000000000000        1.0000000000000000        1.0000000000000000     
         1.0000000000000000       0.50000000000000000        0.0000000000000000     
         1.0000000000000000        0.0000000000000000       0.50000000000000000     
         1.0000000000000000       0.50000000000000000       0.50000000000000000     
         1.0000000000000000        1.0000000000000000       0.50000000000000000     
         1.0000000000000000       0.50000000000000000        1.0000000000000000     

 !NewElementMapDefinition
         576        1152
         1.0000000000000000        0.0000000000000000        0.0000000000000000     
         1.0000000000000000        1.0000000000000000        0.0000000000000000     
         1.0000000000000000        0.0000000000000000        1.0000000000000000     
         1.0000000000000000        1.0000000000000000        1.0000000000000000     
         1.0000000000000000       0.50000000000000000        0.0000000000000000     
         1.0000000000000000        0.0000000000000000       0.50000000000000000     
         1.0000000000000000       0.50000000000000000       0.50000000000000000     
         1.0000000000000000        1.0000000000000000       0.50000000000000000     
         1.0000000000000000       0.50000000000000000        1.0000000000000000     

 !NewElementMapDefinition
         577        1154
         1.0000000000000000        0.0000000000000000        0.0000000000000000     
         1.0000000000000000        1.0000000000000000        0.0000000000000000     
         1.0000000000000000        0.0000000000000000        1.0000000000000000     
         1.0000000000000000        1.0000000000000000        1.0000000000000000     
         1.0000000000000000       0.50000000000000000        0.0000000000000000     
         1.0000000000000000        0.0000000000000000       0.50000000000000000     
         1.0000000000000000       0.50000000000000000       0.50000000000000000     
         1.0000000000000000        1.0000000000000000       0.50000000000000000     
         1.0000000000000000       0.50000000000000000        1.0000000000000000     

 !NewElementMapDefinition
         578        1156
         1.0000000000000000        0.0000000000000000        0.0000000000000000     
         1.0000000000000000        1.0000000000000000        0.0000000000000000     
         1.0000000000000000        0.0000000000000000        1.0000000000000000     
         1.0000000000000000        1.0000000000000000        1.0000000000000000     
         1.0000000000000000       0.50000000000000000        0.0000000000000000     
         1.0000000000000000        0.0000000000000000       0.50000000000000000     
         1.0000000000000000       0.50000000000000000       0.50000000000000000     
         1.0000000000000000        1.0000000000000000       0.50000000000000000     
         1.0000000000000000       0.50000000000000000        1.0000000000000000     

 !NewElementMapDefinition
         579        1158
         1.0000000000000000        0.0000000000000000        0.0000000000000000     
         1.0000000000000000        1.0000000000000000        0.0000000000000000     
         1.0000000000000000        0.0000000000000000        1.0000000000000000     
         1.0000000000000000        1.0000000000000000        1.0000000000000000     
         1.0000000000000000       0.50000000000000000        0.0000000000000000     
         1.0000000000000000        0.0000000000000000       0.50000000000000000     
         1.0000000000000000       0.50000000000000000       0.50000000000000000     
         1.0000000000000000        1.0000000000000000       0.50000000000000000     
         1.0000000000000000       0.50000000000000000        1.0000000000000000     

 !NewElementMapDefinition
         580        1160
         1.0000000000000000        0.0000000000000000        0.0000000000000000     
         1.0000000000000000        1.0000000000000000        0.0000000000000000     
         1.0000000000000000        0.0000000000000000        1.0000000000000000     
         1.0000000000000000        1.0000000000000000        1.0000000000000000     
         1.0000000000000000       0.50000000000000000        0.0000000000000000     
         1.0000000000000000        0.0000000000000000       0.50000000000000000     
         1.0000000000000000       0.50000000000000000       0.50000000000000000     
         1.0000000000000000        1.0000000000000000       0.50000000000000000     
         1.0000000000000000       0.50000000000000000        1.0000000000000000     

 !NewElementMapDefinition
         581        1162
         1.0000000000000000        0.0000000000000000        0.0000000000000000     
         1.0000000000000000        1.0000000000000000        0.0000000000000000     
         1.0000000000000000        0.0000000000000000        1.0000000000000000     
         1.0000000000000000        1.0000000000000000        1.0000000000000000     
         1.0000000000000000       0.50000000000000000        0.0000000000000000     
         1.0000000000000000        0.0000000000000000       0.50000000000000000     
         1.0000000000000000       0.50000000000000000       0.50000000000000000     
         1.0000000000000000        1.0000000000000000       0.50000000000000000     
         1.0000000000000000       0.50000000000000000        1.0000000000000000     

 !NewElementMapDefinition
         582        1164
         1.0000000000000000        0.0000000000000000        0.0000000000000000     
         1.0000000000000000        1.0000000000000000        0.0000000000000000     
         1.0000000000000000        0.0000000000000000        1.0000000000000000     
         1.0000000000000000        1.0000000000000000        1.0000000000000000     
         1.0000000000000000       0.50000000000000000        0.0000000000000000     
         1.0000000000000000        0.0000000000000000       0.50000000000000000     
         1.0000000000000000       0.50000000000000000       0.50000000000000000     
         1.0000000000000000        1.0000000000000000       0.50000000000000000     
         1.0000000000000000       0.50000000000000000        1.0000000000000000     

 !NewElementMapDefinition
         583        1166
         1.0000000000000000        0.0000000000000000        0.0000000000000000     
         1.0000000000000000        1.0000000000000000        0.0000000000000000     
         1.0000000000000000        0.0000000000000000        1.0000000000000000     
         1.0000000000000000        1.0000000000000000        1.0000000000000000     
         1.0000000000000000       0.50000000000000000        0.0000000000000000     
         1.0000000000000000        0.0000000000000000       0.50000000000000000     
         1.0000000000000000       0.50000000000000000       0.50000000000000000     
         1.0000000000000000        1.0000000000000000       0.50000000000000000     
         1.0000000000000000       0.50000000000000000        1.0000000000000000     

 !NewElementMapDefinition
         584        1168
         1.0000000000000000        0.0000000000000000        0.0000000000000000     
         1.0000000000000000        1.0000000000000000        0.0000000000000000     
         1.0000000000000000        0.0000000000000000        1.0000000000000000     
         1.0000000000000000        1.0000000000000000        1.0000000000000000     
         1.0000000000000000       0.50000000000000000        0.0000000000000000     
         1.0000000000000000        0.0000000000000000       0.50000000000000000     
         1.0000000000000000       0.50000000000000000       0.50000000000000000     
         1.0000000000000000        1.0000000000000000       0.50000000000000000     
         1.0000000000000000       0.50000000000000000        1.0000000000000000     

 !NewElementMapDefinition
         585        1170
         1.0000000000000000        0.0000000000000000        0.0000000000000000     
         1.0000000000000000        1.0000000000000000        0.0000000000000000     
         1.0000000000000000        0.0000000000000000        1.0000000000000000     
         1.0000000000000000        1.0000000000000000        1.0000000000000000     
         1.0000000000000000       0.50000000000000000        0.0000000000000000     
         1.0000000000000000        0.0000000000000000       0.50000000000000000     
         1.0000000000000000       0.50000000000000000       0.50000000000000000     
         1.0000000000000000        1.0000000000000000       0.50000000000000000     
         1.0000000000000000       0.50000000000000000        1.0000000000000000     

 !NewElementMapDefinition
         586        1172
         1.0000000000000000        0.0000000000000000        0.0000000000000000     
         1.0000000000000000        1.0000000000000000        0.0000000000000000     
         1.0000000000000000        0.0000000000000000        1.0000000000000000     
         1.0000000000000000        1.0000000000000000        1.0000000000000000     
         1.0000000000000000       0.50000000000000000        0.0000000000000000     
         1.0000000000000000        0.0000000000000000       0.50000000000000000     
         1.0000000000000000       0.50000000000000000       0.50000000000000000     
         1.0000000000000000        1.0000000000000000       0.50000000000000000     
         1.0000000000000000       0.50000000000000000        1.0000000000000000     

 !NewElementMapDefinition
         587        1174
         1.0000000000000000        0.0000000000000000        0.0000000000000000     
         1.0000000000000000        1.0000000000000000        0.0000000000000000     
         1.0000000000000000        0.0000000000000000        1.0000000000000000     
         1.0000000000000000        1.0000000000000000        1.0000000000000000     
         1.0000000000000000       0.50000000000000000        0.0000000000000000     
         1.0000000000000000        0.0000000000000000       0.50000000000000000     
         1.0000000000000000       0.50000000000000000       0.50000000000000000     
         1.0000000000000000        1.0000000000000000       0.50000000000000000     
         1.0000000000000000       0.50000000000000000        1.0000000000000000     

 !NewElementMapDefinition
         588        1176
         1.0000000000000000        0.0000000000000000        0.0000000000000000     
         1.0000000000000000        1.0000000000000000        0.0000000000000000     
         1.0000000000000000        0.0000000000000000        1.0000000000000000     
         1.0000000000000000        1.0000000000000000        1.0000000000000000     
         1.0000000000000000       0.50000000000000000        0.0000000000000000     
         1.0000000000000000        0.0000000000000000       0.50000000000000000     
         1.0000000000000000       0.50000000000000000       0.50000000000000000     
         1.0000000000000000        1.0000000000000000       0.50000000000000000     
         1.0000000000000000       0.50000000000000000        1.0000000000000000     

 !NewElementMapDefinition
         589        1178
         1.0000000000000000        0.0000000000000000        0.0000000000000000     
         1.0000000000000000        1.0000000000000000        0.0000000000000000     
         1.0000000000000000        0.0000000000000000        1.0000000000000000     
         1.0000000000000000        1.0000000000000000        1.0000000000000000     
         1.0000000000000000       0.50000000000000000        0.0000000000000000     
         1.0000000000000000        0.0000000000000000       0.50000000000000000     
         1.0000000000000000       0.50000000000000000       0.50000000000000000     
         1.0000000000000000        1.0000000000000000       0.50000000000000000     
         1.0000000000000000       0.50000000000000000        1.0000000000000000     

 !NewElementMapDefinition
         590        1180
         1.0000000000000000        0.0000000000000000        0.0000000000000000     
         1.0000000000000000        1.0000000000000000        0.0000000000000000     
         1.0000000000000000        0.0000000000000000        1.0000000000000000     
         1.0000000000000000        1.0000000000000000        1.0000000000000000     
         1.0000000000000000       0.50000000000000000        0.0000000000000000     
         1.0000000000000000        0.0000000000000000       0.50000000000000000     
         1.0000000000000000       0.50000000000000000       0.50000000000000000     
         1.0000000000000000        1.0000000000000000       0.50000000000000000     
         1.0000000000000000       0.50000000000000000        1.0000000000000000     

 !NewElementMapDefinition
         591        1182
         1.0000000000000000        0.0000000000000000        0.0000000000000000     
         1.0000000000000000        1.0000000000000000        0.0000000000000000     
         1.0000000000000000        0.0000000000000000        1.0000000000000000     
         1.0000000000000000        1.0000000000000000        1.0000000000000000     
         1.0000000000000000       0.50000000000000000        0.0000000000000000     
         1.0000000000000000        0.0000000000000000       0.50000000000000000     
         1.0000000000000000       0.50000000000000000       0.50000000000000000     
         1.0000000000000000        1.0000000000000000       0.50000000000000000     
         1.0000000000000000       0.50000000000000000        1.0000000000000000     

 !NewElementMapDefinition
         592        1184
         1.0000000000000000        0.0000000000000000        0.0000000000000000     
         1.0000000000000000        1.0000000000000000        0.0000000000000000     
         1.0000000000000000        0.0000000000000000        1.0000000000000000     
         1.0000000000000000        1.0000000000000000        1.0000000000000000     
         1.0000000000000000       0.50000000000000000        0.0000000000000000     
         1.0000000000000000        0.0000000000000000       0.50000000000000000     
         1.0000000000000000       0.50000000000000000       0.50000000000000000     
         1.0000000000000000        1.0000000000000000       0.50000000000000000     
         1.0000000000000000       0.50000000000000000        1.0000000000000000     

 !NewElementMapDefinition
         593        1186
         1.0000000000000000        0.0000000000000000        0.0000000000000000     
         1.0000000000000000        1.0000000000000000        0.0000000000000000     
         1.0000000000000000        0.0000000000000000        1.0000000000000000     
         1.0000000000000000        1.0000000000000000        1.0000000000000000     
         1.0000000000000000       0.50000000000000000        0.0000000000000000     
         1.0000000000000000        0.0000000000000000       0.50000000000000000     
         1.0000000000000000       0.50000000000000000       0.50000000000000000     
         1.0000000000000000        1.0000000000000000       0.50000000000000000     
         1.0000000000000000       0.50000000000000000        1.0000000000000000     

 !NewElementMapDefinition
         594        1188
         1.0000000000000000        0.0000000000000000        0.0000000000000000     
         1.0000000000000000        1.0000000000000000        0.0000000000000000     
         1.0000000000000000        0.0000000000000000        1.0000000000000000     
         1.0000000000000000        1.0000000000000000        1.0000000000000000     
         1.0000000000000000       0.50000000000000000        0.0000000000000000     
         1.0000000000000000        0.0000000000000000       0.50000000000000000     
         1.0000000000000000       0.50000000000000000       0.50000000000000000     
         1.0000000000000000        1.0000000000000000       0.50000000000000000     
         1.0000000000000000       0.50000000000000000        1.0000000000000000     

 !NewElementMapDefinition
         595        1190
         1.0000000000000000        0.0000000000000000        0.0000000000000000     
         1.0000000000000000        1.0000000000000000        0.0000000000000000     
         1.0000000000000000        0.0000000000000000        1.0000000000000000     
         1.0000000000000000        1.0000000000000000        1.0000000000000000     
         1.0000000000000000       0.50000000000000000        0.0000000000000000     
         1.0000000000000000        0.0000000000000000       0.50000000000000000     
         1.0000000000000000       0.50000000000000000       0.50000000000000000     
         1.0000000000000000        1.0000000000000000       0.50000000000000000     
         1.0000000000000000       0.50000000000000000        1.0000000000000000     

 !NewElementMapDefinition
         596        1192
         1.0000000000000000        0.0000000000000000        0.0000000000000000     
         1.0000000000000000        1.0000000000000000        0.0000000000000000     
         1.0000000000000000        0.0000000000000000        1.0000000000000000     
         1.0000000000000000        1.0000000000000000        1.0000000000000000     
         1.0000000000000000       0.50000000000000000        0.0000000000000000     
         1.0000000000000000        0.0000000000000000       0.50000000000000000     
         1.0000000000000000       0.50000000000000000       0.50000000000000000     
         1.0000000000000000        1.0000000000000000       0.50000000000000000     
         1.0000000000000000       0.50000000000000000        1.0000000000000000     

 !NewElementMapDefinition
         597        1194
         1.0000000000000000        0.0000000000000000        0.0000000000000000     
         1.0000000000000000        1.0000000000000000        0.0000000000000000     
         1.0000000000000000        0.0000000000000000        1.0000000000000000     
         1.0000000000000000        1.0000000000000000        1.0000000000000000     
         1.0000000000000000       0.50000000000000000        0.0000000000000000     
         1.0000000000000000        0.0000000000000000       0.50000000000000000     
         1.0000000000000000       0.50000000000000000       0.50000000000000000     
         1.0000000000000000        1.0000000000000000       0.50000000000000000     
         1.0000000000000000       0.50000000000000000        1.0000000000000000     

 !NewElementMapDefinition
         598        1196
         1.0000000000000000        0.0000000000000000        0.0000000000000000     
         1.0000000000000000        1.0000000000000000        0.0000000000000000     
         1.0000000000000000        0.0000000000000000        1.0000000000000000     
         1.0000000000000000        1.0000000000000000        1.0000000000000000     
         1.0000000000000000       0.50000000000000000        0.0000000000000000     
         1.0000000000000000        0.0000000000000000       0.50000000000000000     
         1.0000000000000000       0.50000000000000000       0.50000000000000000     
         1.0000000000000000        1.0000000000000000       0.50000000000000000     
         1.0000000000000000       0.50000000000000000        1.0000000000000000     

 !NewElementMapDefinition
         599        1198
         1.0000000000000000        0.0000000000000000        0.0000000000000000     
         1.0000000000000000        1.0000000000000000        0.0000000000000000     
         1.0000000000000000        0.0000000000000000        1.0000000000000000     
         1.0000000000000000        1.0000000000000000        1.0000000000000000     
         1.0000000000000000       0.50000000000000000        0.0000000000000000     
         1.0000000000000000        0.0000000000000000       0.50000000000000000     
         1.0000000000000000       0.50000000000000000       0.50000000000000000     
         1.0000000000000000        1.0000000000000000       0.50000000000000000     
         1.0000000000000000       0.50000000000000000        1.0000000000000000     

 !NewElementMapDefinition
         600        1200
         1.0000000000000000        0.0000000000000000        0.0000000000000000     
         1.0000000000000000        1.0000000000000000        0.0000000000000000     
         1.0000000000000000        0.0000000000000000        1.0000000000000000     
         1.0000000000000000        1.0000000000000000        1.0000000000000000     
         1.0000000000000000       0.50000000000000000        0.0000000000000000     
         1.0000000000000000        0.0000000000000000       0.50000000000000000     
         1.0000000000000000       0.50000000000000000       0.50000000000000000     
         1.0000000000000000        1.0000000000000000       0.50000000000000000     
         1.0000000000000000       0.50000000000000000        1.0000000000000000     

 !NewElementMapDefinition
         601        1202
         1.0000000000000000        0.0000000000000000        0.0000000000000000     
         1.0000000000000000        1.0000000000000000        0.0000000000000000     
         1.0000000000000000        0.0000000000000000        1.0000000000000000     
         1.0000000000000000        1.0000000000000000        1.0000000000000000     
         1.0000000000000000       0.50000000000000000        0.0000000000000000     
         1.0000000000000000        0.0000000000000000       0.50000000000000000     
         1.0000000000000000       0.50000000000000000       0.50000000000000000     
         1.0000000000000000        1.0000000000000000       0.50000000000000000     
         1.0000000000000000       0.50000000000000000        1.0000000000000000     

 !NewElementMapDefinition
         602        1204
         1.0000000000000000        0.0000000000000000        0.0000000000000000     
         1.0000000000000000        1.0000000000000000        0.0000000000000000     
         1.0000000000000000        0.0000000000000000        1.0000000000000000     
         1.0000000000000000        1.0000000000000000        1.0000000000000000     
         1.0000000000000000       0.50000000000000000        0.0000000000000000     
         1.0000000000000000        0.0000000000000000       0.50000000000000000     
         1.0000000000000000       0.50000000000000000       0.50000000000000000     
         1.0000000000000000        1.0000000000000000       0.50000000000000000     
         1.0000000000000000       0.50000000000000000        1.0000000000000000     

 !NewElementMapDefinition
         603        1206
         1.0000000000000000        0.0000000000000000        0.0000000000000000     
         1.0000000000000000        1.0000000000000000        0.0000000000000000     
         1.0000000000000000        0.0000000000000000        1.0000000000000000     
         1.0000000000000000        1.0000000000000000        1.0000000000000000     
         1.0000000000000000       0.50000000000000000        0.0000000000000000     
         1.0000000000000000        0.0000000000000000       0.50000000000000000     
         1.0000000000000000       0.50000000000000000       0.50000000000000000     
         1.0000000000000000        1.0000000000000000       0.50000000000000000     
         1.0000000000000000       0.50000000000000000        1.0000000000000000     

 !NewElementMapDefinition
         604        1208
         1.0000000000000000        0.0000000000000000        0.0000000000000000     
         1.0000000000000000        1.0000000000000000        0.0000000000000000     
         1.0000000000000000        0.0000000000000000        1.0000000000000000     
         1.0000000000000000        1.0000000000000000        1.0000000000000000     
         1.0000000000000000       0.50000000000000000        0.0000000000000000     
         1.0000000000000000        0.0000000000000000       0.50000000000000000     
         1.0000000000000000       0.50000000000000000       0.50000000000000000     
         1.0000000000000000        1.0000000000000000       0.50000000000000000     
         1.0000000000000000       0.50000000000000000        1.0000000000000000     

 !NewElementMapDefinition
         605        1210
         1.0000000000000000        0.0000000000000000        0.0000000000000000     
         1.0000000000000000        1.0000000000000000        0.0000000000000000     
         1.0000000000000000        0.0000000000000000        1.0000000000000000     
         1.0000000000000000        1.0000000000000000        1.0000000000000000     
         1.0000000000000000       0.50000000000000000        0.0000000000000000     
         1.0000000000000000        0.0000000000000000       0.50000000000000000     
         1.0000000000000000       0.50000000000000000       0.50000000000000000     
         1.0000000000000000        1.0000000000000000       0.50000000000000000     
         1.0000000000000000       0.50000000000000000        1.0000000000000000     

 !NewElementMapDefinition
         606        1212
         1.0000000000000000        0.0000000000000000        0.0000000000000000     
         1.0000000000000000        1.0000000000000000        0.0000000000000000     
         1.0000000000000000        0.0000000000000000        1.0000000000000000     
         1.0000000000000000        1.0000000000000000        1.0000000000000000     
         1.0000000000000000       0.50000000000000000        0.0000000000000000     
         1.0000000000000000        0.0000000000000000       0.50000000000000000     
         1.0000000000000000       0.50000000000000000       0.50000000000000000     
         1.0000000000000000        1.0000000000000000       0.50000000000000000     
         1.0000000000000000       0.50000000000000000        1.0000000000000000     

 !NewElementMapDefinition
         607        1214
         1.0000000000000000        0.0000000000000000        0.0000000000000000     
         1.0000000000000000        1.0000000000000000        0.0000000000000000     
         1.0000000000000000        0.0000000000000000        1.0000000000000000     
         1.0000000000000000        1.0000000000000000        1.0000000000000000     
         1.0000000000000000       0.50000000000000000        0.0000000000000000     
         1.0000000000000000        0.0000000000000000       0.50000000000000000     
         1.0000000000000000       0.50000000000000000       0.50000000000000000     
         1.0000000000000000        1.0000000000000000       0.50000000000000000     
         1.0000000000000000       0.50000000000000000        1.0000000000000000     

 !NewElementMapDefinition
         608        1216
         1.0000000000000000        0.0000000000000000        0.0000000000000000     
         1.0000000000000000        1.0000000000000000        0.0000000000000000     
         1.0000000000000000        0.0000000000000000        1.0000000000000000     
         1.0000000000000000        1.0000000000000000        1.0000000000000000     
         1.0000000000000000       0.50000000000000000        0.0000000000000000     
         1.0000000000000000        0.0000000000000000       0.50000000000000000     
         1.0000000000000000       0.50000000000000000       0.50000000000000000     
         1.0000000000000000        1.0000000000000000       0.50000000000000000     
         1.0000000000000000       0.50000000000000000        1.0000000000000000     

 !NewElementMapDefinition
         609        1218
         1.0000000000000000        0.0000000000000000        0.0000000000000000     
         1.0000000000000000        1.0000000000000000        0.0000000000000000     
         1.0000000000000000        0.0000000000000000        1.0000000000000000     
         1.0000000000000000        1.0000000000000000        1.0000000000000000     
         1.0000000000000000       0.50000000000000000        0.0000000000000000     
         1.0000000000000000        0.0000000000000000       0.50000000000000000     
         1.0000000000000000       0.50000000000000000       0.50000000000000000     
         1.0000000000000000        1.0000000000000000       0.50000000000000000     
         1.0000000000000000       0.50000000000000000        1.0000000000000000     

 !NewElementMapDefinition
         610        1220
         1.0000000000000000        0.0000000000000000        0.0000000000000000     
         1.0000000000000000        1.0000000000000000        0.0000000000000000     
         1.0000000000000000        0.0000000000000000        1.0000000000000000     
         1.0000000000000000        1.0000000000000000        1.0000000000000000     
         1.0000000000000000       0.50000000000000000        0.0000000000000000     
         1.0000000000000000        0.0000000000000000       0.50000000000000000     
         1.0000000000000000       0.50000000000000000       0.50000000000000000     
         1.0000000000000000        1.0000000000000000       0.50000000000000000     
         1.0000000000000000       0.50000000000000000        1.0000000000000000     

 !NewElementMapDefinition
         611        1222
         1.0000000000000000        0.0000000000000000        0.0000000000000000     
         1.0000000000000000        1.0000000000000000        0.0000000000000000     
         1.0000000000000000        0.0000000000000000        1.0000000000000000     
         1.0000000000000000        1.0000000000000000        1.0000000000000000     
         1.0000000000000000       0.50000000000000000        0.0000000000000000     
         1.0000000000000000        0.0000000000000000       0.50000000000000000     
         1.0000000000000000       0.50000000000000000       0.50000000000000000     
         1.0000000000000000        1.0000000000000000       0.50000000000000000     
         1.0000000000000000       0.50000000000000000        1.0000000000000000     

 !NewElementMapDefinition
         612        1224
         1.0000000000000000        0.0000000000000000        0.0000000000000000     
         1.0000000000000000        1.0000000000000000        0.0000000000000000     
         1.0000000000000000        0.0000000000000000        1.0000000000000000     
         1.0000000000000000        1.0000000000000000        1.0000000000000000     
         1.0000000000000000       0.50000000000000000        0.0000000000000000     
         1.0000000000000000        0.0000000000000000       0.50000000000000000     
         1.0000000000000000       0.50000000000000000       0.50000000000000000     
         1.0000000000000000        1.0000000000000000       0.50000000000000000     
         1.0000000000000000       0.50000000000000000        1.0000000000000000     

 !NewElementMapDefinition
         613        1226
         1.0000000000000000        0.0000000000000000        0.0000000000000000     
         1.0000000000000000        1.0000000000000000        0.0000000000000000     
         1.0000000000000000        0.0000000000000000        1.0000000000000000     
         1.0000000000000000        1.0000000000000000        1.0000000000000000     
         1.0000000000000000       0.50000000000000000        0.0000000000000000     
         1.0000000000000000        0.0000000000000000       0.50000000000000000     
         1.0000000000000000       0.50000000000000000       0.50000000000000000     
         1.0000000000000000        1.0000000000000000       0.50000000000000000     
         1.0000000000000000       0.50000000000000000        1.0000000000000000     

 !NewElementMapDefinition
         614        1228
         1.0000000000000000        0.0000000000000000        0.0000000000000000     
         1.0000000000000000        1.0000000000000000        0.0000000000000000     
         1.0000000000000000        0.0000000000000000        1.0000000000000000     
         1.0000000000000000        1.0000000000000000        1.0000000000000000     
         1.0000000000000000       0.50000000000000000        0.0000000000000000     
         1.0000000000000000        0.0000000000000000       0.50000000000000000     
         1.0000000000000000       0.50000000000000000       0.50000000000000000     
         1.0000000000000000        1.0000000000000000       0.50000000000000000     
         1.0000000000000000       0.50000000000000000        1.0000000000000000     

 !NewElementMapDefinition
         615        1230
         1.0000000000000000        0.0000000000000000        0.0000000000000000     
         1.0000000000000000        1.0000000000000000        0.0000000000000000     
         1.0000000000000000        0.0000000000000000        1.0000000000000000     
         1.0000000000000000        1.0000000000000000        1.0000000000000000     
         1.0000000000000000       0.50000000000000000        0.0000000000000000     
         1.0000000000000000        0.0000000000000000       0.50000000000000000     
         1.0000000000000000       0.50000000000000000       0.50000000000000000     
         1.0000000000000000        1.0000000000000000       0.50000000000000000     
         1.0000000000000000       0.50000000000000000        1.0000000000000000     

 !NewElementMapDefinition
         616        1232
         1.0000000000000000        0.0000000000000000        0.0000000000000000     
         1.0000000000000000        1.0000000000000000        0.0000000000000000     
         1.0000000000000000        0.0000000000000000        1.0000000000000000     
         1.0000000000000000        1.0000000000000000        1.0000000000000000     
         1.0000000000000000       0.50000000000000000        0.0000000000000000     
         1.0000000000000000        0.0000000000000000       0.50000000000000000     
         1.0000000000000000       0.50000000000000000       0.50000000000000000     
         1.0000000000000000        1.0000000000000000       0.50000000000000000     
         1.0000000000000000       0.50000000000000000        1.0000000000000000     

 !NewElementMapDefinition
         617        1234
         1.0000000000000000        0.0000000000000000        0.0000000000000000     
         1.0000000000000000        1.0000000000000000        0.0000000000000000     
         1.0000000000000000        0.0000000000000000        1.0000000000000000     
         1.0000000000000000        1.0000000000000000        1.0000000000000000     
         1.0000000000000000       0.50000000000000000        0.0000000000000000     
         1.0000000000000000        0.0000000000000000       0.50000000000000000     
         1.0000000000000000       0.50000000000000000       0.50000000000000000     
         1.0000000000000000        1.0000000000000000       0.50000000000000000     
         1.0000000000000000       0.50000000000000000        1.0000000000000000     

 !NewElementMapDefinition
         618        1236
         1.0000000000000000        0.0000000000000000        0.0000000000000000     
         1.0000000000000000        1.0000000000000000        0.0000000000000000     
         1.0000000000000000        0.0000000000000000        1.0000000000000000     
         1.0000000000000000        1.0000000000000000        1.0000000000000000     
         1.0000000000000000       0.50000000000000000        0.0000000000000000     
         1.0000000000000000        0.0000000000000000       0.50000000000000000     
         1.0000000000000000       0.50000000000000000       0.50000000000000000     
         1.0000000000000000        1.0000000000000000       0.50000000000000000     
         1.0000000000000000       0.50000000000000000        1.0000000000000000     

 !NewElementMapDefinition
         619        1238
         1.0000000000000000        0.0000000000000000        0.0000000000000000     
         1.0000000000000000        1.0000000000000000        0.0000000000000000     
         1.0000000000000000        0.0000000000000000        1.0000000000000000     
         1.0000000000000000        1.0000000000000000        1.0000000000000000     
         1.0000000000000000       0.50000000000000000        0.0000000000000000     
         1.0000000000000000        0.0000000000000000       0.50000000000000000     
         1.0000000000000000       0.50000000000000000       0.50000000000000000     
         1.0000000000000000        1.0000000000000000       0.50000000000000000     
         1.0000000000000000       0.50000000000000000        1.0000000000000000     

 !NewElementMapDefinition
         620        1240
         1.0000000000000000        0.0000000000000000        0.0000000000000000     
         1.0000000000000000        1.0000000000000000        0.0000000000000000     
         1.0000000000000000        0.0000000000000000        1.0000000000000000     
         1.0000000000000000        1.0000000000000000        1.0000000000000000     
         1.0000000000000000       0.50000000000000000        0.0000000000000000     
         1.0000000000000000        0.0000000000000000       0.50000000000000000     
         1.0000000000000000       0.50000000000000000       0.50000000000000000     
         1.0000000000000000        1.0000000000000000       0.50000000000000000     
         1.0000000000000000       0.50000000000000000        1.0000000000000000     

 !NewElementMapDefinition
         621        1242
         1.0000000000000000        0.0000000000000000        0.0000000000000000     
         1.0000000000000000        1.0000000000000000        0.0000000000000000     
         1.0000000000000000        0.0000000000000000        1.0000000000000000     
         1.0000000000000000        1.0000000000000000        1.0000000000000000     
         1.0000000000000000       0.50000000000000000        0.0000000000000000     
         1.0000000000000000        0.0000000000000000       0.50000000000000000     
         1.0000000000000000       0.50000000000000000       0.50000000000000000     
         1.0000000000000000        1.0000000000000000       0.50000000000000000     
         1.0000000000000000       0.50000000000000000        1.0000000000000000     

 !NewElementMapDefinition
         622        1244
         1.0000000000000000        0.0000000000000000        0.0000000000000000     
         1.0000000000000000        1.0000000000000000        0.0000000000000000     
         1.0000000000000000        0.0000000000000000        1.0000000000000000     
         1.0000000000000000        1.0000000000000000        1.0000000000000000     
         1.0000000000000000       0.50000000000000000        0.0000000000000000     
         1.0000000000000000        0.0000000000000000       0.50000000000000000     
         1.0000000000000000       0.50000000000000000       0.50000000000000000     
         1.0000000000000000        1.0000000000000000       0.50000000000000000     
         1.0000000000000000       0.50000000000000000        1.0000000000000000     

 !NewElementMapDefinition
         623        1246
         1.0000000000000000        0.0000000000000000        0.0000000000000000     
         1.0000000000000000        1.0000000000000000        0.0000000000000000     
         1.0000000000000000        0.0000000000000000        1.0000000000000000     
         1.0000000000000000        1.0000000000000000        1.0000000000000000     
         1.0000000000000000       0.50000000000000000        0.0000000000000000     
         1.0000000000000000        0.0000000000000000       0.50000000000000000     
         1.0000000000000000       0.50000000000000000       0.50000000000000000     
         1.0000000000000000        1.0000000000000000       0.50000000000000000     
         1.0000000000000000       0.50000000000000000        1.0000000000000000     

 !NewElementMapDefinition
         624        1248
         1.0000000000000000        0.0000000000000000        0.0000000000000000     
         1.0000000000000000        1.0000000000000000        0.0000000000000000     
         1.0000000000000000        0.0000000000000000        1.0000000000000000     
         1.0000000000000000        1.0000000000000000        1.0000000000000000     
         1.0000000000000000       0.50000000000000000        0.0000000000000000     
         1.0000000000000000        0.0000000000000000       0.50000000000000000     
         1.0000000000000000       0.50000000000000000       0.50000000000000000     
         1.0000000000000000        1.0000000000000000       0.50000000000000000     
         1.0000000000000000       0.50000000000000000        1.0000000000000000     

 !NewElementMapDefinition
         625        1250
         1.0000000000000000        0.0000000000000000        0.0000000000000000     
         1.0000000000000000        1.0000000000000000        0.0000000000000000     
         1.0000000000000000        0.0000000000000000        1.0000000000000000     
         1.0000000000000000        1.0000000000000000        1.0000000000000000     
         1.0000000000000000       0.50000000000000000        0.0000000000000000     
         1.0000000000000000        0.0000000000000000       0.50000000000000000     
         1.0000000000000000       0.50000000000000000       0.50000000000000000     
         1.0000000000000000        1.0000000000000000       0.50000000000000000     
         1.0000000000000000       0.50000000000000000        1.0000000000000000     

 !NewElementMapDefinition
         626        1252
         1.0000000000000000        0.0000000000000000        0.0000000000000000     
         1.0000000000000000        1.0000000000000000        0.0000000000000000     
         1.0000000000000000        0.0000000000000000        1.0000000000000000     
         1.0000000000000000        1.0000000000000000        1.0000000000000000     
         1.0000000000000000       0.50000000000000000        0.0000000000000000     
         1.0000000000000000        0.0000000000000000       0.50000000000000000     
         1.0000000000000000       0.50000000000000000       0.50000000000000000     
         1.0000000000000000        1.0000000000000000       0.50000000000000000     
         1.0000000000000000       0.50000000000000000        1.0000000000000000     

 !NewElementMapDefinition
         627        1254
         1.0000000000000000        0.0000000000000000        0.0000000000000000     
         1.0000000000000000        1.0000000000000000        0.0000000000000000     
         1.0000000000000000        0.0000000000000000        1.0000000000000000     
         1.0000000000000000        1.0000000000000000        1.0000000000000000     
         1.0000000000000000       0.50000000000000000        0.0000000000000000     
         1.0000000000000000        0.0000000000000000       0.50000000000000000     
         1.0000000000000000       0.50000000000000000       0.50000000000000000     
         1.0000000000000000        1.0000000000000000       0.50000000000000000     
         1.0000000000000000       0.50000000000000000        1.0000000000000000     

 !NewElementMapDefinition
         628        1256
         1.0000000000000000        0.0000000000000000        0.0000000000000000     
         1.0000000000000000        1.0000000000000000        0.0000000000000000     
         1.0000000000000000        0.0000000000000000        1.0000000000000000     
         1.0000000000000000        1.0000000000000000        1.0000000000000000     
         1.0000000000000000       0.50000000000000000        0.0000000000000000     
         1.0000000000000000        0.0000000000000000       0.50000000000000000     
         1.0000000000000000       0.50000000000000000       0.50000000000000000     
         1.0000000000000000        1.0000000000000000       0.50000000000000000     
         1.0000000000000000       0.50000000000000000        1.0000000000000000     

 !NewElementMapDefinition
         629        1258
         1.0000000000000000        0.0000000000000000        0.0000000000000000     
         1.0000000000000000        1.0000000000000000        0.0000000000000000     
         1.0000000000000000        0.0000000000000000        1.0000000000000000     
         1.0000000000000000        1.0000000000000000        1.0000000000000000     
         1.0000000000000000       0.50000000000000000        0.0000000000000000     
         1.0000000000000000        0.0000000000000000       0.50000000000000000     
         1.0000000000000000       0.50000000000000000       0.50000000000000000     
         1.0000000000000000        1.0000000000000000       0.50000000000000000     
         1.0000000000000000       0.50000000000000000        1.0000000000000000     

 !NewElementMapDefinition
         630        1260
         1.0000000000000000        0.0000000000000000        0.0000000000000000     
         1.0000000000000000        1.0000000000000000        0.0000000000000000     
         1.0000000000000000        0.0000000000000000        1.0000000000000000     
         1.0000000000000000        1.0000000000000000        1.0000000000000000     
         1.0000000000000000       0.50000000000000000        0.0000000000000000     
         1.0000000000000000        0.0000000000000000       0.50000000000000000     
         1.0000000000000000       0.50000000000000000       0.50000000000000000     
         1.0000000000000000        1.0000000000000000       0.50000000000000000     
         1.0000000000000000       0.50000000000000000        1.0000000000000000     

 !NewElementMapDefinition
         631        1262
         1.0000000000000000        0.0000000000000000        0.0000000000000000     
         1.0000000000000000        1.0000000000000000        0.0000000000000000     
         1.0000000000000000        0.0000000000000000        1.0000000000000000     
         1.0000000000000000        1.0000000000000000        1.0000000000000000     
         1.0000000000000000       0.50000000000000000        0.0000000000000000     
         1.0000000000000000        0.0000000000000000       0.50000000000000000     
         1.0000000000000000       0.50000000000000000       0.50000000000000000     
         1.0000000000000000        1.0000000000000000       0.50000000000000000     
         1.0000000000000000       0.50000000000000000        1.0000000000000000     

 !NewElementMapDefinition
         632        1264
         1.0000000000000000        0.0000000000000000        0.0000000000000000     
         1.0000000000000000        1.0000000000000000        0.0000000000000000     
         1.0000000000000000        0.0000000000000000        1.0000000000000000     
         1.0000000000000000        1.0000000000000000        1.0000000000000000     
         1.0000000000000000       0.50000000000000000        0.0000000000000000     
         1.0000000000000000        0.0000000000000000       0.50000000000000000     
         1.0000000000000000       0.50000000000000000       0.50000000000000000     
         1.0000000000000000        1.0000000000000000       0.50000000000000000     
         1.0000000000000000       0.50000000000000000        1.0000000000000000     

 !NewElementMapDefinition
         633        1266
         1.0000000000000000        0.0000000000000000        0.0000000000000000     
         1.0000000000000000        1.0000000000000000        0.0000000000000000     
         1.0000000000000000        0.0000000000000000        1.0000000000000000     
         1.0000000000000000        1.0000000000000000        1.0000000000000000     
         1.0000000000000000       0.50000000000000000        0.0000000000000000     
         1.0000000000000000        0.0000000000000000       0.50000000000000000     
         1.0000000000000000       0.50000000000000000       0.50000000000000000     
         1.0000000000000000        1.0000000000000000       0.50000000000000000     
         1.0000000000000000       0.50000000000000000        1.0000000000000000     

 !NewElementMapDefinition
         634        1268
         1.0000000000000000        0.0000000000000000        0.0000000000000000     
         1.0000000000000000        1.0000000000000000        0.0000000000000000     
         1.0000000000000000        0.0000000000000000        1.0000000000000000     
         1.0000000000000000        1.0000000000000000        1.0000000000000000     
         1.0000000000000000       0.50000000000000000        0.0000000000000000     
         1.0000000000000000        0.0000000000000000       0.50000000000000000     
         1.0000000000000000       0.50000000000000000       0.50000000000000000     
         1.0000000000000000        1.0000000000000000       0.50000000000000000     
         1.0000000000000000       0.50000000000000000        1.0000000000000000     

 !NewElementMapDefinition
         635        1270
         1.0000000000000000        0.0000000000000000        0.0000000000000000     
         1.0000000000000000        1.0000000000000000        0.0000000000000000     
         1.0000000000000000        0.0000000000000000        1.0000000000000000     
         1.0000000000000000        1.0000000000000000        1.0000000000000000     
         1.0000000000000000       0.50000000000000000        0.0000000000000000     
         1.0000000000000000        0.0000000000000000       0.50000000000000000     
         1.0000000000000000       0.50000000000000000       0.50000000000000000     
         1.0000000000000000        1.0000000000000000       0.50000000000000000     
         1.0000000000000000       0.50000000000000000        1.0000000000000000     

 !NewElementMapDefinition
         636        1272
         1.0000000000000000        0.0000000000000000        0.0000000000000000     
         1.0000000000000000        1.0000000000000000        0.0000000000000000     
         1.0000000000000000        0.0000000000000000        1.0000000000000000     
         1.0000000000000000        1.0000000000000000        1.0000000000000000     
         1.0000000000000000       0.50000000000000000        0.0000000000000000     
         1.0000000000000000        0.0000000000000000       0.50000000000000000     
         1.0000000000000000       0.50000000000000000       0.50000000000000000     
         1.0000000000000000        1.0000000000000000       0.50000000000000000     
         1.0000000000000000       0.50000000000000000        1.0000000000000000     

 !NewElementMapDefinition
         637        1274
         1.0000000000000000        0.0000000000000000        0.0000000000000000     
         1.0000000000000000        1.0000000000000000        0.0000000000000000     
         1.0000000000000000        0.0000000000000000        1.0000000000000000     
         1.0000000000000000        1.0000000000000000        1.0000000000000000     
         1.0000000000000000       0.50000000000000000        0.0000000000000000     
         1.0000000000000000        0.0000000000000000       0.50000000000000000     
         1.0000000000000000       0.50000000000000000       0.50000000000000000     
         1.0000000000000000        1.0000000000000000       0.50000000000000000     
         1.0000000000000000       0.50000000000000000        1.0000000000000000     

 !NewElementMapDefinition
         638        1276
         1.0000000000000000        0.0000000000000000        0.0000000000000000     
         1.0000000000000000        1.0000000000000000        0.0000000000000000     
         1.0000000000000000        0.0000000000000000        1.0000000000000000     
         1.0000000000000000        1.0000000000000000        1.0000000000000000     
         1.0000000000000000       0.50000000000000000        0.0000000000000000     
         1.0000000000000000        0.0000000000000000       0.50000000000000000     
         1.0000000000000000       0.50000000000000000       0.50000000000000000     
         1.0000000000000000        1.0000000000000000       0.50000000000000000     
         1.0000000000000000       0.50000000000000000        1.0000000000000000     

 !NewElementMapDefinition
         639        1278
         1.0000000000000000        0.0000000000000000        0.0000000000000000     
         1.0000000000000000        1.0000000000000000        0.0000000000000000     
         1.0000000000000000        0.0000000000000000        1.0000000000000000     
         1.0000000000000000        1.0000000000000000        1.0000000000000000     
         1.0000000000000000       0.50000000000000000        0.0000000000000000     
         1.0000000000000000        0.0000000000000000       0.50000000000000000     
         1.0000000000000000       0.50000000000000000       0.50000000000000000     
         1.0000000000000000        1.0000000000000000       0.50000000000000000     
         1.0000000000000000       0.50000000000000000        1.0000000000000000     

 !NewElementMapDefinition
         640        1280
         1.0000000000000000        0.0000000000000000        0.0000000000000000     
         1.0000000000000000        1.0000000000000000        0.0000000000000000     
         1.0000000000000000        0.0000000000000000        1.0000000000000000     
         1.0000000000000000        1.0000000000000000        1.0000000000000000     
         1.0000000000000000       0.50000000000000000        0.0000000000000000     
         1.0000000000000000        0.0000000000000000       0.50000000000000000     
         1.0000000000000000       0.50000000000000000       0.50000000000000000     
         1.0000000000000000        1.0000000000000000       0.50000000000000000     
         1.0000000000000000       0.50000000000000000        1.0000000000000000     

 !NewElementMapDefinition
         641        1282
         1.0000000000000000        0.0000000000000000        0.0000000000000000     
         1.0000000000000000        1.0000000000000000        0.0000000000000000     
         1.0000000000000000        0.0000000000000000        1.0000000000000000     
         1.0000000000000000        1.0000000000000000        1.0000000000000000     
         1.0000000000000000       0.50000000000000000        0.0000000000000000     
         1.0000000000000000        0.0000000000000000       0.50000000000000000     
         1.0000000000000000       0.50000000000000000       0.50000000000000000     
         1.0000000000000000        1.0000000000000000       0.50000000000000000     
         1.0000000000000000       0.50000000000000000        1.0000000000000000     

 !NewElementMapDefinition
         642        1284
         1.0000000000000000        0.0000000000000000        0.0000000000000000     
         1.0000000000000000        1.0000000000000000        0.0000000000000000     
         1.0000000000000000        0.0000000000000000        1.0000000000000000     
         1.0000000000000000        1.0000000000000000        1.0000000000000000     
         1.0000000000000000       0.50000000000000000        0.0000000000000000     
         1.0000000000000000        0.0000000000000000       0.50000000000000000     
         1.0000000000000000       0.50000000000000000       0.50000000000000000     
         1.0000000000000000        1.0000000000000000       0.50000000000000000     
         1.0000000000000000       0.50000000000000000        1.0000000000000000     

 !NewElementMapDefinition
         643        1286
         1.0000000000000000        0.0000000000000000        0.0000000000000000     
         1.0000000000000000        1.0000000000000000        0.0000000000000000     
         1.0000000000000000        0.0000000000000000        1.0000000000000000     
         1.0000000000000000        1.0000000000000000        1.0000000000000000     
         1.0000000000000000       0.50000000000000000        0.0000000000000000     
         1.0000000000000000        0.0000000000000000       0.50000000000000000     
         1.0000000000000000       0.50000000000000000       0.50000000000000000     
         1.0000000000000000        1.0000000000000000       0.50000000000000000     
         1.0000000000000000       0.50000000000000000        1.0000000000000000     

 !NewElementMapDefinition
         644        1288
         1.0000000000000000        0.0000000000000000        0.0000000000000000     
         1.0000000000000000        1.0000000000000000        0.0000000000000000     
         1.0000000000000000        0.0000000000000000        1.0000000000000000     
         1.0000000000000000        1.0000000000000000        1.0000000000000000     
         1.0000000000000000       0.50000000000000000        0.0000000000000000     
         1.0000000000000000        0.0000000000000000       0.50000000000000000     
         1.0000000000000000       0.50000000000000000       0.50000000000000000     
         1.0000000000000000        1.0000000000000000       0.50000000000000000     
         1.0000000000000000       0.50000000000000000        1.0000000000000000     

 !NewElementMapDefinition
         645        1290
         1.0000000000000000        0.0000000000000000        0.0000000000000000     
         1.0000000000000000        1.0000000000000000        0.0000000000000000     
         1.0000000000000000        0.0000000000000000        1.0000000000000000     
         1.0000000000000000        1.0000000000000000        1.0000000000000000     
         1.0000000000000000       0.50000000000000000        0.0000000000000000     
         1.0000000000000000        0.0000000000000000       0.50000000000000000     
         1.0000000000000000       0.50000000000000000       0.50000000000000000     
         1.0000000000000000        1.0000000000000000       0.50000000000000000     
         1.0000000000000000       0.50000000000000000        1.0000000000000000     

 !NewElementMapDefinition
         646        1292
         1.0000000000000000        0.0000000000000000        0.0000000000000000     
         1.0000000000000000        1.0000000000000000        0.0000000000000000     
         1.0000000000000000        0.0000000000000000        1.0000000000000000     
         1.0000000000000000        1.0000000000000000        1.0000000000000000     
         1.0000000000000000       0.50000000000000000        0.0000000000000000     
         1.0000000000000000        0.0000000000000000       0.50000000000000000     
         1.0000000000000000       0.50000000000000000       0.50000000000000000     
         1.0000000000000000        1.0000000000000000       0.50000000000000000     
         1.0000000000000000       0.50000000000000000        1.0000000000000000     

 !NewElementMapDefinition
         647        1294
         1.0000000000000000        0.0000000000000000        0.0000000000000000     
         1.0000000000000000        1.0000000000000000        0.0000000000000000     
         1.0000000000000000        0.0000000000000000        1.0000000000000000     
         1.0000000000000000        1.0000000000000000        1.0000000000000000     
         1.0000000000000000       0.50000000000000000        0.0000000000000000     
         1.0000000000000000        0.0000000000000000       0.50000000000000000     
         1.0000000000000000       0.50000000000000000       0.50000000000000000     
         1.0000000000000000        1.0000000000000000       0.50000000000000000     
         1.0000000000000000       0.50000000000000000        1.0000000000000000     

 !NewElementMapDefinition
         648        1296
         1.0000000000000000        0.0000000000000000        0.0000000000000000     
         1.0000000000000000        1.0000000000000000        0.0000000000000000     
         1.0000000000000000        0.0000000000000000        1.0000000000000000     
         1.0000000000000000        1.0000000000000000        1.0000000000000000     
         1.0000000000000000       0.50000000000000000        0.0000000000000000     
         1.0000000000000000        0.0000000000000000       0.50000000000000000     
         1.0000000000000000       0.50000000000000000       0.50000000000000000     
         1.0000000000000000        1.0000000000000000       0.50000000000000000     
         1.0000000000000000       0.50000000000000000        1.0000000000000000     

 !NewElementMapDefinition
         649        1298
         1.0000000000000000        0.0000000000000000        0.0000000000000000     
         1.0000000000000000        1.0000000000000000        0.0000000000000000     
         1.0000000000000000        0.0000000000000000        1.0000000000000000     
         1.0000000000000000        1.0000000000000000        1.0000000000000000     
         1.0000000000000000       0.50000000000000000        0.0000000000000000     
         1.0000000000000000        0.0000000000000000       0.50000000000000000     
         1.0000000000000000       0.50000000000000000       0.50000000000000000     
         1.0000000000000000        1.0000000000000000       0.50000000000000000     
         1.0000000000000000       0.50000000000000000        1.0000000000000000     

 !NewElementMapDefinition
         650        1300
         1.0000000000000000        0.0000000000000000        0.0000000000000000     
         1.0000000000000000        1.0000000000000000        0.0000000000000000     
         1.0000000000000000        0.0000000000000000        1.0000000000000000     
         1.0000000000000000        1.0000000000000000        1.0000000000000000     
         1.0000000000000000       0.50000000000000000        0.0000000000000000     
         1.0000000000000000        0.0000000000000000       0.50000000000000000     
         1.0000000000000000       0.50000000000000000       0.50000000000000000     
         1.0000000000000000        1.0000000000000000       0.50000000000000000     
         1.0000000000000000       0.50000000000000000        1.0000000000000000     

 !NewElementMapDefinition
         651        1302
         1.0000000000000000        0.0000000000000000        0.0000000000000000     
         1.0000000000000000        1.0000000000000000        0.0000000000000000     
         1.0000000000000000        0.0000000000000000        1.0000000000000000     
         1.0000000000000000        1.0000000000000000        1.0000000000000000     
         1.0000000000000000       0.50000000000000000        0.0000000000000000     
         1.0000000000000000        0.0000000000000000       0.50000000000000000     
         1.0000000000000000       0.50000000000000000       0.50000000000000000     
         1.0000000000000000        1.0000000000000000       0.50000000000000000     
         1.0000000000000000       0.50000000000000000        1.0000000000000000     

 !NewElementMapDefinition
         652        1304
         1.0000000000000000        0.0000000000000000        0.0000000000000000     
         1.0000000000000000        1.0000000000000000        0.0000000000000000     
         1.0000000000000000        0.0000000000000000        1.0000000000000000     
         1.0000000000000000        1.0000000000000000        1.0000000000000000     
         1.0000000000000000       0.50000000000000000        0.0000000000000000     
         1.0000000000000000        0.0000000000000000       0.50000000000000000     
         1.0000000000000000       0.50000000000000000       0.50000000000000000     
         1.0000000000000000        1.0000000000000000       0.50000000000000000     
         1.0000000000000000       0.50000000000000000        1.0000000000000000     

 !NewElementMapDefinition
         653        1306
         1.0000000000000000        0.0000000000000000        0.0000000000000000     
         1.0000000000000000        1.0000000000000000        0.0000000000000000     
         1.0000000000000000        0.0000000000000000        1.0000000000000000     
         1.0000000000000000        1.0000000000000000        1.0000000000000000     
         1.0000000000000000       0.50000000000000000        0.0000000000000000     
         1.0000000000000000        0.0000000000000000       0.50000000000000000     
         1.0000000000000000       0.50000000000000000       0.50000000000000000     
         1.0000000000000000        1.0000000000000000       0.50000000000000000     
         1.0000000000000000       0.50000000000000000        1.0000000000000000     

 !NewElementMapDefinition
         654        1308
         1.0000000000000000        0.0000000000000000        0.0000000000000000     
         1.0000000000000000        1.0000000000000000        0.0000000000000000     
         1.0000000000000000        0.0000000000000000        1.0000000000000000     
         1.0000000000000000        1.0000000000000000        1.0000000000000000     
         1.0000000000000000       0.50000000000000000        0.0000000000000000     
         1.0000000000000000        0.0000000000000000       0.50000000000000000     
         1.0000000000000000       0.50000000000000000       0.50000000000000000     
         1.0000000000000000        1.0000000000000000       0.50000000000000000     
         1.0000000000000000       0.50000000000000000        1.0000000000000000     

 !NewElementMapDefinition
         655        1310
         1.0000000000000000        0.0000000000000000        0.0000000000000000     
         1.0000000000000000        1.0000000000000000        0.0000000000000000     
         1.0000000000000000        0.0000000000000000        1.0000000000000000     
         1.0000000000000000        1.0000000000000000        1.0000000000000000     
         1.0000000000000000       0.50000000000000000        0.0000000000000000     
         1.0000000000000000        0.0000000000000000       0.50000000000000000     
         1.0000000000000000       0.50000000000000000       0.50000000000000000     
         1.0000000000000000        1.0000000000000000       0.50000000000000000     
         1.0000000000000000       0.50000000000000000        1.0000000000000000     

 !NewElementMapDefinition
         656        1312
         1.0000000000000000        0.0000000000000000        0.0000000000000000     
         1.0000000000000000        1.0000000000000000        0.0000000000000000     
         1.0000000000000000        0.0000000000000000        1.0000000000000000     
         1.0000000000000000        1.0000000000000000        1.0000000000000000     
         1.0000000000000000       0.50000000000000000        0.0000000000000000     
         1.0000000000000000        0.0000000000000000       0.50000000000000000     
         1.0000000000000000       0.50000000000000000       0.50000000000000000     
         1.0000000000000000        1.0000000000000000       0.50000000000000000     
         1.0000000000000000       0.50000000000000000        1.0000000000000000     

 !NewElementMapDefinition
         657        1314
         1.0000000000000000        0.0000000000000000        0.0000000000000000     
         1.0000000000000000        1.0000000000000000        0.0000000000000000     
         1.0000000000000000        0.0000000000000000        1.0000000000000000     
         1.0000000000000000        1.0000000000000000        1.0000000000000000     
         1.0000000000000000       0.50000000000000000        0.0000000000000000     
         1.0000000000000000        0.0000000000000000       0.50000000000000000     
         1.0000000000000000       0.50000000000000000       0.50000000000000000     
         1.0000000000000000        1.0000000000000000       0.50000000000000000     
         1.0000000000000000       0.50000000000000000        1.0000000000000000     

 !NewElementMapDefinition
         658        1316
         1.0000000000000000        0.0000000000000000        0.0000000000000000     
         1.0000000000000000        1.0000000000000000        0.0000000000000000     
         1.0000000000000000        0.0000000000000000        1.0000000000000000     
         1.0000000000000000        1.0000000000000000        1.0000000000000000     
         1.0000000000000000       0.50000000000000000        0.0000000000000000     
         1.0000000000000000        0.0000000000000000       0.50000000000000000     
         1.0000000000000000       0.50000000000000000       0.50000000000000000     
         1.0000000000000000        1.0000000000000000       0.50000000000000000     
         1.0000000000000000       0.50000000000000000        1.0000000000000000     

 !NewElementMapDefinition
         659        1318
         1.0000000000000000        0.0000000000000000        0.0000000000000000     
         1.0000000000000000        1.0000000000000000        0.0000000000000000     
         1.0000000000000000        0.0000000000000000        1.0000000000000000     
         1.0000000000000000        1.0000000000000000        1.0000000000000000     
         1.0000000000000000       0.50000000000000000        0.0000000000000000     
         1.0000000000000000        0.0000000000000000       0.50000000000000000     
         1.0000000000000000       0.50000000000000000       0.50000000000000000     
         1.0000000000000000        1.0000000000000000       0.50000000000000000     
         1.0000000000000000       0.50000000000000000        1.0000000000000000     

 !NewElementMapDefinition
         660        1320
         1.0000000000000000        0.0000000000000000        0.0000000000000000     
         1.0000000000000000        1.0000000000000000        0.0000000000000000     
         1.0000000000000000        0.0000000000000000        1.0000000000000000     
         1.0000000000000000        1.0000000000000000        1.0000000000000000     
         1.0000000000000000       0.50000000000000000        0.0000000000000000     
         1.0000000000000000        0.0000000000000000       0.50000000000000000     
         1.0000000000000000       0.50000000000000000       0.50000000000000000     
         1.0000000000000000        1.0000000000000000       0.50000000000000000     
         1.0000000000000000       0.50000000000000000        1.0000000000000000     

 !NewElementMapDefinition
         661        1322
         1.0000000000000000        0.0000000000000000        0.0000000000000000     
         1.0000000000000000        1.0000000000000000        0.0000000000000000     
         1.0000000000000000        0.0000000000000000        1.0000000000000000     
         1.0000000000000000        1.0000000000000000        1.0000000000000000     
         1.0000000000000000       0.50000000000000000        0.0000000000000000     
         1.0000000000000000        0.0000000000000000       0.50000000000000000     
         1.0000000000000000       0.50000000000000000       0.50000000000000000     
         1.0000000000000000        1.0000000000000000       0.50000000000000000     
         1.0000000000000000       0.50000000000000000        1.0000000000000000     

 !NewElementMapDefinition
         662        1324
         1.0000000000000000        0.0000000000000000        0.0000000000000000     
         1.0000000000000000        1.0000000000000000        0.0000000000000000     
         1.0000000000000000        0.0000000000000000        1.0000000000000000     
         1.0000000000000000        1.0000000000000000        1.0000000000000000     
         1.0000000000000000       0.50000000000000000        0.0000000000000000     
         1.0000000000000000        0.0000000000000000       0.50000000000000000     
         1.0000000000000000       0.50000000000000000       0.50000000000000000     
         1.0000000000000000        1.0000000000000000       0.50000000000000000     
         1.0000000000000000       0.50000000000000000        1.0000000000000000     

 !NewElementMapDefinition
         663        1326
         1.0000000000000000        0.0000000000000000        0.0000000000000000     
         1.0000000000000000        1.0000000000000000        0.0000000000000000     
         1.0000000000000000        0.0000000000000000        1.0000000000000000     
         1.0000000000000000        1.0000000000000000        1.0000000000000000     
         1.0000000000000000       0.50000000000000000        0.0000000000000000     
         1.0000000000000000        0.0000000000000000       0.50000000000000000     
         1.0000000000000000       0.50000000000000000       0.50000000000000000     
         1.0000000000000000        1.0000000000000000       0.50000000000000000     
         1.0000000000000000       0.50000000000000000        1.0000000000000000     

 !NewElementMapDefinition
         664        1328
         1.0000000000000000        0.0000000000000000        0.0000000000000000     
         1.0000000000000000        1.0000000000000000        0.0000000000000000     
         1.0000000000000000        0.0000000000000000        1.0000000000000000     
         1.0000000000000000        1.0000000000000000        1.0000000000000000     
         1.0000000000000000       0.50000000000000000        0.0000000000000000     
         1.0000000000000000        0.0000000000000000       0.50000000000000000     
         1.0000000000000000       0.50000000000000000       0.50000000000000000     
         1.0000000000000000        1.0000000000000000       0.50000000000000000     
         1.0000000000000000       0.50000000000000000        1.0000000000000000     

 !NewElementMapDefinition
         665        1330
         1.0000000000000000        0.0000000000000000        0.0000000000000000     
         1.0000000000000000        1.0000000000000000        0.0000000000000000     
         1.0000000000000000        0.0000000000000000        1.0000000000000000     
         1.0000000000000000        1.0000000000000000        1.0000000000000000     
         1.0000000000000000       0.50000000000000000        0.0000000000000000     
         1.0000000000000000        0.0000000000000000       0.50000000000000000     
         1.0000000000000000       0.50000000000000000       0.50000000000000000     
         1.0000000000000000        1.0000000000000000       0.50000000000000000     
         1.0000000000000000       0.50000000000000000        1.0000000000000000     

 !NewElementMapDefinition
         666        1332
         1.0000000000000000        0.0000000000000000        0.0000000000000000     
         1.0000000000000000        1.0000000000000000        0.0000000000000000     
         1.0000000000000000        0.0000000000000000        1.0000000000000000     
         1.0000000000000000        1.0000000000000000        1.0000000000000000     
         1.0000000000000000       0.50000000000000000        0.0000000000000000     
         1.0000000000000000        0.0000000000000000       0.50000000000000000     
         1.0000000000000000       0.50000000000000000       0.50000000000000000     
         1.0000000000000000        1.0000000000000000       0.50000000000000000     
         1.0000000000000000       0.50000000000000000        1.0000000000000000     

 !NewElementMapDefinition
         667        1334
         1.0000000000000000        0.0000000000000000        0.0000000000000000     
         1.0000000000000000        1.0000000000000000        0.0000000000000000     
         1.0000000000000000        0.0000000000000000        1.0000000000000000     
         1.0000000000000000        1.0000000000000000        1.0000000000000000     
         1.0000000000000000       0.50000000000000000        0.0000000000000000     
         1.0000000000000000        0.0000000000000000       0.50000000000000000     
         1.0000000000000000       0.50000000000000000       0.50000000000000000     
         1.0000000000000000        1.0000000000000000       0.50000000000000000     
         1.0000000000000000       0.50000000000000000        1.0000000000000000     

 !NewElementMapDefinition
         668        1336
         1.0000000000000000        0.0000000000000000        0.0000000000000000     
         1.0000000000000000        1.0000000000000000        0.0000000000000000     
         1.0000000000000000        0.0000000000000000        1.0000000000000000     
         1.0000000000000000        1.0000000000000000        1.0000000000000000     
         1.0000000000000000       0.50000000000000000        0.0000000000000000     
         1.0000000000000000        0.0000000000000000       0.50000000000000000     
         1.0000000000000000       0.50000000000000000       0.50000000000000000     
         1.0000000000000000        1.0000000000000000       0.50000000000000000     
         1.0000000000000000       0.50000000000000000        1.0000000000000000     

 !NewElementMapDefinition
         669        1338
         1.0000000000000000        0.0000000000000000        0.0000000000000000     
         1.0000000000000000        1.0000000000000000        0.0000000000000000     
         1.0000000000000000        0.0000000000000000        1.0000000000000000     
         1.0000000000000000        1.0000000000000000        1.0000000000000000     
         1.0000000000000000       0.50000000000000000        0.0000000000000000     
         1.0000000000000000        0.0000000000000000       0.50000000000000000     
         1.0000000000000000       0.50000000000000000       0.50000000000000000     
         1.0000000000000000        1.0000000000000000       0.50000000000000000     
         1.0000000000000000       0.50000000000000000        1.0000000000000000     

 !NewElementMapDefinition
         670        1340
         1.0000000000000000        0.0000000000000000        0.0000000000000000     
         1.0000000000000000        1.0000000000000000        0.0000000000000000     
         1.0000000000000000        0.0000000000000000        1.0000000000000000     
         1.0000000000000000        1.0000000000000000        1.0000000000000000     
         1.0000000000000000       0.50000000000000000        0.0000000000000000     
         1.0000000000000000        0.0000000000000000       0.50000000000000000     
         1.0000000000000000       0.50000000000000000       0.50000000000000000     
         1.0000000000000000        1.0000000000000000       0.50000000000000000     
         1.0000000000000000       0.50000000000000000        1.0000000000000000     

 !NewElementMapDefinition
         671        1342
         1.0000000000000000        0.0000000000000000        0.0000000000000000     
         1.0000000000000000        1.0000000000000000        0.0000000000000000     
         1.0000000000000000        0.0000000000000000        1.0000000000000000     
         1.0000000000000000        1.0000000000000000        1.0000000000000000     
         1.0000000000000000       0.50000000000000000        0.0000000000000000     
         1.0000000000000000        0.0000000000000000       0.50000000000000000     
         1.0000000000000000       0.50000000000000000       0.50000000000000000     
         1.0000000000000000        1.0000000000000000       0.50000000000000000     
         1.0000000000000000       0.50000000000000000        1.0000000000000000     

 !NewElementMapDefinition
         672        1344
         1.0000000000000000        0.0000000000000000        0.0000000000000000     
         1.0000000000000000        1.0000000000000000        0.0000000000000000     
         1.0000000000000000        0.0000000000000000        1.0000000000000000     
         1.0000000000000000        1.0000000000000000        1.0000000000000000     
         1.0000000000000000       0.50000000000000000        0.0000000000000000     
         1.0000000000000000        0.0000000000000000       0.50000000000000000     
         1.0000000000000000       0.50000000000000000       0.50000000000000000     
         1.0000000000000000        1.0000000000000000       0.50000000000000000     
         1.0000000000000000       0.50000000000000000        1.0000000000000000     

 !NewElementMapDefinition
         673        1346
         1.0000000000000000        0.0000000000000000        0.0000000000000000     
         1.0000000000000000        1.0000000000000000        0.0000000000000000     
         1.0000000000000000        0.0000000000000000        1.0000000000000000     
         1.0000000000000000        1.0000000000000000        1.0000000000000000     
         1.0000000000000000       0.50000000000000000        0.0000000000000000     
         1.0000000000000000        0.0000000000000000       0.50000000000000000     
         1.0000000000000000       0.50000000000000000       0.50000000000000000     
         1.0000000000000000        1.0000000000000000       0.50000000000000000     
         1.0000000000000000       0.50000000000000000        1.0000000000000000     

 !NewElementMapDefinition
         674        1348
         1.0000000000000000        0.0000000000000000        0.0000000000000000     
         1.0000000000000000        1.0000000000000000        0.0000000000000000     
         1.0000000000000000        0.0000000000000000        1.0000000000000000     
         1.0000000000000000        1.0000000000000000        1.0000000000000000     
         1.0000000000000000       0.50000000000000000        0.0000000000000000     
         1.0000000000000000        0.0000000000000000       0.50000000000000000     
         1.0000000000000000       0.50000000000000000       0.50000000000000000     
         1.0000000000000000        1.0000000000000000       0.50000000000000000     
         1.0000000000000000       0.50000000000000000        1.0000000000000000     

 !NewElementMapDefinition
         675        1350
         1.0000000000000000        0.0000000000000000        0.0000000000000000     
         1.0000000000000000        1.0000000000000000        0.0000000000000000     
         1.0000000000000000        0.0000000000000000        1.0000000000000000     
         1.0000000000000000        1.0000000000000000        1.0000000000000000     
         1.0000000000000000       0.50000000000000000        0.0000000000000000     
         1.0000000000000000        0.0000000000000000       0.50000000000000000     
         1.0000000000000000       0.50000000000000000       0.50000000000000000     
         1.0000000000000000        1.0000000000000000       0.50000000000000000     
         1.0000000000000000       0.50000000000000000        1.0000000000000000     

 !NewElementMapDefinition
         676        1352
         1.0000000000000000        0.0000000000000000        0.0000000000000000     
         1.0000000000000000        1.0000000000000000        0.0000000000000000     
         1.0000000000000000        0.0000000000000000        1.0000000000000000     
         1.0000000000000000        1.0000000000000000        1.0000000000000000     
         1.0000000000000000       0.50000000000000000        0.0000000000000000     
         1.0000000000000000        0.0000000000000000       0.50000000000000000     
         1.0000000000000000       0.50000000000000000       0.50000000000000000     
         1.0000000000000000        1.0000000000000000       0.50000000000000000     
         1.0000000000000000       0.50000000000000000        1.0000000000000000     

 !NewElementMapDefinition
         677        1354
         1.0000000000000000        0.0000000000000000        0.0000000000000000     
         1.0000000000000000        1.0000000000000000        0.0000000000000000     
         1.0000000000000000        0.0000000000000000        1.0000000000000000     
         1.0000000000000000        1.0000000000000000        1.0000000000000000     
         1.0000000000000000       0.50000000000000000        0.0000000000000000     
         1.0000000000000000        0.0000000000000000       0.50000000000000000     
         1.0000000000000000       0.50000000000000000       0.50000000000000000     
         1.0000000000000000        1.0000000000000000       0.50000000000000000     
         1.0000000000000000       0.50000000000000000        1.0000000000000000     

 !NewElementMapDefinition
         678        1356
         1.0000000000000000        0.0000000000000000        0.0000000000000000     
         1.0000000000000000        1.0000000000000000        0.0000000000000000     
         1.0000000000000000        0.0000000000000000        1.0000000000000000     
         1.0000000000000000        1.0000000000000000        1.0000000000000000     
         1.0000000000000000       0.50000000000000000        0.0000000000000000     
         1.0000000000000000        0.0000000000000000       0.50000000000000000     
         1.0000000000000000       0.50000000000000000       0.50000000000000000     
         1.0000000000000000        1.0000000000000000       0.50000000000000000     
         1.0000000000000000       0.50000000000000000        1.0000000000000000     

 !NewElementMapDefinition
         679        1358
         1.0000000000000000        0.0000000000000000        0.0000000000000000     
         1.0000000000000000        1.0000000000000000        0.0000000000000000     
         1.0000000000000000        0.0000000000000000        1.0000000000000000     
         1.0000000000000000        1.0000000000000000        1.0000000000000000     
         1.0000000000000000       0.50000000000000000        0.0000000000000000     
         1.0000000000000000        0.0000000000000000       0.50000000000000000     
         1.0000000000000000       0.50000000000000000       0.50000000000000000     
         1.0000000000000000        1.0000000000000000       0.50000000000000000     
         1.0000000000000000       0.50000000000000000        1.0000000000000000     

 !NewElementMapDefinition
         680        1360
         1.0000000000000000        0.0000000000000000        0.0000000000000000     
         1.0000000000000000        1.0000000000000000        0.0000000000000000     
         1.0000000000000000        0.0000000000000000        1.0000000000000000     
         1.0000000000000000        1.0000000000000000        1.0000000000000000     
         1.0000000000000000       0.50000000000000000        0.0000000000000000     
         1.0000000000000000        0.0000000000000000       0.50000000000000000     
         1.0000000000000000       0.50000000000000000       0.50000000000000000     
         1.0000000000000000        1.0000000000000000       0.50000000000000000     
         1.0000000000000000       0.50000000000000000        1.0000000000000000     

 !NewElementMapDefinition
         681        1362
         1.0000000000000000        0.0000000000000000        0.0000000000000000     
         1.0000000000000000        1.0000000000000000        0.0000000000000000     
         1.0000000000000000        0.0000000000000000        1.0000000000000000     
         1.0000000000000000        1.0000000000000000        1.0000000000000000     
         1.0000000000000000       0.50000000000000000        0.0000000000000000     
         1.0000000000000000        0.0000000000000000       0.50000000000000000     
         1.0000000000000000       0.50000000000000000       0.50000000000000000     
         1.0000000000000000        1.0000000000000000       0.50000000000000000     
         1.0000000000000000       0.50000000000000000        1.0000000000000000     

 !NewElementMapDefinition
         682        1364
         1.0000000000000000        0.0000000000000000        0.0000000000000000     
         1.0000000000000000        1.0000000000000000        0.0000000000000000     
         1.0000000000000000        0.0000000000000000        1.0000000000000000     
         1.0000000000000000        1.0000000000000000        1.0000000000000000     
         1.0000000000000000       0.50000000000000000        0.0000000000000000     
         1.0000000000000000        0.0000000000000000       0.50000000000000000     
         1.0000000000000000       0.50000000000000000       0.50000000000000000     
         1.0000000000000000        1.0000000000000000       0.50000000000000000     
         1.0000000000000000       0.50000000000000000        1.0000000000000000     

 !NewElementMapDefinition
         683        1366
         1.0000000000000000        0.0000000000000000        0.0000000000000000     
         1.0000000000000000        1.0000000000000000        0.0000000000000000     
         1.0000000000000000        0.0000000000000000        1.0000000000000000     
         1.0000000000000000        1.0000000000000000        1.0000000000000000     
         1.0000000000000000       0.50000000000000000        0.0000000000000000     
         1.0000000000000000        0.0000000000000000       0.50000000000000000     
         1.0000000000000000       0.50000000000000000       0.50000000000000000     
         1.0000000000000000        1.0000000000000000       0.50000000000000000     
         1.0000000000000000       0.50000000000000000        1.0000000000000000     

 !NewElementMapDefinition
         684        1368
         1.0000000000000000        0.0000000000000000        0.0000000000000000     
         1.0000000000000000        1.0000000000000000        0.0000000000000000     
         1.0000000000000000        0.0000000000000000        1.0000000000000000     
         1.0000000000000000        1.0000000000000000        1.0000000000000000     
         1.0000000000000000       0.50000000000000000        0.0000000000000000     
         1.0000000000000000        0.0000000000000000       0.50000000000000000     
         1.0000000000000000       0.50000000000000000       0.50000000000000000     
         1.0000000000000000        1.0000000000000000       0.50000000000000000     
         1.0000000000000000       0.50000000000000000        1.0000000000000000     

 !NewElementMapDefinition
         685        1370
         1.0000000000000000        0.0000000000000000        0.0000000000000000     
         1.0000000000000000        1.0000000000000000        0.0000000000000000     
         1.0000000000000000        0.0000000000000000        1.0000000000000000     
         1.0000000000000000        1.0000000000000000        1.0000000000000000     
         1.0000000000000000       0.50000000000000000        0.0000000000000000     
         1.0000000000000000        0.0000000000000000       0.50000000000000000     
         1.0000000000000000       0.50000000000000000       0.50000000000000000     
         1.0000000000000000        1.0000000000000000       0.50000000000000000     
         1.0000000000000000       0.50000000000000000        1.0000000000000000     

 !NewElementMapDefinition
         686        1372
         1.0000000000000000        0.0000000000000000        0.0000000000000000     
         1.0000000000000000        1.0000000000000000        0.0000000000000000     
         1.0000000000000000        0.0000000000000000        1.0000000000000000     
         1.0000000000000000        1.0000000000000000        1.0000000000000000     
         1.0000000000000000       0.50000000000000000        0.0000000000000000     
         1.0000000000000000        0.0000000000000000       0.50000000000000000     
         1.0000000000000000       0.50000000000000000       0.50000000000000000     
         1.0000000000000000        1.0000000000000000       0.50000000000000000     
         1.0000000000000000       0.50000000000000000        1.0000000000000000     

 !NewElementMapDefinition
         687        1374
         1.0000000000000000        0.0000000000000000        0.0000000000000000     
         1.0000000000000000        1.0000000000000000        0.0000000000000000     
         1.0000000000000000        0.0000000000000000        1.0000000000000000     
         1.0000000000000000        1.0000000000000000        1.0000000000000000     
         1.0000000000000000       0.50000000000000000        0.0000000000000000     
         1.0000000000000000        0.0000000000000000       0.50000000000000000     
         1.0000000000000000       0.50000000000000000       0.50000000000000000     
         1.0000000000000000        1.0000000000000000       0.50000000000000000     
         1.0000000000000000       0.50000000000000000        1.0000000000000000     

 !NewElementMapDefinition
         688        1376
         1.0000000000000000        0.0000000000000000        0.0000000000000000     
         1.0000000000000000        1.0000000000000000        0.0000000000000000     
         1.0000000000000000        0.0000000000000000        1.0000000000000000     
         1.0000000000000000        1.0000000000000000        1.0000000000000000     
         1.0000000000000000       0.50000000000000000        0.0000000000000000     
         1.0000000000000000        0.0000000000000000       0.50000000000000000     
         1.0000000000000000       0.50000000000000000       0.50000000000000000     
         1.0000000000000000        1.0000000000000000       0.50000000000000000     
         1.0000000000000000       0.50000000000000000        1.0000000000000000     

 !NewElementMapDefinition
         689        1378
         1.0000000000000000        0.0000000000000000        0.0000000000000000     
         1.0000000000000000        1.0000000000000000        0.0000000000000000     
         1.0000000000000000        0.0000000000000000        1.0000000000000000     
         1.0000000000000000        1.0000000000000000        1.0000000000000000     
         1.0000000000000000       0.50000000000000000        0.0000000000000000     
         1.0000000000000000        0.0000000000000000       0.50000000000000000     
         1.0000000000000000       0.50000000000000000       0.50000000000000000     
         1.0000000000000000        1.0000000000000000       0.50000000000000000     
         1.0000000000000000       0.50000000000000000        1.0000000000000000     

 !NewElementMapDefinition
         690        1380
         1.0000000000000000        0.0000000000000000        0.0000000000000000     
         1.0000000000000000        1.0000000000000000        0.0000000000000000     
         1.0000000000000000        0.0000000000000000        1.0000000000000000     
         1.0000000000000000        1.0000000000000000        1.0000000000000000     
         1.0000000000000000       0.50000000000000000        0.0000000000000000     
         1.0000000000000000        0.0000000000000000       0.50000000000000000     
         1.0000000000000000       0.50000000000000000       0.50000000000000000     
         1.0000000000000000        1.0000000000000000       0.50000000000000000     
         1.0000000000000000       0.50000000000000000        1.0000000000000000     

 !NewElementMapDefinition
         691        1382
         1.0000000000000000        0.0000000000000000        0.0000000000000000     
         1.0000000000000000        1.0000000000000000        0.0000000000000000     
         1.0000000000000000        0.0000000000000000        1.0000000000000000     
         1.0000000000000000        1.0000000000000000        1.0000000000000000     
         1.0000000000000000       0.50000000000000000        0.0000000000000000     
         1.0000000000000000        0.0000000000000000       0.50000000000000000     
         1.0000000000000000       0.50000000000000000       0.50000000000000000     
         1.0000000000000000        1.0000000000000000       0.50000000000000000     
         1.0000000000000000       0.50000000000000000        1.0000000000000000     

 !NewElementMapDefinition
         692        1384
         1.0000000000000000        0.0000000000000000        0.0000000000000000     
         1.0000000000000000        1.0000000000000000        0.0000000000000000     
         1.0000000000000000        0.0000000000000000        1.0000000000000000     
         1.0000000000000000        1.0000000000000000        1.0000000000000000     
         1.0000000000000000       0.50000000000000000        0.0000000000000000     
         1.0000000000000000        0.0000000000000000       0.50000000000000000     
         1.0000000000000000       0.50000000000000000       0.50000000000000000     
         1.0000000000000000        1.0000000000000000       0.50000000000000000     
         1.0000000000000000       0.50000000000000000        1.0000000000000000     

 !NewElementMapDefinition
         693        1386
         1.0000000000000000        0.0000000000000000        0.0000000000000000     
         1.0000000000000000        1.0000000000000000        0.0000000000000000     
         1.0000000000000000        0.0000000000000000        1.0000000000000000     
         1.0000000000000000        1.0000000000000000        1.0000000000000000     
         1.0000000000000000       0.50000000000000000        0.0000000000000000     
         1.0000000000000000        0.0000000000000000       0.50000000000000000     
         1.0000000000000000       0.50000000000000000       0.50000000000000000     
         1.0000000000000000        1.0000000000000000       0.50000000000000000     
         1.0000000000000000       0.50000000000000000        1.0000000000000000     

 !NewElementMapDefinition
         694        1388
         1.0000000000000000        0.0000000000000000        0.0000000000000000     
         1.0000000000000000        1.0000000000000000        0.0000000000000000     
         1.0000000000000000        0.0000000000000000        1.0000000000000000     
         1.0000000000000000        1.0000000000000000        1.0000000000000000     
         1.0000000000000000       0.50000000000000000        0.0000000000000000     
         1.0000000000000000        0.0000000000000000       0.50000000000000000     
         1.0000000000000000       0.50000000000000000       0.50000000000000000     
         1.0000000000000000        1.0000000000000000       0.50000000000000000     
         1.0000000000000000       0.50000000000000000        1.0000000000000000     

 !NewElementMapDefinition
         695        1390
         1.0000000000000000        0.0000000000000000        0.0000000000000000     
         1.0000000000000000        1.0000000000000000        0.0000000000000000     
         1.0000000000000000        0.0000000000000000        1.0000000000000000     
         1.0000000000000000        1.0000000000000000        1.0000000000000000     
         1.0000000000000000       0.50000000000000000        0.0000000000000000     
         1.0000000000000000        0.0000000000000000       0.50000000000000000     
         1.0000000000000000       0.50000000000000000       0.50000000000000000     
         1.0000000000000000        1.0000000000000000       0.50000000000000000     
         1.0000000000000000       0.50000000000000000        1.0000000000000000     

 !NewElementMapDefinition
         696        1392
         1.0000000000000000        0.0000000000000000        0.0000000000000000     
         1.0000000000000000        1.0000000000000000        0.0000000000000000     
         1.0000000000000000        0.0000000000000000        1.0000000000000000     
         1.0000000000000000        1.0000000000000000        1.0000000000000000     
         1.0000000000000000       0.50000000000000000        0.0000000000000000     
         1.0000000000000000        0.0000000000000000       0.50000000000000000     
         1.0000000000000000       0.50000000000000000       0.50000000000000000     
         1.0000000000000000        1.0000000000000000       0.50000000000000000     
         1.0000000000000000       0.50000000000000000        1.0000000000000000     

 !NewElementMapDefinition
         697        1394
         1.0000000000000000        0.0000000000000000        0.0000000000000000     
         1.0000000000000000        1.0000000000000000        0.0000000000000000     
         1.0000000000000000        0.0000000000000000        1.0000000000000000     
         1.0000000000000000        1.0000000000000000        1.0000000000000000     
         1.0000000000000000       0.50000000000000000        0.0000000000000000     
         1.0000000000000000        0.0000000000000000       0.50000000000000000     
         1.0000000000000000       0.50000000000000000       0.50000000000000000     
         1.0000000000000000        1.0000000000000000       0.50000000000000000     
         1.0000000000000000       0.50000000000000000        1.0000000000000000     

 !NewElementMapDefinition
         698        1396
         1.0000000000000000        0.0000000000000000        0.0000000000000000     
         1.0000000000000000        1.0000000000000000        0.0000000000000000     
         1.0000000000000000        0.0000000000000000        1.0000000000000000     
         1.0000000000000000        1.0000000000000000        1.0000000000000000     
         1.0000000000000000       0.50000000000000000        0.0000000000000000     
         1.0000000000000000        0.0000000000000000       0.50000000000000000     
         1.0000000000000000       0.50000000000000000       0.50000000000000000     
         1.0000000000000000        1.0000000000000000       0.50000000000000000     
         1.0000000000000000       0.50000000000000000        1.0000000000000000     

 !NewElementMapDefinition
         699        1398
         1.0000000000000000        0.0000000000000000        0.0000000000000000     
         1.0000000000000000        1.0000000000000000        0.0000000000000000     
         1.0000000000000000        0.0000000000000000        1.0000000000000000     
         1.0000000000000000        1.0000000000000000        1.0000000000000000     
         1.0000000000000000       0.50000000000000000        0.0000000000000000     
         1.0000000000000000        0.0000000000000000       0.50000000000000000     
         1.0000000000000000       0.50000000000000000       0.50000000000000000     
         1.0000000000000000        1.0000000000000000       0.50000000000000000     
         1.0000000000000000       0.50000000000000000        1.0000000000000000     

 !NewElementMapDefinition
         700        1400
         1.0000000000000000        0.0000000000000000        0.0000000000000000     
         1.0000000000000000        1.0000000000000000        0.0000000000000000     
         1.0000000000000000        0.0000000000000000        1.0000000000000000     
         1.0000000000000000        1.0000000000000000        1.0000000000000000     
         1.0000000000000000       0.50000000000000000        0.0000000000000000     
         1.0000000000000000        0.0000000000000000       0.50000000000000000     
         1.0000000000000000       0.50000000000000000       0.50000000000000000     
         1.0000000000000000        1.0000000000000000       0.50000000000000000     
         1.0000000000000000       0.50000000000000000        1.0000000000000000     

 !NewElementMapDefinition
         701        1402
         1.0000000000000000        0.0000000000000000        0.0000000000000000     
         1.0000000000000000        1.0000000000000000        0.0000000000000000     
         1.0000000000000000        0.0000000000000000        1.0000000000000000     
         1.0000000000000000        1.0000000000000000        1.0000000000000000     
         1.0000000000000000       0.50000000000000000        0.0000000000000000     
         1.0000000000000000        0.0000000000000000       0.50000000000000000     
         1.0000000000000000       0.50000000000000000       0.50000000000000000     
         1.0000000000000000        1.0000000000000000       0.50000000000000000     
         1.0000000000000000       0.50000000000000000        1.0000000000000000     

 !NewElementMapDefinition
         702        1404
         1.0000000000000000        0.0000000000000000        0.0000000000000000     
         1.0000000000000000        1.0000000000000000        0.0000000000000000     
         1.0000000000000000        0.0000000000000000        1.0000000000000000     
         1.0000000000000000        1.0000000000000000        1.0000000000000000     
         1.0000000000000000       0.50000000000000000        0.0000000000000000     
         1.0000000000000000        0.0000000000000000       0.50000000000000000     
         1.0000000000000000       0.50000000000000000       0.50000000000000000     
         1.0000000000000000        1.0000000000000000       0.50000000000000000     
         1.0000000000000000       0.50000000000000000        1.0000000000000000     

 !NewElementMapDefinition
         703        1406
         1.0000000000000000        0.0000000000000000        0.0000000000000000     
         1.0000000000000000        1.0000000000000000        0.0000000000000000     
         1.0000000000000000        0.0000000000000000        1.0000000000000000     
         1.0000000000000000        1.0000000000000000        1.0000000000000000     
         1.0000000000000000       0.50000000000000000        0.0000000000000000     
         1.0000000000000000        0.0000000000000000       0.50000000000000000     
         1.0000000000000000       0.50000000000000000       0.50000000000000000     
         1.0000000000000000        1.0000000000000000       0.50000000000000000     
         1.0000000000000000       0.50000000000000000        1.0000000000000000     

 !NewElementMapDefinition
         704        1408
         1.0000000000000000        0.0000000000000000        0.0000000000000000     
         1.0000000000000000        1.0000000000000000        0.0000000000000000     
         1.0000000000000000        0.0000000000000000        1.0000000000000000     
         1.0000000000000000        1.0000000000000000        1.0000000000000000     
         1.0000000000000000       0.50000000000000000        0.0000000000000000     
         1.0000000000000000        0.0000000000000000       0.50000000000000000     
         1.0000000000000000       0.50000000000000000       0.50000000000000000     
         1.0000000000000000        1.0000000000000000       0.50000000000000000     
         1.0000000000000000       0.50000000000000000        1.0000000000000000     

 !NewElementMapDefinition
         705        1410
         1.0000000000000000        0.0000000000000000        0.0000000000000000     
         1.0000000000000000        1.0000000000000000        0.0000000000000000     
         1.0000000000000000        0.0000000000000000        1.0000000000000000     
         1.0000000000000000        1.0000000000000000        1.0000000000000000     
         1.0000000000000000       0.50000000000000000        0.0000000000000000     
         1.0000000000000000        0.0000000000000000       0.50000000000000000     
         1.0000000000000000       0.50000000000000000       0.50000000000000000     
         1.0000000000000000        1.0000000000000000       0.50000000000000000     
         1.0000000000000000       0.50000000000000000        1.0000000000000000     

 !NewElementMapDefinition
         706        1412
         1.0000000000000000        0.0000000000000000        0.0000000000000000     
         1.0000000000000000        1.0000000000000000        0.0000000000000000     
         1.0000000000000000        0.0000000000000000        1.0000000000000000     
         1.0000000000000000        1.0000000000000000        1.0000000000000000     
         1.0000000000000000       0.50000000000000000        0.0000000000000000     
         1.0000000000000000        0.0000000000000000       0.50000000000000000     
         1.0000000000000000       0.50000000000000000       0.50000000000000000     
         1.0000000000000000        1.0000000000000000       0.50000000000000000     
         1.0000000000000000       0.50000000000000000        1.0000000000000000     

 !NewElementMapDefinition
         707        1414
         1.0000000000000000        0.0000000000000000        0.0000000000000000     
         1.0000000000000000        1.0000000000000000        0.0000000000000000     
         1.0000000000000000        0.0000000000000000        1.0000000000000000     
         1.0000000000000000        1.0000000000000000        1.0000000000000000     
         1.0000000000000000       0.50000000000000000        0.0000000000000000     
         1.0000000000000000        0.0000000000000000       0.50000000000000000     
         1.0000000000000000       0.50000000000000000       0.50000000000000000     
         1.0000000000000000        1.0000000000000000       0.50000000000000000     
         1.0000000000000000       0.50000000000000000        1.0000000000000000     

 !NewElementMapDefinition
         708        1416
         1.0000000000000000        0.0000000000000000        0.0000000000000000     
         1.0000000000000000        1.0000000000000000        0.0000000000000000     
         1.0000000000000000        0.0000000000000000        1.0000000000000000     
         1.0000000000000000        1.0000000000000000        1.0000000000000000     
         1.0000000000000000       0.50000000000000000        0.0000000000000000     
         1.0000000000000000        0.0000000000000000       0.50000000000000000     
         1.0000000000000000       0.50000000000000000       0.50000000000000000     
         1.0000000000000000        1.0000000000000000       0.50000000000000000     
         1.0000000000000000       0.50000000000000000        1.0000000000000000     

 !NewElementMapDefinition
         709        1418
         1.0000000000000000        0.0000000000000000        0.0000000000000000     
         1.0000000000000000        1.0000000000000000        0.0000000000000000     
         1.0000000000000000        0.0000000000000000        1.0000000000000000     
         1.0000000000000000        1.0000000000000000        1.0000000000000000     
         1.0000000000000000       0.50000000000000000        0.0000000000000000     
         1.0000000000000000        0.0000000000000000       0.50000000000000000     
         1.0000000000000000       0.50000000000000000       0.50000000000000000     
         1.0000000000000000        1.0000000000000000       0.50000000000000000     
         1.0000000000000000       0.50000000000000000        1.0000000000000000     

 !NewElementMapDefinition
         710        1420
         1.0000000000000000        0.0000000000000000        0.0000000000000000     
         1.0000000000000000        1.0000000000000000        0.0000000000000000     
         1.0000000000000000        0.0000000000000000        1.0000000000000000     
         1.0000000000000000        1.0000000000000000        1.0000000000000000     
         1.0000000000000000       0.50000000000000000        0.0000000000000000     
         1.0000000000000000        0.0000000000000000       0.50000000000000000     
         1.0000000000000000       0.50000000000000000       0.50000000000000000     
         1.0000000000000000        1.0000000000000000       0.50000000000000000     
         1.0000000000000000       0.50000000000000000        1.0000000000000000     

 !NewElementMapDefinition
         711        1422
         1.0000000000000000        0.0000000000000000        0.0000000000000000     
         1.0000000000000000        1.0000000000000000        0.0000000000000000     
         1.0000000000000000        0.0000000000000000        1.0000000000000000     
         1.0000000000000000        1.0000000000000000        1.0000000000000000     
         1.0000000000000000       0.50000000000000000        0.0000000000000000     
         1.0000000000000000        0.0000000000000000       0.50000000000000000     
         1.0000000000000000       0.50000000000000000       0.50000000000000000     
         1.0000000000000000        1.0000000000000000       0.50000000000000000     
         1.0000000000000000       0.50000000000000000        1.0000000000000000     

 !NewElementMapDefinition
         712        1424
         1.0000000000000000        0.0000000000000000        0.0000000000000000     
         1.0000000000000000        1.0000000000000000        0.0000000000000000     
         1.0000000000000000        0.0000000000000000        1.0000000000000000     
         1.0000000000000000        1.0000000000000000        1.0000000000000000     
         1.0000000000000000       0.50000000000000000        0.0000000000000000     
         1.0000000000000000        0.0000000000000000       0.50000000000000000     
         1.0000000000000000       0.50000000000000000       0.50000000000000000     
         1.0000000000000000        1.0000000000000000       0.50000000000000000     
         1.0000000000000000       0.50000000000000000        1.0000000000000000     

 !NewElementMapDefinition
         713        1426
         1.0000000000000000        0.0000000000000000        0.0000000000000000     
         1.0000000000000000        1.0000000000000000        0.0000000000000000     
         1.0000000000000000        0.0000000000000000        1.0000000000000000     
         1.0000000000000000        1.0000000000000000        1.0000000000000000     
         1.0000000000000000       0.50000000000000000        0.0000000000000000     
         1.0000000000000000        0.0000000000000000       0.50000000000000000     
         1.0000000000000000       0.50000000000000000       0.50000000000000000     
         1.0000000000000000        1.0000000000000000       0.50000000000000000     
         1.0000000000000000       0.50000000000000000        1.0000000000000000     

 !NewElementMapDefinition
         714        1428
         1.0000000000000000        0.0000000000000000        0.0000000000000000     
         1.0000000000000000        1.0000000000000000        0.0000000000000000     
         1.0000000000000000        0.0000000000000000        1.0000000000000000     
         1.0000000000000000        1.0000000000000000        1.0000000000000000     
         1.0000000000000000       0.50000000000000000        0.0000000000000000     
         1.0000000000000000        0.0000000000000000       0.50000000000000000     
         1.0000000000000000       0.50000000000000000       0.50000000000000000     
         1.0000000000000000        1.0000000000000000       0.50000000000000000     
         1.0000000000000000       0.50000000000000000        1.0000000000000000     

 !NewElementMapDefinition
         715        1430
         1.0000000000000000        0.0000000000000000        0.0000000000000000     
         1.0000000000000000        1.0000000000000000        0.0000000000000000     
         1.0000000000000000        0.0000000000000000        1.0000000000000000     
         1.0000000000000000        1.0000000000000000        1.0000000000000000     
         1.0000000000000000       0.50000000000000000        0.0000000000000000     
         1.0000000000000000        0.0000000000000000       0.50000000000000000     
         1.0000000000000000       0.50000000000000000       0.50000000000000000     
         1.0000000000000000        1.0000000000000000       0.50000000000000000     
         1.0000000000000000       0.50000000000000000        1.0000000000000000     

 !NewElementMapDefinition
         716        1432
         1.0000000000000000        0.0000000000000000        0.0000000000000000     
         1.0000000000000000        1.0000000000000000        0.0000000000000000     
         1.0000000000000000        0.0000000000000000        1.0000000000000000     
         1.0000000000000000        1.0000000000000000        1.0000000000000000     
         1.0000000000000000       0.50000000000000000        0.0000000000000000     
         1.0000000000000000        0.0000000000000000       0.50000000000000000     
         1.0000000000000000       0.50000000000000000       0.50000000000000000     
         1.0000000000000000        1.0000000000000000       0.50000000000000000     
         1.0000000000000000       0.50000000000000000        1.0000000000000000     

 !NewElementMapDefinition
         717        1434
         1.0000000000000000        0.0000000000000000        0.0000000000000000     
         1.0000000000000000        1.0000000000000000        0.0000000000000000     
         1.0000000000000000        0.0000000000000000        1.0000000000000000     
         1.0000000000000000        1.0000000000000000        1.0000000000000000     
         1.0000000000000000       0.50000000000000000        0.0000000000000000     
         1.0000000000000000        0.0000000000000000       0.50000000000000000     
         1.0000000000000000       0.50000000000000000       0.50000000000000000     
         1.0000000000000000        1.0000000000000000       0.50000000000000000     
         1.0000000000000000       0.50000000000000000        1.0000000000000000     

 !NewElementMapDefinition
         718        1436
         1.0000000000000000        0.0000000000000000        0.0000000000000000     
         1.0000000000000000        1.0000000000000000        0.0000000000000000     
         1.0000000000000000        0.0000000000000000        1.0000000000000000     
         1.0000000000000000        1.0000000000000000        1.0000000000000000     
         1.0000000000000000       0.50000000000000000        0.0000000000000000     
         1.0000000000000000        0.0000000000000000       0.50000000000000000     
         1.0000000000000000       0.50000000000000000       0.50000000000000000     
         1.0000000000000000        1.0000000000000000       0.50000000000000000     
         1.0000000000000000       0.50000000000000000        1.0000000000000000     

 !NewElementMapDefinition
         719        1438
         1.0000000000000000        0.0000000000000000        0.0000000000000000     
         1.0000000000000000        1.0000000000000000        0.0000000000000000     
         1.0000000000000000        0.0000000000000000        1.0000000000000000     
         1.0000000000000000        1.0000000000000000        1.0000000000000000     
         1.0000000000000000       0.50000000000000000        0.0000000000000000     
         1.0000000000000000        0.0000000000000000       0.50000000000000000     
         1.0000000000000000       0.50000000000000000       0.50000000000000000     
         1.0000000000000000        1.0000000000000000       0.50000000000000000     
         1.0000000000000000       0.50000000000000000        1.0000000000000000     

 !NewElementMapDefinition
         720        1440
         1.0000000000000000        0.0000000000000000        0.0000000000000000     
         1.0000000000000000        1.0000000000000000        0.0000000000000000     
         1.0000000000000000        0.0000000000000000        1.0000000000000000     
         1.0000000000000000        1.0000000000000000        1.0000000000000000     
         1.0000000000000000       0.50000000000000000        0.0000000000000000     
         1.0000000000000000        0.0000000000000000       0.50000000000000000     
         1.0000000000000000       0.50000000000000000       0.50000000000000000     
         1.0000000000000000        1.0000000000000000       0.50000000000000000     
         1.0000000000000000       0.50000000000000000        1.0000000000000000     

 !NewElementMapDefinition
         721        1442
         1.0000000000000000        0.0000000000000000        0.0000000000000000     
         1.0000000000000000        1.0000000000000000        0.0000000000000000     
         1.0000000000000000        0.0000000000000000        1.0000000000000000     
         1.0000000000000000        1.0000000000000000        1.0000000000000000     
         1.0000000000000000       0.50000000000000000        0.0000000000000000     
         1.0000000000000000        0.0000000000000000       0.50000000000000000     
         1.0000000000000000       0.50000000000000000       0.50000000000000000     
         1.0000000000000000        1.0000000000000000       0.50000000000000000     
         1.0000000000000000       0.50000000000000000        1.0000000000000000     

 !NewElementMapDefinition
         722        1444
         1.0000000000000000        0.0000000000000000        0.0000000000000000     
         1.0000000000000000        1.0000000000000000        0.0000000000000000     
         1.0000000000000000        0.0000000000000000        1.0000000000000000     
         1.0000000000000000        1.0000000000000000        1.0000000000000000     
         1.0000000000000000       0.50000000000000000        0.0000000000000000     
         1.0000000000000000        0.0000000000000000       0.50000000000000000     
         1.0000000000000000       0.50000000000000000       0.50000000000000000     
         1.0000000000000000        1.0000000000000000       0.50000000000000000     
         1.0000000000000000       0.50000000000000000        1.0000000000000000     

 !NewElementMapDefinition
         723        1446
         1.0000000000000000        0.0000000000000000        0.0000000000000000     
         1.0000000000000000        1.0000000000000000        0.0000000000000000     
         1.0000000000000000        0.0000000000000000        1.0000000000000000     
         1.0000000000000000        1.0000000000000000        1.0000000000000000     
         1.0000000000000000       0.50000000000000000        0.0000000000000000     
         1.0000000000000000        0.0000000000000000       0.50000000000000000     
         1.0000000000000000       0.50000000000000000       0.50000000000000000     
         1.0000000000000000        1.0000000000000000       0.50000000000000000     
         1.0000000000000000       0.50000000000000000        1.0000000000000000     

 !NewElementMapDefinition
         724        1448
         1.0000000000000000        0.0000000000000000        0.0000000000000000     
         1.0000000000000000        1.0000000000000000        0.0000000000000000     
         1.0000000000000000        0.0000000000000000        1.0000000000000000     
         1.0000000000000000        1.0000000000000000        1.0000000000000000     
         1.0000000000000000       0.50000000000000000        0.0000000000000000     
         1.0000000000000000        0.0000000000000000       0.50000000000000000     
         1.0000000000000000       0.50000000000000000       0.50000000000000000     
         1.0000000000000000        1.0000000000000000       0.50000000000000000     
         1.0000000000000000       0.50000000000000000        1.0000000000000000     

 !NewElementMapDefinition
         725        1450
         1.0000000000000000        0.0000000000000000        0.0000000000000000     
         1.0000000000000000        1.0000000000000000        0.0000000000000000     
         1.0000000000000000        0.0000000000000000        1.0000000000000000     
         1.0000000000000000        1.0000000000000000        1.0000000000000000     
         1.0000000000000000       0.50000000000000000        0.0000000000000000     
         1.0000000000000000        0.0000000000000000       0.50000000000000000     
         1.0000000000000000       0.50000000000000000       0.50000000000000000     
         1.0000000000000000        1.0000000000000000       0.50000000000000000     
         1.0000000000000000       0.50000000000000000        1.0000000000000000     

 !NewElementMapDefinition
         726        1452
         1.0000000000000000        0.0000000000000000        0.0000000000000000     
         1.0000000000000000        1.0000000000000000        0.0000000000000000     
         1.0000000000000000        0.0000000000000000        1.0000000000000000     
         1.0000000000000000        1.0000000000000000        1.0000000000000000     
         1.0000000000000000       0.50000000000000000        0.0000000000000000     
         1.0000000000000000        0.0000000000000000       0.50000000000000000     
         1.0000000000000000       0.50000000000000000       0.50000000000000000     
         1.0000000000000000        1.0000000000000000       0.50000000000000000     
         1.0000000000000000       0.50000000000000000        1.0000000000000000     

 !NewElementMapDefinition
         727        1454
         1.0000000000000000        0.0000000000000000        0.0000000000000000     
         1.0000000000000000        1.0000000000000000        0.0000000000000000     
         1.0000000000000000        0.0000000000000000        1.0000000000000000     
         1.0000000000000000        1.0000000000000000        1.0000000000000000     
         1.0000000000000000       0.50000000000000000        0.0000000000000000     
         1.0000000000000000        0.0000000000000000       0.50000000000000000     
         1.0000000000000000       0.50000000000000000       0.50000000000000000     
         1.0000000000000000        1.0000000000000000       0.50000000000000000     
         1.0000000000000000       0.50000000000000000        1.0000000000000000     

 !NewElementMapDefinition
         728        1456
         1.0000000000000000        0.0000000000000000        0.0000000000000000     
         1.0000000000000000        1.0000000000000000        0.0000000000000000     
         1.0000000000000000        0.0000000000000000        1.0000000000000000     
         1.0000000000000000        1.0000000000000000        1.0000000000000000     
         1.0000000000000000       0.50000000000000000        0.0000000000000000     
         1.0000000000000000        0.0000000000000000       0.50000000000000000     
         1.0000000000000000       0.50000000000000000       0.50000000000000000     
         1.0000000000000000        1.0000000000000000       0.50000000000000000     
         1.0000000000000000       0.50000000000000000        1.0000000000000000     

 !NewElementMapDefinition
         729        1458
         1.0000000000000000        0.0000000000000000        0.0000000000000000     
         1.0000000000000000        1.0000000000000000        0.0000000000000000     
         1.0000000000000000        0.0000000000000000        1.0000000000000000     
         1.0000000000000000        1.0000000000000000        1.0000000000000000     
         1.0000000000000000       0.50000000000000000        0.0000000000000000     
         1.0000000000000000        0.0000000000000000       0.50000000000000000     
         1.0000000000000000       0.50000000000000000       0.50000000000000000     
         1.0000000000000000        1.0000000000000000       0.50000000000000000     
         1.0000000000000000       0.50000000000000000        1.0000000000000000     

 !NewElementMapDefinition
         730        1460
         1.0000000000000000        0.0000000000000000        0.0000000000000000     
         1.0000000000000000        1.0000000000000000        0.0000000000000000     
         1.0000000000000000        0.0000000000000000        1.0000000000000000     
         1.0000000000000000        1.0000000000000000        1.0000000000000000     
         1.0000000000000000       0.50000000000000000        0.0000000000000000     
         1.0000000000000000        0.0000000000000000       0.50000000000000000     
         1.0000000000000000       0.50000000000000000       0.50000000000000000     
         1.0000000000000000        1.0000000000000000       0.50000000000000000     
         1.0000000000000000       0.50000000000000000        1.0000000000000000     

 !NewElementMapDefinition
         731        1462
         1.0000000000000000        0.0000000000000000        0.0000000000000000     
         1.0000000000000000        1.0000000000000000        0.0000000000000000     
         1.0000000000000000        0.0000000000000000        1.0000000000000000     
         1.0000000000000000        1.0000000000000000        1.0000000000000000     
         1.0000000000000000       0.50000000000000000        0.0000000000000000     
         1.0000000000000000        0.0000000000000000       0.50000000000000000     
         1.0000000000000000       0.50000000000000000       0.50000000000000000     
         1.0000000000000000        1.0000000000000000       0.50000000000000000     
         1.0000000000000000       0.50000000000000000        1.0000000000000000     

 !NewElementMapDefinition
         732        1464
         1.0000000000000000        0.0000000000000000        0.0000000000000000     
         1.0000000000000000        1.0000000000000000        0.0000000000000000     
         1.0000000000000000        0.0000000000000000        1.0000000000000000     
         1.0000000000000000        1.0000000000000000        1.0000000000000000     
         1.0000000000000000       0.50000000000000000        0.0000000000000000     
         1.0000000000000000        0.0000000000000000       0.50000000000000000     
         1.0000000000000000       0.50000000000000000       0.50000000000000000     
         1.0000000000000000        1.0000000000000000       0.50000000000000000     
         1.0000000000000000       0.50000000000000000        1.0000000000000000     

 !NewElementMapDefinition
         733        1466
         1.0000000000000000        0.0000000000000000        0.0000000000000000     
         1.0000000000000000        1.0000000000000000        0.0000000000000000     
         1.0000000000000000        0.0000000000000000        1.0000000000000000     
         1.0000000000000000        1.0000000000000000        1.0000000000000000     
         1.0000000000000000       0.50000000000000000        0.0000000000000000     
         1.0000000000000000        0.0000000000000000       0.50000000000000000     
         1.0000000000000000       0.50000000000000000       0.50000000000000000     
         1.0000000000000000        1.0000000000000000       0.50000000000000000     
         1.0000000000000000       0.50000000000000000        1.0000000000000000     

 !NewElementMapDefinition
         734        1468
         1.0000000000000000        0.0000000000000000        0.0000000000000000     
         1.0000000000000000        1.0000000000000000        0.0000000000000000     
         1.0000000000000000        0.0000000000000000        1.0000000000000000     
         1.0000000000000000        1.0000000000000000        1.0000000000000000     
         1.0000000000000000       0.50000000000000000        0.0000000000000000     
         1.0000000000000000        0.0000000000000000       0.50000000000000000     
         1.0000000000000000       0.50000000000000000       0.50000000000000000     
         1.0000000000000000        1.0000000000000000       0.50000000000000000     
         1.0000000000000000       0.50000000000000000        1.0000000000000000     

 !NewElementMapDefinition
         735        1470
         1.0000000000000000        0.0000000000000000        0.0000000000000000     
         1.0000000000000000        1.0000000000000000        0.0000000000000000     
         1.0000000000000000        0.0000000000000000        1.0000000000000000     
         1.0000000000000000        1.0000000000000000        1.0000000000000000     
         1.0000000000000000       0.50000000000000000        0.0000000000000000     
         1.0000000000000000        0.0000000000000000       0.50000000000000000     
         1.0000000000000000       0.50000000000000000       0.50000000000000000     
         1.0000000000000000        1.0000000000000000       0.50000000000000000     
         1.0000000000000000       0.50000000000000000        1.0000000000000000     

 !NewElementMapDefinition
         736        1472
         1.0000000000000000        0.0000000000000000        0.0000000000000000     
         1.0000000000000000        1.0000000000000000        0.0000000000000000     
         1.0000000000000000        0.0000000000000000        1.0000000000000000     
         1.0000000000000000        1.0000000000000000        1.0000000000000000     
         1.0000000000000000       0.50000000000000000        0.0000000000000000     
         1.0000000000000000        0.0000000000000000       0.50000000000000000     
         1.0000000000000000       0.50000000000000000       0.50000000000000000     
         1.0000000000000000        1.0000000000000000       0.50000000000000000     
         1.0000000000000000       0.50000000000000000        1.0000000000000000     

 !NewElementMapDefinition
         737        1474
         1.0000000000000000        0.0000000000000000        0.0000000000000000     
         1.0000000000000000        1.0000000000000000        0.0000000000000000     
         1.0000000000000000        0.0000000000000000        1.0000000000000000     
         1.0000000000000000        1.0000000000000000        1.0000000000000000     
         1.0000000000000000       0.50000000000000000        0.0000000000000000     
         1.0000000000000000        0.0000000000000000       0.50000000000000000     
         1.0000000000000000       0.50000000000000000       0.50000000000000000     
         1.0000000000000000        1.0000000000000000       0.50000000000000000     
         1.0000000000000000       0.50000000000000000        1.0000000000000000     

 !NewElementMapDefinition
         738        1476
         1.0000000000000000        0.0000000000000000        0.0000000000000000     
         1.0000000000000000        1.0000000000000000        0.0000000000000000     
         1.0000000000000000        0.0000000000000000        1.0000000000000000     
         1.0000000000000000        1.0000000000000000        1.0000000000000000     
         1.0000000000000000       0.50000000000000000        0.0000000000000000     
         1.0000000000000000        0.0000000000000000       0.50000000000000000     
         1.0000000000000000       0.50000000000000000       0.50000000000000000     
         1.0000000000000000        1.0000000000000000       0.50000000000000000     
         1.0000000000000000       0.50000000000000000        1.0000000000000000     

 !NewElementMapDefinition
         739        1478
         1.0000000000000000        0.0000000000000000        0.0000000000000000     
         1.0000000000000000        1.0000000000000000        0.0000000000000000     
         1.0000000000000000        0.0000000000000000        1.0000000000000000     
         1.0000000000000000        1.0000000000000000        1.0000000000000000     
         1.0000000000000000       0.50000000000000000        0.0000000000000000     
         1.0000000000000000        0.0000000000000000       0.50000000000000000     
         1.0000000000000000       0.50000000000000000       0.50000000000000000     
         1.0000000000000000        1.0000000000000000       0.50000000000000000     
         1.0000000000000000       0.50000000000000000        1.0000000000000000     

 !NewElementMapDefinition
         740        1480
         1.0000000000000000        0.0000000000000000        0.0000000000000000     
         1.0000000000000000        1.0000000000000000        0.0000000000000000     
         1.0000000000000000        0.0000000000000000        1.0000000000000000     
         1.0000000000000000        1.0000000000000000        1.0000000000000000     
         1.0000000000000000       0.50000000000000000        0.0000000000000000     
         1.0000000000000000        0.0000000000000000       0.50000000000000000     
         1.0000000000000000       0.50000000000000000       0.50000000000000000     
         1.0000000000000000        1.0000000000000000       0.50000000000000000     
         1.0000000000000000       0.50000000000000000        1.0000000000000000     

 !NewElementMapDefinition
         741        1482
         1.0000000000000000        0.0000000000000000        0.0000000000000000     
         1.0000000000000000        1.0000000000000000        0.0000000000000000     
         1.0000000000000000        0.0000000000000000        1.0000000000000000     
         1.0000000000000000        1.0000000000000000        1.0000000000000000     
         1.0000000000000000       0.50000000000000000        0.0000000000000000     
         1.0000000000000000        0.0000000000000000       0.50000000000000000     
         1.0000000000000000       0.50000000000000000       0.50000000000000000     
         1.0000000000000000        1.0000000000000000       0.50000000000000000     
         1.0000000000000000       0.50000000000000000        1.0000000000000000     

 !NewElementMapDefinition
         742        1484
         1.0000000000000000        0.0000000000000000        0.0000000000000000     
         1.0000000000000000        1.0000000000000000        0.0000000000000000     
         1.0000000000000000        0.0000000000000000        1.0000000000000000     
         1.0000000000000000        1.0000000000000000        1.0000000000000000     
         1.0000000000000000       0.50000000000000000        0.0000000000000000     
         1.0000000000000000        0.0000000000000000       0.50000000000000000     
         1.0000000000000000       0.50000000000000000       0.50000000000000000     
         1.0000000000000000        1.0000000000000000       0.50000000000000000     
         1.0000000000000000       0.50000000000000000        1.0000000000000000     

 !NewElementMapDefinition
         743        1486
         1.0000000000000000        0.0000000000000000        0.0000000000000000     
         1.0000000000000000        1.0000000000000000        0.0000000000000000     
         1.0000000000000000        0.0000000000000000        1.0000000000000000     
         1.0000000000000000        1.0000000000000000        1.0000000000000000     
         1.0000000000000000       0.50000000000000000        0.0000000000000000     
         1.0000000000000000        0.0000000000000000       0.50000000000000000     
         1.0000000000000000       0.50000000000000000       0.50000000000000000     
         1.0000000000000000        1.0000000000000000       0.50000000000000000     
         1.0000000000000000       0.50000000000000000        1.0000000000000000     

 !NewElementMapDefinition
         744        1488
         1.0000000000000000        0.0000000000000000        0.0000000000000000     
         1.0000000000000000        1.0000000000000000        0.0000000000000000     
         1.0000000000000000        0.0000000000000000        1.0000000000000000     
         1.0000000000000000        1.0000000000000000        1.0000000000000000     
         1.0000000000000000       0.50000000000000000        0.0000000000000000     
         1.0000000000000000        0.0000000000000000       0.50000000000000000     
         1.0000000000000000       0.50000000000000000       0.50000000000000000     
         1.0000000000000000        1.0000000000000000       0.50000000000000000     
         1.0000000000000000       0.50000000000000000        1.0000000000000000     

 !NewElementMapDefinition
         745        1490
         1.0000000000000000        0.0000000000000000        0.0000000000000000     
         1.0000000000000000        1.0000000000000000        0.0000000000000000     
         1.0000000000000000        0.0000000000000000        1.0000000000000000     
         1.0000000000000000        1.0000000000000000        1.0000000000000000     
         1.0000000000000000       0.50000000000000000        0.0000000000000000     
         1.0000000000000000        0.0000000000000000       0.50000000000000000     
         1.0000000000000000       0.50000000000000000       0.50000000000000000     
         1.0000000000000000        1.0000000000000000       0.50000000000000000     
         1.0000000000000000       0.50000000000000000        1.0000000000000000     

 !NewElementMapDefinition
         746        1492
         1.0000000000000000        0.0000000000000000        0.0000000000000000     
         1.0000000000000000        1.0000000000000000        0.0000000000000000     
         1.0000000000000000        0.0000000000000000        1.0000000000000000     
         1.0000000000000000        1.0000000000000000        1.0000000000000000     
         1.0000000000000000       0.50000000000000000        0.0000000000000000     
         1.0000000000000000        0.0000000000000000       0.50000000000000000     
         1.0000000000000000       0.50000000000000000       0.50000000000000000     
         1.0000000000000000        1.0000000000000000       0.50000000000000000     
         1.0000000000000000       0.50000000000000000        1.0000000000000000     

 !NewElementMapDefinition
         747        1494
         1.0000000000000000        0.0000000000000000        0.0000000000000000     
         1.0000000000000000        1.0000000000000000        0.0000000000000000     
         1.0000000000000000        0.0000000000000000        1.0000000000000000     
         1.0000000000000000        1.0000000000000000        1.0000000000000000     
         1.0000000000000000       0.50000000000000000        0.0000000000000000     
         1.0000000000000000        0.0000000000000000       0.50000000000000000     
         1.0000000000000000       0.50000000000000000       0.50000000000000000     
         1.0000000000000000        1.0000000000000000       0.50000000000000000     
         1.0000000000000000       0.50000000000000000        1.0000000000000000     

 !NewElementMapDefinition
         748        1496
         1.0000000000000000        0.0000000000000000        0.0000000000000000     
         1.0000000000000000        1.0000000000000000        0.0000000000000000     
         1.0000000000000000        0.0000000000000000        1.0000000000000000     
         1.0000000000000000        1.0000000000000000        1.0000000000000000     
         1.0000000000000000       0.50000000000000000        0.0000000000000000     
         1.0000000000000000        0.0000000000000000       0.50000000000000000     
         1.0000000000000000       0.50000000000000000       0.50000000000000000     
         1.0000000000000000        1.0000000000000000       0.50000000000000000     
         1.0000000000000000       0.50000000000000000        1.0000000000000000     

 !NewElementMapDefinition
         749        1498
         1.0000000000000000        0.0000000000000000        0.0000000000000000     
         1.0000000000000000        1.0000000000000000        0.0000000000000000     
         1.0000000000000000        0.0000000000000000        1.0000000000000000     
         1.0000000000000000        1.0000000000000000        1.0000000000000000     
         1.0000000000000000       0.50000000000000000        0.0000000000000000     
         1.0000000000000000        0.0000000000000000       0.50000000000000000     
         1.0000000000000000       0.50000000000000000       0.50000000000000000     
         1.0000000000000000        1.0000000000000000       0.50000000000000000     
         1.0000000000000000       0.50000000000000000        1.0000000000000000     

 !NewElementMapDefinition
         750        1500
         1.0000000000000000        0.0000000000000000        0.0000000000000000     
         1.0000000000000000        1.0000000000000000        0.0000000000000000     
         1.0000000000000000        0.0000000000000000        1.0000000000000000     
         1.0000000000000000        1.0000000000000000        1.0000000000000000     
         1.0000000000000000       0.50000000000000000        0.0000000000000000     
         1.0000000000000000        0.0000000000000000       0.50000000000000000     
         1.0000000000000000       0.50000000000000000       0.50000000000000000     
         1.0000000000000000        1.0000000000000000       0.50000000000000000     
         1.0000000000000000       0.50000000000000000        1.0000000000000000     

 !NewElementMapDefinition
         751        1502
         1.0000000000000000        0.0000000000000000        0.0000000000000000     
         1.0000000000000000        1.0000000000000000        0.0000000000000000     
         1.0000000000000000        0.0000000000000000        1.0000000000000000     
         1.0000000000000000        1.0000000000000000        1.0000000000000000     
         1.0000000000000000       0.50000000000000000        0.0000000000000000     
         1.0000000000000000        0.0000000000000000       0.50000000000000000     
         1.0000000000000000       0.50000000000000000       0.50000000000000000     
         1.0000000000000000        1.0000000000000000       0.50000000000000000     
         1.0000000000000000       0.50000000000000000        1.0000000000000000     

 !NewElementMapDefinition
         752        1504
         1.0000000000000000        0.0000000000000000        0.0000000000000000     
         1.0000000000000000        1.0000000000000000        0.0000000000000000     
         1.0000000000000000        0.0000000000000000        1.0000000000000000     
         1.0000000000000000        1.0000000000000000        1.0000000000000000     
         1.0000000000000000       0.50000000000000000        0.0000000000000000     
         1.0000000000000000        0.0000000000000000       0.50000000000000000     
         1.0000000000000000       0.50000000000000000       0.50000000000000000     
         1.0000000000000000        1.0000000000000000       0.50000000000000000     
         1.0000000000000000       0.50000000000000000        1.0000000000000000     

 !NewElementMapDefinition
         753        1506
         1.0000000000000000        0.0000000000000000        0.0000000000000000     
         1.0000000000000000        1.0000000000000000        0.0000000000000000     
         1.0000000000000000        0.0000000000000000        1.0000000000000000     
         1.0000000000000000        1.0000000000000000        1.0000000000000000     
         1.0000000000000000       0.50000000000000000        0.0000000000000000     
         1.0000000000000000        0.0000000000000000       0.50000000000000000     
         1.0000000000000000       0.50000000000000000       0.50000000000000000     
         1.0000000000000000        1.0000000000000000       0.50000000000000000     
         1.0000000000000000       0.50000000000000000        1.0000000000000000     

 !NewElementMapDefinition
         754        1508
         1.0000000000000000        0.0000000000000000        0.0000000000000000     
         1.0000000000000000        1.0000000000000000        0.0000000000000000     
         1.0000000000000000        0.0000000000000000        1.0000000000000000     
         1.0000000000000000        1.0000000000000000        1.0000000000000000     
         1.0000000000000000       0.50000000000000000        0.0000000000000000     
         1.0000000000000000        0.0000000000000000       0.50000000000000000     
         1.0000000000000000       0.50000000000000000       0.50000000000000000     
         1.0000000000000000        1.0000000000000000       0.50000000000000000     
         1.0000000000000000       0.50000000000000000        1.0000000000000000     

 !NewElementMapDefinition
         755        1510
         1.0000000000000000        0.0000000000000000        0.0000000000000000     
         1.0000000000000000        1.0000000000000000        0.0000000000000000     
         1.0000000000000000        0.0000000000000000        1.0000000000000000     
         1.0000000000000000        1.0000000000000000        1.0000000000000000     
         1.0000000000000000       0.50000000000000000        0.0000000000000000     
         1.0000000000000000        0.0000000000000000       0.50000000000000000     
         1.0000000000000000       0.50000000000000000       0.50000000000000000     
         1.0000000000000000        1.0000000000000000       0.50000000000000000     
         1.0000000000000000       0.50000000000000000        1.0000000000000000     

 !NewElementMapDefinition
         756        1512
         1.0000000000000000        0.0000000000000000        0.0000000000000000     
         1.0000000000000000        1.0000000000000000        0.0000000000000000     
         1.0000000000000000        0.0000000000000000        1.0000000000000000     
         1.0000000000000000        1.0000000000000000        1.0000000000000000     
         1.0000000000000000       0.50000000000000000        0.0000000000000000     
         1.0000000000000000        0.0000000000000000       0.50000000000000000     
         1.0000000000000000       0.50000000000000000       0.50000000000000000     
         1.0000000000000000        1.0000000000000000       0.50000000000000000     
         1.0000000000000000       0.50000000000000000        1.0000000000000000     

 !NewElementMapDefinition
         757        1514
         1.0000000000000000        0.0000000000000000        0.0000000000000000     
         1.0000000000000000        1.0000000000000000        0.0000000000000000     
         1.0000000000000000        0.0000000000000000        1.0000000000000000     
         1.0000000000000000        1.0000000000000000        1.0000000000000000     
         1.0000000000000000       0.50000000000000000        0.0000000000000000     
         1.0000000000000000        0.0000000000000000       0.50000000000000000     
         1.0000000000000000       0.50000000000000000       0.50000000000000000     
         1.0000000000000000        1.0000000000000000       0.50000000000000000     
         1.0000000000000000       0.50000000000000000        1.0000000000000000     

 !NewElementMapDefinition
         758        1516
         1.0000000000000000        0.0000000000000000        0.0000000000000000     
         1.0000000000000000        1.0000000000000000        0.0000000000000000     
         1.0000000000000000        0.0000000000000000        1.0000000000000000     
         1.0000000000000000        1.0000000000000000        1.0000000000000000     
         1.0000000000000000       0.50000000000000000        0.0000000000000000     
         1.0000000000000000        0.0000000000000000       0.50000000000000000     
         1.0000000000000000       0.50000000000000000       0.50000000000000000     
         1.0000000000000000        1.0000000000000000       0.50000000000000000     
         1.0000000000000000       0.50000000000000000        1.0000000000000000     

 !NewElementMapDefinition
         759        1518
         1.0000000000000000        0.0000000000000000        0.0000000000000000     
         1.0000000000000000        1.0000000000000000        0.0000000000000000     
         1.0000000000000000        0.0000000000000000        1.0000000000000000     
         1.0000000000000000        1.0000000000000000        1.0000000000000000     
         1.0000000000000000       0.50000000000000000        0.0000000000000000     
         1.0000000000000000        0.0000000000000000       0.50000000000000000     
         1.0000000000000000       0.50000000000000000       0.50000000000000000     
         1.0000000000000000        1.0000000000000000       0.50000000000000000     
         1.0000000000000000       0.50000000000000000        1.0000000000000000     

 !NewElementMapDefinition
         760        1520
         1.0000000000000000        0.0000000000000000        0.0000000000000000     
         1.0000000000000000        1.0000000000000000        0.0000000000000000     
         1.0000000000000000        0.0000000000000000        1.0000000000000000     
         1.0000000000000000        1.0000000000000000        1.0000000000000000     
         1.0000000000000000       0.50000000000000000        0.0000000000000000     
         1.0000000000000000        0.0000000000000000       0.50000000000000000     
         1.0000000000000000       0.50000000000000000       0.50000000000000000     
         1.0000000000000000        1.0000000000000000       0.50000000000000000     
         1.0000000000000000       0.50000000000000000        1.0000000000000000     

 !NewElementMapDefinition
         761        1522
         1.0000000000000000        0.0000000000000000        0.0000000000000000     
         1.0000000000000000        1.0000000000000000        0.0000000000000000     
         1.0000000000000000        0.0000000000000000        1.0000000000000000     
         1.0000000000000000        1.0000000000000000        1.0000000000000000     
         1.0000000000000000       0.50000000000000000        0.0000000000000000     
         1.0000000000000000        0.0000000000000000       0.50000000000000000     
         1.0000000000000000       0.50000000000000000       0.50000000000000000     
         1.0000000000000000        1.0000000000000000       0.50000000000000000     
         1.0000000000000000       0.50000000000000000        1.0000000000000000     

 !NewElementMapDefinition
         762        1524
         1.0000000000000000        0.0000000000000000        0.0000000000000000     
         1.0000000000000000        1.0000000000000000        0.0000000000000000     
         1.0000000000000000        0.0000000000000000        1.0000000000000000     
         1.0000000000000000        1.0000000000000000        1.0000000000000000     
         1.0000000000000000       0.50000000000000000        0.0000000000000000     
         1.0000000000000000        0.0000000000000000       0.50000000000000000     
         1.0000000000000000       0.50000000000000000       0.50000000000000000     
         1.0000000000000000        1.0000000000000000       0.50000000000000000     
         1.0000000000000000       0.50000000000000000        1.0000000000000000     

 !NewElementMapDefinition
         763        1526
         1.0000000000000000        0.0000000000000000        0.0000000000000000     
         1.0000000000000000        1.0000000000000000        0.0000000000000000     
         1.0000000000000000        0.0000000000000000        1.0000000000000000     
         1.0000000000000000        1.0000000000000000        1.0000000000000000     
         1.0000000000000000       0.50000000000000000        0.0000000000000000     
         1.0000000000000000        0.0000000000000000       0.50000000000000000     
         1.0000000000000000       0.50000000000000000       0.50000000000000000     
         1.0000000000000000        1.0000000000000000       0.50000000000000000     
         1.0000000000000000       0.50000000000000000        1.0000000000000000     

 !NewElementMapDefinition
         764        1528
         1.0000000000000000        0.0000000000000000        0.0000000000000000     
         1.0000000000000000        1.0000000000000000        0.0000000000000000     
         1.0000000000000000        0.0000000000000000        1.0000000000000000     
         1.0000000000000000        1.0000000000000000        1.0000000000000000     
         1.0000000000000000       0.50000000000000000        0.0000000000000000     
         1.0000000000000000        0.0000000000000000       0.50000000000000000     
         1.0000000000000000       0.50000000000000000       0.50000000000000000     
         1.0000000000000000        1.0000000000000000       0.50000000000000000     
         1.0000000000000000       0.50000000000000000        1.0000000000000000     

 !NewElementMapDefinition
         765        1530
         1.0000000000000000        0.0000000000000000        0.0000000000000000     
         1.0000000000000000        1.0000000000000000        0.0000000000000000     
         1.0000000000000000        0.0000000000000000        1.0000000000000000     
         1.0000000000000000        1.0000000000000000        1.0000000000000000     
         1.0000000000000000       0.50000000000000000        0.0000000000000000     
         1.0000000000000000        0.0000000000000000       0.50000000000000000     
         1.0000000000000000       0.50000000000000000       0.50000000000000000     
         1.0000000000000000        1.0000000000000000       0.50000000000000000     
         1.0000000000000000       0.50000000000000000        1.0000000000000000     

 !NewElementMapDefinition
         766        1532
         1.0000000000000000        0.0000000000000000        0.0000000000000000     
         1.0000000000000000        1.0000000000000000        0.0000000000000000     
         1.0000000000000000        0.0000000000000000        1.0000000000000000     
         1.0000000000000000        1.0000000000000000        1.0000000000000000     
         1.0000000000000000       0.50000000000000000        0.0000000000000000     
         1.0000000000000000        0.0000000000000000       0.50000000000000000     
         1.0000000000000000       0.50000000000000000       0.50000000000000000     
         1.0000000000000000        1.0000000000000000       0.50000000000000000     
         1.0000000000000000       0.50000000000000000        1.0000000000000000     

 !NewElementMapDefinition
         767        1534
         1.0000000000000000        0.0000000000000000        0.0000000000000000     
         1.0000000000000000        1.0000000000000000        0.0000000000000000     
         1.0000000000000000        0.0000000000000000        1.0000000000000000     
         1.0000000000000000        1.0000000000000000        1.0000000000000000     
         1.0000000000000000       0.50000000000000000        0.0000000000000000     
         1.0000000000000000        0.0000000000000000       0.50000000000000000     
         1.0000000000000000       0.50000000000000000       0.50000000000000000     
         1.0000000000000000        1.0000000000000000       0.50000000000000000     
         1.0000000000000000       0.50000000000000000        1.0000000000000000     

 !NewElementMapDefinition
         768        1536
         1.0000000000000000        0.0000000000000000        0.0000000000000000     
         1.0000000000000000        1.0000000000000000        0.0000000000000000     
         1.0000000000000000        0.0000000000000000        1.0000000000000000     
         1.0000000000000000        1.0000000000000000        1.0000000000000000     
         1.0000000000000000       0.50000000000000000        0.0000000000000000     
         1.0000000000000000        0.0000000000000000       0.50000000000000000     
         1.0000000000000000       0.50000000000000000       0.50000000000000000     
         1.0000000000000000        1.0000000000000000       0.50000000000000000     
         1.0000000000000000       0.50000000000000000        1.0000000000000000     

 !NewElementMapDefinition
         769        1538
         1.0000000000000000        0.0000000000000000        0.0000000000000000     
         1.0000000000000000        1.0000000000000000        0.0000000000000000     
         1.0000000000000000        0.0000000000000000        1.0000000000000000     
         1.0000000000000000        1.0000000000000000        1.0000000000000000     
         1.0000000000000000       0.50000000000000000        0.0000000000000000     
         1.0000000000000000        0.0000000000000000       0.50000000000000000     
         1.0000000000000000       0.50000000000000000       0.50000000000000000     
         1.0000000000000000        1.0000000000000000       0.50000000000000000     
         1.0000000000000000       0.50000000000000000        1.0000000000000000     

 !NewElementMapDefinition
         770        1540
         1.0000000000000000        0.0000000000000000        0.0000000000000000     
         1.0000000000000000        1.0000000000000000        0.0000000000000000     
         1.0000000000000000        0.0000000000000000        1.0000000000000000     
         1.0000000000000000        1.0000000000000000        1.0000000000000000     
         1.0000000000000000       0.50000000000000000        0.0000000000000000     
         1.0000000000000000        0.0000000000000000       0.50000000000000000     
         1.0000000000000000       0.50000000000000000       0.50000000000000000     
         1.0000000000000000        1.0000000000000000       0.50000000000000000     
         1.0000000000000000       0.50000000000000000        1.0000000000000000     

 !NewElementMapDefinition
         771        1542
         1.0000000000000000        0.0000000000000000        0.0000000000000000     
         1.0000000000000000        1.0000000000000000        0.0000000000000000     
         1.0000000000000000        0.0000000000000000        1.0000000000000000     
         1.0000000000000000        1.0000000000000000        1.0000000000000000     
         1.0000000000000000       0.50000000000000000        0.0000000000000000     
         1.0000000000000000        0.0000000000000000       0.50000000000000000     
         1.0000000000000000       0.50000000000000000       0.50000000000000000     
         1.0000000000000000        1.0000000000000000       0.50000000000000000     
         1.0000000000000000       0.50000000000000000        1.0000000000000000     

 !NewElementMapDefinition
         772        1544
         1.0000000000000000        0.0000000000000000        0.0000000000000000     
         1.0000000000000000        1.0000000000000000        0.0000000000000000     
         1.0000000000000000        0.0000000000000000        1.0000000000000000     
         1.0000000000000000        1.0000000000000000        1.0000000000000000     
         1.0000000000000000       0.50000000000000000        0.0000000000000000     
         1.0000000000000000        0.0000000000000000       0.50000000000000000     
         1.0000000000000000       0.50000000000000000       0.50000000000000000     
         1.0000000000000000        1.0000000000000000       0.50000000000000000     
         1.0000000000000000       0.50000000000000000        1.0000000000000000     

 !NewElementMapDefinition
         773        1546
         1.0000000000000000        0.0000000000000000        0.0000000000000000     
         1.0000000000000000        1.0000000000000000        0.0000000000000000     
         1.0000000000000000        0.0000000000000000        1.0000000000000000     
         1.0000000000000000        1.0000000000000000        1.0000000000000000     
         1.0000000000000000       0.50000000000000000        0.0000000000000000     
         1.0000000000000000        0.0000000000000000       0.50000000000000000     
         1.0000000000000000       0.50000000000000000       0.50000000000000000     
         1.0000000000000000        1.0000000000000000       0.50000000000000000     
         1.0000000000000000       0.50000000000000000        1.0000000000000000     

 !NewElementMapDefinition
         774        1548
         1.0000000000000000        0.0000000000000000        0.0000000000000000     
         1.0000000000000000        1.0000000000000000        0.0000000000000000     
         1.0000000000000000        0.0000000000000000        1.0000000000000000     
         1.0000000000000000        1.0000000000000000        1.0000000000000000     
         1.0000000000000000       0.50000000000000000        0.0000000000000000     
         1.0000000000000000        0.0000000000000000       0.50000000000000000     
         1.0000000000000000       0.50000000000000000       0.50000000000000000     
         1.0000000000000000        1.0000000000000000       0.50000000000000000     
         1.0000000000000000       0.50000000000000000        1.0000000000000000     

 !NewElementMapDefinition
         775        1550
         1.0000000000000000        0.0000000000000000        0.0000000000000000     
         1.0000000000000000        1.0000000000000000        0.0000000000000000     
         1.0000000000000000        0.0000000000000000        1.0000000000000000     
         1.0000000000000000        1.0000000000000000        1.0000000000000000     
         1.0000000000000000       0.50000000000000000        0.0000000000000000     
         1.0000000000000000        0.0000000000000000       0.50000000000000000     
         1.0000000000000000       0.50000000000000000       0.50000000000000000     
         1.0000000000000000        1.0000000000000000       0.50000000000000000     
         1.0000000000000000       0.50000000000000000        1.0000000000000000     

 !NewElementMapDefinition
         776        1552
         1.0000000000000000        0.0000000000000000        0.0000000000000000     
         1.0000000000000000        1.0000000000000000        0.0000000000000000     
         1.0000000000000000        0.0000000000000000        1.0000000000000000     
         1.0000000000000000        1.0000000000000000        1.0000000000000000     
         1.0000000000000000       0.50000000000000000        0.0000000000000000     
         1.0000000000000000        0.0000000000000000       0.50000000000000000     
         1.0000000000000000       0.50000000000000000       0.50000000000000000     
         1.0000000000000000        1.0000000000000000       0.50000000000000000     
         1.0000000000000000       0.50000000000000000        1.0000000000000000     

 !NewElementMapDefinition
         777        1554
         1.0000000000000000        0.0000000000000000        0.0000000000000000     
         1.0000000000000000        1.0000000000000000        0.0000000000000000     
         1.0000000000000000        0.0000000000000000        1.0000000000000000     
         1.0000000000000000        1.0000000000000000        1.0000000000000000     
         1.0000000000000000       0.50000000000000000        0.0000000000000000     
         1.0000000000000000        0.0000000000000000       0.50000000000000000     
         1.0000000000000000       0.50000000000000000       0.50000000000000000     
         1.0000000000000000        1.0000000000000000       0.50000000000000000     
         1.0000000000000000       0.50000000000000000        1.0000000000000000     

 !NewElementMapDefinition
         778        1556
         1.0000000000000000        0.0000000000000000        0.0000000000000000     
         1.0000000000000000        1.0000000000000000        0.0000000000000000     
         1.0000000000000000        0.0000000000000000        1.0000000000000000     
         1.0000000000000000        1.0000000000000000        1.0000000000000000     
         1.0000000000000000       0.50000000000000000        0.0000000000000000     
         1.0000000000000000        0.0000000000000000       0.50000000000000000     
         1.0000000000000000       0.50000000000000000       0.50000000000000000     
         1.0000000000000000        1.0000000000000000       0.50000000000000000     
         1.0000000000000000       0.50000000000000000        1.0000000000000000     

 !NewElementMapDefinition
         779        1558
         1.0000000000000000        0.0000000000000000        0.0000000000000000     
         1.0000000000000000        1.0000000000000000        0.0000000000000000     
         1.0000000000000000        0.0000000000000000        1.0000000000000000     
         1.0000000000000000        1.0000000000000000        1.0000000000000000     
         1.0000000000000000       0.50000000000000000        0.0000000000000000     
         1.0000000000000000        0.0000000000000000       0.50000000000000000     
         1.0000000000000000       0.50000000000000000       0.50000000000000000     
         1.0000000000000000        1.0000000000000000       0.50000000000000000     
         1.0000000000000000       0.50000000000000000        1.0000000000000000     

 !NewElementMapDefinition
         780        1560
         1.0000000000000000        0.0000000000000000        0.0000000000000000     
         1.0000000000000000        1.0000000000000000        0.0000000000000000     
         1.0000000000000000        0.0000000000000000        1.0000000000000000     
         1.0000000000000000        1.0000000000000000        1.0000000000000000     
         1.0000000000000000       0.50000000000000000        0.0000000000000000     
         1.0000000000000000        0.0000000000000000       0.50000000000000000     
         1.0000000000000000       0.50000000000000000       0.50000000000000000     
         1.0000000000000000        1.0000000000000000       0.50000000000000000     
         1.0000000000000000       0.50000000000000000        1.0000000000000000     

 !NewElementMapDefinition
         781        1562
         1.0000000000000000        0.0000000000000000        0.0000000000000000     
         1.0000000000000000        1.0000000000000000        0.0000000000000000     
         1.0000000000000000        0.0000000000000000        1.0000000000000000     
         1.0000000000000000        1.0000000000000000        1.0000000000000000     
         1.0000000000000000       0.50000000000000000        0.0000000000000000     
         1.0000000000000000        0.0000000000000000       0.50000000000000000     
         1.0000000000000000       0.50000000000000000       0.50000000000000000     
         1.0000000000000000        1.0000000000000000       0.50000000000000000     
         1.0000000000000000       0.50000000000000000        1.0000000000000000     

 !NewElementMapDefinition
         782        1564
         1.0000000000000000        0.0000000000000000        0.0000000000000000     
         1.0000000000000000        1.0000000000000000        0.0000000000000000     
         1.0000000000000000        0.0000000000000000        1.0000000000000000     
         1.0000000000000000        1.0000000000000000        1.0000000000000000     
         1.0000000000000000       0.50000000000000000        0.0000000000000000     
         1.0000000000000000        0.0000000000000000       0.50000000000000000     
         1.0000000000000000       0.50000000000000000       0.50000000000000000     
         1.0000000000000000        1.0000000000000000       0.50000000000000000     
         1.0000000000000000       0.50000000000000000        1.0000000000000000     

 !NewElementMapDefinition
         783        1566
         1.0000000000000000        0.0000000000000000        0.0000000000000000     
         1.0000000000000000        1.0000000000000000        0.0000000000000000     
         1.0000000000000000        0.0000000000000000        1.0000000000000000     
         1.0000000000000000        1.0000000000000000        1.0000000000000000     
         1.0000000000000000       0.50000000000000000        0.0000000000000000     
         1.0000000000000000        0.0000000000000000       0.50000000000000000     
         1.0000000000000000       0.50000000000000000       0.50000000000000000     
         1.0000000000000000        1.0000000000000000       0.50000000000000000     
         1.0000000000000000       0.50000000000000000        1.0000000000000000     

 !NewElementMapDefinition
         784        1568
         1.0000000000000000        0.0000000000000000        0.0000000000000000     
         1.0000000000000000        1.0000000000000000        0.0000000000000000     
         1.0000000000000000        0.0000000000000000        1.0000000000000000     
         1.0000000000000000        1.0000000000000000        1.0000000000000000     
         1.0000000000000000       0.50000000000000000        0.0000000000000000     
         1.0000000000000000        0.0000000000000000       0.50000000000000000     
         1.0000000000000000       0.50000000000000000       0.50000000000000000     
         1.0000000000000000        1.0000000000000000       0.50000000000000000     
         1.0000000000000000       0.50000000000000000        1.0000000000000000     

 !NewElementMapDefinition
         785        1570
         1.0000000000000000        0.0000000000000000        0.0000000000000000     
         1.0000000000000000        1.0000000000000000        0.0000000000000000     
         1.0000000000000000        0.0000000000000000        1.0000000000000000     
         1.0000000000000000        1.0000000000000000        1.0000000000000000     
         1.0000000000000000       0.50000000000000000        0.0000000000000000     
         1.0000000000000000        0.0000000000000000       0.50000000000000000     
         1.0000000000000000       0.50000000000000000       0.50000000000000000     
         1.0000000000000000        1.0000000000000000       0.50000000000000000     
         1.0000000000000000       0.50000000000000000        1.0000000000000000     

 !NewElementMapDefinition
         786        1572
         1.0000000000000000        0.0000000000000000        0.0000000000000000     
         1.0000000000000000        1.0000000000000000        0.0000000000000000     
         1.0000000000000000        0.0000000000000000        1.0000000000000000     
         1.0000000000000000        1.0000000000000000        1.0000000000000000     
         1.0000000000000000       0.50000000000000000        0.0000000000000000     
         1.0000000000000000        0.0000000000000000       0.50000000000000000     
         1.0000000000000000       0.50000000000000000       0.50000000000000000     
         1.0000000000000000        1.0000000000000000       0.50000000000000000     
         1.0000000000000000       0.50000000000000000        1.0000000000000000     

 !NewElementMapDefinition
         787        1574
         1.0000000000000000        0.0000000000000000        0.0000000000000000     
         1.0000000000000000        1.0000000000000000        0.0000000000000000     
         1.0000000000000000        0.0000000000000000        1.0000000000000000     
         1.0000000000000000        1.0000000000000000        1.0000000000000000     
         1.0000000000000000       0.50000000000000000        0.0000000000000000     
         1.0000000000000000        0.0000000000000000       0.50000000000000000     
         1.0000000000000000       0.50000000000000000       0.50000000000000000     
         1.0000000000000000        1.0000000000000000       0.50000000000000000     
         1.0000000000000000       0.50000000000000000        1.0000000000000000     

 !NewElementMapDefinition
         788        1576
         1.0000000000000000        0.0000000000000000        0.0000000000000000     
         1.0000000000000000        1.0000000000000000        0.0000000000000000     
         1.0000000000000000        0.0000000000000000        1.0000000000000000     
         1.0000000000000000        1.0000000000000000        1.0000000000000000     
         1.0000000000000000       0.50000000000000000        0.0000000000000000     
         1.0000000000000000        0.0000000000000000       0.50000000000000000     
         1.0000000000000000       0.50000000000000000       0.50000000000000000     
         1.0000000000000000        1.0000000000000000       0.50000000000000000     
         1.0000000000000000       0.50000000000000000        1.0000000000000000     

 !NewElementMapDefinition
         789        1578
         1.0000000000000000        0.0000000000000000        0.0000000000000000     
         1.0000000000000000        1.0000000000000000        0.0000000000000000     
         1.0000000000000000        0.0000000000000000        1.0000000000000000     
         1.0000000000000000        1.0000000000000000        1.0000000000000000     
         1.0000000000000000       0.50000000000000000        0.0000000000000000     
         1.0000000000000000        0.0000000000000000       0.50000000000000000     
         1.0000000000000000       0.50000000000000000       0.50000000000000000     
         1.0000000000000000        1.0000000000000000       0.50000000000000000     
         1.0000000000000000       0.50000000000000000        1.0000000000000000     

 !NewElementMapDefinition
         790        1580
         1.0000000000000000        0.0000000000000000        0.0000000000000000     
         1.0000000000000000        1.0000000000000000        0.0000000000000000     
         1.0000000000000000        0.0000000000000000        1.0000000000000000     
         1.0000000000000000        1.0000000000000000        1.0000000000000000     
         1.0000000000000000       0.50000000000000000        0.0000000000000000     
         1.0000000000000000        0.0000000000000000       0.50000000000000000     
         1.0000000000000000       0.50000000000000000       0.50000000000000000     
         1.0000000000000000        1.0000000000000000       0.50000000000000000     
         1.0000000000000000       0.50000000000000000        1.0000000000000000     

 !NewElementMapDefinition
         791        1582
         1.0000000000000000        0.0000000000000000        0.0000000000000000     
         1.0000000000000000        1.0000000000000000        0.0000000000000000     
         1.0000000000000000        0.0000000000000000        1.0000000000000000     
         1.0000000000000000        1.0000000000000000        1.0000000000000000     
         1.0000000000000000       0.50000000000000000        0.0000000000000000     
         1.0000000000000000        0.0000000000000000       0.50000000000000000     
         1.0000000000000000       0.50000000000000000       0.50000000000000000     
         1.0000000000000000        1.0000000000000000       0.50000000000000000     
         1.0000000000000000       0.50000000000000000        1.0000000000000000     

 !NewElementMapDefinition
         792        1584
         1.0000000000000000        0.0000000000000000        0.0000000000000000     
         1.0000000000000000        1.0000000000000000        0.0000000000000000     
         1.0000000000000000        0.0000000000000000        1.0000000000000000     
         1.0000000000000000        1.0000000000000000        1.0000000000000000     
         1.0000000000000000       0.50000000000000000        0.0000000000000000     
         1.0000000000000000        0.0000000000000000       0.50000000000000000     
         1.0000000000000000       0.50000000000000000       0.50000000000000000     
         1.0000000000000000        1.0000000000000000       0.50000000000000000     
         1.0000000000000000       0.50000000000000000        1.0000000000000000     

 !NewElementMapDefinition
         793        1586
         1.0000000000000000        0.0000000000000000        0.0000000000000000     
         1.0000000000000000        1.0000000000000000        0.0000000000000000     
         1.0000000000000000        0.0000000000000000        1.0000000000000000     
         1.0000000000000000        1.0000000000000000        1.0000000000000000     
         1.0000000000000000       0.50000000000000000        0.0000000000000000     
         1.0000000000000000        0.0000000000000000       0.50000000000000000     
         1.0000000000000000       0.50000000000000000       0.50000000000000000     
         1.0000000000000000        1.0000000000000000       0.50000000000000000     
         1.0000000000000000       0.50000000000000000        1.0000000000000000     

 !NewElementMapDefinition
         794        1588
         1.0000000000000000        0.0000000000000000        0.0000000000000000     
         1.0000000000000000        1.0000000000000000        0.0000000000000000     
         1.0000000000000000        0.0000000000000000        1.0000000000000000     
         1.0000000000000000        1.0000000000000000        1.0000000000000000     
         1.0000000000000000       0.50000000000000000        0.0000000000000000     
         1.0000000000000000        0.0000000000000000       0.50000000000000000     
         1.0000000000000000       0.50000000000000000       0.50000000000000000     
         1.0000000000000000        1.0000000000000000       0.50000000000000000     
         1.0000000000000000       0.50000000000000000        1.0000000000000000     

 !NewElementMapDefinition
         795        1590
         1.0000000000000000        0.0000000000000000        0.0000000000000000     
         1.0000000000000000        1.0000000000000000        0.0000000000000000     
         1.0000000000000000        0.0000000000000000        1.0000000000000000     
         1.0000000000000000        1.0000000000000000        1.0000000000000000     
         1.0000000000000000       0.50000000000000000        0.0000000000000000     
         1.0000000000000000        0.0000000000000000       0.50000000000000000     
         1.0000000000000000       0.50000000000000000       0.50000000000000000     
         1.0000000000000000        1.0000000000000000       0.50000000000000000     
         1.0000000000000000       0.50000000000000000        1.0000000000000000     

 !NewElementMapDefinition
         796        1592
         1.0000000000000000        0.0000000000000000        0.0000000000000000     
         1.0000000000000000        1.0000000000000000        0.0000000000000000     
         1.0000000000000000        0.0000000000000000        1.0000000000000000     
         1.0000000000000000        1.0000000000000000        1.0000000000000000     
         1.0000000000000000       0.50000000000000000        0.0000000000000000     
         1.0000000000000000        0.0000000000000000       0.50000000000000000     
         1.0000000000000000       0.50000000000000000       0.50000000000000000     
         1.0000000000000000        1.0000000000000000       0.50000000000000000     
         1.0000000000000000       0.50000000000000000        1.0000000000000000     

 !NewElementMapDefinition
         797        1594
         1.0000000000000000        0.0000000000000000        0.0000000000000000     
         1.0000000000000000        1.0000000000000000        0.0000000000000000     
         1.0000000000000000        0.0000000000000000        1.0000000000000000     
         1.0000000000000000        1.0000000000000000        1.0000000000000000     
         1.0000000000000000       0.50000000000000000        0.0000000000000000     
         1.0000000000000000        0.0000000000000000       0.50000000000000000     
         1.0000000000000000       0.50000000000000000       0.50000000000000000     
         1.0000000000000000        1.0000000000000000       0.50000000000000000     
         1.0000000000000000       0.50000000000000000        1.0000000000000000     

 !NewElementMapDefinition
         798        1596
         1.0000000000000000        0.0000000000000000        0.0000000000000000     
         1.0000000000000000        1.0000000000000000        0.0000000000000000     
         1.0000000000000000        0.0000000000000000        1.0000000000000000     
         1.0000000000000000        1.0000000000000000        1.0000000000000000     
         1.0000000000000000       0.50000000000000000        0.0000000000000000     
         1.0000000000000000        0.0000000000000000       0.50000000000000000     
         1.0000000000000000       0.50000000000000000       0.50000000000000000     
         1.0000000000000000        1.0000000000000000       0.50000000000000000     
         1.0000000000000000       0.50000000000000000        1.0000000000000000     

 !NewElementMapDefinition
         799        1598
         1.0000000000000000        0.0000000000000000        0.0000000000000000     
         1.0000000000000000        1.0000000000000000        0.0000000000000000     
         1.0000000000000000        0.0000000000000000        1.0000000000000000     
         1.0000000000000000        1.0000000000000000        1.0000000000000000     
         1.0000000000000000       0.50000000000000000        0.0000000000000000     
         1.0000000000000000        0.0000000000000000       0.50000000000000000     
         1.0000000000000000       0.50000000000000000       0.50000000000000000     
         1.0000000000000000        1.0000000000000000       0.50000000000000000     
         1.0000000000000000       0.50000000000000000        1.0000000000000000     

 !NewElementMapDefinition
         800        1600
         1.0000000000000000        0.0000000000000000        0.0000000000000000     
         1.0000000000000000        1.0000000000000000        0.0000000000000000     
         1.0000000000000000        0.0000000000000000        1.0000000000000000     
         1.0000000000000000        1.0000000000000000        1.0000000000000000     
         1.0000000000000000       0.50000000000000000        0.0000000000000000     
         1.0000000000000000        0.0000000000000000       0.50000000000000000     
         1.0000000000000000       0.50000000000000000       0.50000000000000000     
         1.0000000000000000        1.0000000000000000       0.50000000000000000     
         1.0000000000000000       0.50000000000000000        1.0000000000000000     

 !NewElementMapDefinition
         801        1602
         1.0000000000000000        0.0000000000000000        0.0000000000000000     
         1.0000000000000000        1.0000000000000000        0.0000000000000000     
         1.0000000000000000        0.0000000000000000        1.0000000000000000     
         1.0000000000000000        1.0000000000000000        1.0000000000000000     
         1.0000000000000000       0.50000000000000000        0.0000000000000000     
         1.0000000000000000        0.0000000000000000       0.50000000000000000     
         1.0000000000000000       0.50000000000000000       0.50000000000000000     
         1.0000000000000000        1.0000000000000000       0.50000000000000000     
         1.0000000000000000       0.50000000000000000        1.0000000000000000     

 !NewElementMapDefinition
         802        1604
         1.0000000000000000        0.0000000000000000        0.0000000000000000     
         1.0000000000000000        1.0000000000000000        0.0000000000000000     
         1.0000000000000000        0.0000000000000000        1.0000000000000000     
         1.0000000000000000        1.0000000000000000        1.0000000000000000     
         1.0000000000000000       0.50000000000000000        0.0000000000000000     
         1.0000000000000000        0.0000000000000000       0.50000000000000000     
         1.0000000000000000       0.50000000000000000       0.50000000000000000     
         1.0000000000000000        1.0000000000000000       0.50000000000000000     
         1.0000000000000000       0.50000000000000000        1.0000000000000000     

 !NewElementMapDefinition
         803        1606
         1.0000000000000000        0.0000000000000000        0.0000000000000000     
         1.0000000000000000        1.0000000000000000        0.0000000000000000     
         1.0000000000000000        0.0000000000000000        1.0000000000000000     
         1.0000000000000000        1.0000000000000000        1.0000000000000000     
         1.0000000000000000       0.50000000000000000        0.0000000000000000     
         1.0000000000000000        0.0000000000000000       0.50000000000000000     
         1.0000000000000000       0.50000000000000000       0.50000000000000000     
         1.0000000000000000        1.0000000000000000       0.50000000000000000     
         1.0000000000000000       0.50000000000000000        1.0000000000000000     

 !NewElementMapDefinition
         804        1608
         1.0000000000000000        0.0000000000000000        0.0000000000000000     
         1.0000000000000000        1.0000000000000000        0.0000000000000000     
         1.0000000000000000        0.0000000000000000        1.0000000000000000     
         1.0000000000000000        1.0000000000000000        1.0000000000000000     
         1.0000000000000000       0.50000000000000000        0.0000000000000000     
         1.0000000000000000        0.0000000000000000       0.50000000000000000     
         1.0000000000000000       0.50000000000000000       0.50000000000000000     
         1.0000000000000000        1.0000000000000000       0.50000000000000000     
         1.0000000000000000       0.50000000000000000        1.0000000000000000     

 !NewElementMapDefinition
         805        1610
         1.0000000000000000        0.0000000000000000        0.0000000000000000     
         1.0000000000000000        1.0000000000000000        0.0000000000000000     
         1.0000000000000000        0.0000000000000000        1.0000000000000000     
         1.0000000000000000        1.0000000000000000        1.0000000000000000     
         1.0000000000000000       0.50000000000000000        0.0000000000000000     
         1.0000000000000000        0.0000000000000000       0.50000000000000000     
         1.0000000000000000       0.50000000000000000       0.50000000000000000     
         1.0000000000000000        1.0000000000000000       0.50000000000000000     
         1.0000000000000000       0.50000000000000000        1.0000000000000000     

 !NewElementMapDefinition
         806        1612
         1.0000000000000000        0.0000000000000000        0.0000000000000000     
         1.0000000000000000        1.0000000000000000        0.0000000000000000     
         1.0000000000000000        0.0000000000000000        1.0000000000000000     
         1.0000000000000000        1.0000000000000000        1.0000000000000000     
         1.0000000000000000       0.50000000000000000        0.0000000000000000     
         1.0000000000000000        0.0000000000000000       0.50000000000000000     
         1.0000000000000000       0.50000000000000000       0.50000000000000000     
         1.0000000000000000        1.0000000000000000       0.50000000000000000     
         1.0000000000000000       0.50000000000000000        1.0000000000000000     

 !NewElementMapDefinition
         807        1614
         1.0000000000000000        0.0000000000000000        0.0000000000000000     
         1.0000000000000000        1.0000000000000000        0.0000000000000000     
         1.0000000000000000        0.0000000000000000        1.0000000000000000     
         1.0000000000000000        1.0000000000000000        1.0000000000000000     
         1.0000000000000000       0.50000000000000000        0.0000000000000000     
         1.0000000000000000        0.0000000000000000       0.50000000000000000     
         1.0000000000000000       0.50000000000000000       0.50000000000000000     
         1.0000000000000000        1.0000000000000000       0.50000000000000000     
         1.0000000000000000       0.50000000000000000        1.0000000000000000     

 !NewElementMapDefinition
         808        1616
         1.0000000000000000        0.0000000000000000        0.0000000000000000     
         1.0000000000000000        1.0000000000000000        0.0000000000000000     
         1.0000000000000000        0.0000000000000000        1.0000000000000000     
         1.0000000000000000        1.0000000000000000        1.0000000000000000     
         1.0000000000000000       0.50000000000000000        0.0000000000000000     
         1.0000000000000000        0.0000000000000000       0.50000000000000000     
         1.0000000000000000       0.50000000000000000       0.50000000000000000     
         1.0000000000000000        1.0000000000000000       0.50000000000000000     
         1.0000000000000000       0.50000000000000000        1.0000000000000000     

 !NewElementMapDefinition
         809        1618
         1.0000000000000000        0.0000000000000000        0.0000000000000000     
         1.0000000000000000        1.0000000000000000        0.0000000000000000     
         1.0000000000000000        0.0000000000000000        1.0000000000000000     
         1.0000000000000000        1.0000000000000000        1.0000000000000000     
         1.0000000000000000       0.50000000000000000        0.0000000000000000     
         1.0000000000000000        0.0000000000000000       0.50000000000000000     
         1.0000000000000000       0.50000000000000000       0.50000000000000000     
         1.0000000000000000        1.0000000000000000       0.50000000000000000     
         1.0000000000000000       0.50000000000000000        1.0000000000000000     

 !NewElementMapDefinition
         810        1620
         1.0000000000000000        0.0000000000000000        0.0000000000000000     
         1.0000000000000000        1.0000000000000000        0.0000000000000000     
         1.0000000000000000        0.0000000000000000        1.0000000000000000     
         1.0000000000000000        1.0000000000000000        1.0000000000000000     
         1.0000000000000000       0.50000000000000000        0.0000000000000000     
         1.0000000000000000        0.0000000000000000       0.50000000000000000     
         1.0000000000000000       0.50000000000000000       0.50000000000000000     
         1.0000000000000000        1.0000000000000000       0.50000000000000000     
         1.0000000000000000       0.50000000000000000        1.0000000000000000     

 !NewElementMapDefinition
         811        1622
         1.0000000000000000        0.0000000000000000        0.0000000000000000     
         1.0000000000000000        1.0000000000000000        0.0000000000000000     
         1.0000000000000000        0.0000000000000000        1.0000000000000000     
         1.0000000000000000        1.0000000000000000        1.0000000000000000     
         1.0000000000000000       0.50000000000000000        0.0000000000000000     
         1.0000000000000000        0.0000000000000000       0.50000000000000000     
         1.0000000000000000       0.50000000000000000       0.50000000000000000     
         1.0000000000000000        1.0000000000000000       0.50000000000000000     
         1.0000000000000000       0.50000000000000000        1.0000000000000000     

 !NewElementMapDefinition
         812        1624
         1.0000000000000000        0.0000000000000000        0.0000000000000000     
         1.0000000000000000        1.0000000000000000        0.0000000000000000     
         1.0000000000000000        0.0000000000000000        1.0000000000000000     
         1.0000000000000000        1.0000000000000000        1.0000000000000000     
         1.0000000000000000       0.50000000000000000        0.0000000000000000     
         1.0000000000000000        0.0000000000000000       0.50000000000000000     
         1.0000000000000000       0.50000000000000000       0.50000000000000000     
         1.0000000000000000        1.0000000000000000       0.50000000000000000     
         1.0000000000000000       0.50000000000000000        1.0000000000000000     

 !NewElementMapDefinition
         813        1626
         1.0000000000000000        0.0000000000000000        0.0000000000000000     
         1.0000000000000000        1.0000000000000000        0.0000000000000000     
         1.0000000000000000        0.0000000000000000        1.0000000000000000     
         1.0000000000000000        1.0000000000000000        1.0000000000000000     
         1.0000000000000000       0.50000000000000000        0.0000000000000000     
         1.0000000000000000        0.0000000000000000       0.50000000000000000     
         1.0000000000000000       0.50000000000000000       0.50000000000000000     
         1.0000000000000000        1.0000000000000000       0.50000000000000000     
         1.0000000000000000       0.50000000000000000        1.0000000000000000     

 !NewElementMapDefinition
         814        1628
         1.0000000000000000        0.0000000000000000        0.0000000000000000     
         1.0000000000000000        1.0000000000000000        0.0000000000000000     
         1.0000000000000000        0.0000000000000000        1.0000000000000000     
         1.0000000000000000        1.0000000000000000        1.0000000000000000     
         1.0000000000000000       0.50000000000000000        0.0000000000000000     
         1.0000000000000000        0.0000000000000000       0.50000000000000000     
         1.0000000000000000       0.50000000000000000       0.50000000000000000     
         1.0000000000000000        1.0000000000000000       0.50000000000000000     
         1.0000000000000000       0.50000000000000000        1.0000000000000000     

 !NewElementMapDefinition
         815        1630
         1.0000000000000000        0.0000000000000000        0.0000000000000000     
         1.0000000000000000        1.0000000000000000        0.0000000000000000     
         1.0000000000000000        0.0000000000000000        1.0000000000000000     
         1.0000000000000000        1.0000000000000000        1.0000000000000000     
         1.0000000000000000       0.50000000000000000        0.0000000000000000     
         1.0000000000000000        0.0000000000000000       0.50000000000000000     
         1.0000000000000000       0.50000000000000000       0.50000000000000000     
         1.0000000000000000        1.0000000000000000       0.50000000000000000     
         1.0000000000000000       0.50000000000000000        1.0000000000000000     

 !NewElementMapDefinition
         816        1632
         1.0000000000000000        0.0000000000000000        0.0000000000000000     
         1.0000000000000000        1.0000000000000000        0.0000000000000000     
         1.0000000000000000        0.0000000000000000        1.0000000000000000     
         1.0000000000000000        1.0000000000000000        1.0000000000000000     
         1.0000000000000000       0.50000000000000000        0.0000000000000000     
         1.0000000000000000        0.0000000000000000       0.50000000000000000     
         1.0000000000000000       0.50000000000000000       0.50000000000000000     
         1.0000000000000000        1.0000000000000000       0.50000000000000000     
         1.0000000000000000       0.50000000000000000        1.0000000000000000     

 !NewElementMapDefinition
         817        1634
         1.0000000000000000        0.0000000000000000        0.0000000000000000     
         1.0000000000000000        1.0000000000000000        0.0000000000000000     
         1.0000000000000000        0.0000000000000000        1.0000000000000000     
         1.0000000000000000        1.0000000000000000        1.0000000000000000     
         1.0000000000000000       0.50000000000000000        0.0000000000000000     
         1.0000000000000000        0.0000000000000000       0.50000000000000000     
         1.0000000000000000       0.50000000000000000       0.50000000000000000     
         1.0000000000000000        1.0000000000000000       0.50000000000000000     
         1.0000000000000000       0.50000000000000000        1.0000000000000000     

 !NewElementMapDefinition
         818        1636
         1.0000000000000000        0.0000000000000000        0.0000000000000000     
         1.0000000000000000        1.0000000000000000        0.0000000000000000     
         1.0000000000000000        0.0000000000000000        1.0000000000000000     
         1.0000000000000000        1.0000000000000000        1.0000000000000000     
         1.0000000000000000       0.50000000000000000        0.0000000000000000     
         1.0000000000000000        0.0000000000000000       0.50000000000000000     
         1.0000000000000000       0.50000000000000000       0.50000000000000000     
         1.0000000000000000        1.0000000000000000       0.50000000000000000     
         1.0000000000000000       0.50000000000000000        1.0000000000000000     

 !NewElementMapDefinition
         819        1638
         1.0000000000000000        0.0000000000000000        0.0000000000000000     
         1.0000000000000000        1.0000000000000000        0.0000000000000000     
         1.0000000000000000        0.0000000000000000        1.0000000000000000     
         1.0000000000000000        1.0000000000000000        1.0000000000000000     
         1.0000000000000000       0.50000000000000000        0.0000000000000000     
         1.0000000000000000        0.0000000000000000       0.50000000000000000     
         1.0000000000000000       0.50000000000000000       0.50000000000000000     
         1.0000000000000000        1.0000000000000000       0.50000000000000000     
         1.0000000000000000       0.50000000000000000        1.0000000000000000     

 !NewElementMapDefinition
         820        1640
         1.0000000000000000        0.0000000000000000        0.0000000000000000     
         1.0000000000000000        1.0000000000000000        0.0000000000000000     
         1.0000000000000000        0.0000000000000000        1.0000000000000000     
         1.0000000000000000        1.0000000000000000        1.0000000000000000     
         1.0000000000000000       0.50000000000000000        0.0000000000000000     
         1.0000000000000000        0.0000000000000000       0.50000000000000000     
         1.0000000000000000       0.50000000000000000       0.50000000000000000     
         1.0000000000000000        1.0000000000000000       0.50000000000000000     
         1.0000000000000000       0.50000000000000000        1.0000000000000000     

 !NewElementMapDefinition
         821        1642
         1.0000000000000000        0.0000000000000000        0.0000000000000000     
         1.0000000000000000        1.0000000000000000        0.0000000000000000     
         1.0000000000000000        0.0000000000000000        1.0000000000000000     
         1.0000000000000000        1.0000000000000000        1.0000000000000000     
         1.0000000000000000       0.50000000000000000        0.0000000000000000     
         1.0000000000000000        0.0000000000000000       0.50000000000000000     
         1.0000000000000000       0.50000000000000000       0.50000000000000000     
         1.0000000000000000        1.0000000000000000       0.50000000000000000     
         1.0000000000000000       0.50000000000000000        1.0000000000000000     

 !NewElementMapDefinition
         822        1644
         1.0000000000000000        0.0000000000000000        0.0000000000000000     
         1.0000000000000000        1.0000000000000000        0.0000000000000000     
         1.0000000000000000        0.0000000000000000        1.0000000000000000     
         1.0000000000000000        1.0000000000000000        1.0000000000000000     
         1.0000000000000000       0.50000000000000000        0.0000000000000000     
         1.0000000000000000        0.0000000000000000       0.50000000000000000     
         1.0000000000000000       0.50000000000000000       0.50000000000000000     
         1.0000000000000000        1.0000000000000000       0.50000000000000000     
         1.0000000000000000       0.50000000000000000        1.0000000000000000     

 !NewElementMapDefinition
         823        1646
         1.0000000000000000        0.0000000000000000        0.0000000000000000     
         1.0000000000000000        1.0000000000000000        0.0000000000000000     
         1.0000000000000000        0.0000000000000000        1.0000000000000000     
         1.0000000000000000        1.0000000000000000        1.0000000000000000     
         1.0000000000000000       0.50000000000000000        0.0000000000000000     
         1.0000000000000000        0.0000000000000000       0.50000000000000000     
         1.0000000000000000       0.50000000000000000       0.50000000000000000     
         1.0000000000000000        1.0000000000000000       0.50000000000000000     
         1.0000000000000000       0.50000000000000000        1.0000000000000000     

 !NewElementMapDefinition
         824        1648
         1.0000000000000000        0.0000000000000000        0.0000000000000000     
         1.0000000000000000        1.0000000000000000        0.0000000000000000     
         1.0000000000000000        0.0000000000000000        1.0000000000000000     
         1.0000000000000000        1.0000000000000000        1.0000000000000000     
         1.0000000000000000       0.50000000000000000        0.0000000000000000     
         1.0000000000000000        0.0000000000000000       0.50000000000000000     
         1.0000000000000000       0.50000000000000000       0.50000000000000000     
         1.0000000000000000        1.0000000000000000       0.50000000000000000     
         1.0000000000000000       0.50000000000000000        1.0000000000000000     

 !NewElementMapDefinition
         825        1650
         1.0000000000000000        0.0000000000000000        0.0000000000000000     
         1.0000000000000000        1.0000000000000000        0.0000000000000000     
         1.0000000000000000        0.0000000000000000        1.0000000000000000     
         1.0000000000000000        1.0000000000000000        1.0000000000000000     
         1.0000000000000000       0.50000000000000000        0.0000000000000000     
         1.0000000000000000        0.0000000000000000       0.50000000000000000     
         1.0000000000000000       0.50000000000000000       0.50000000000000000     
         1.0000000000000000        1.0000000000000000       0.50000000000000000     
         1.0000000000000000       0.50000000000000000        1.0000000000000000     

 !NewElementMapDefinition
         826        1652
         1.0000000000000000        0.0000000000000000        0.0000000000000000     
         1.0000000000000000        1.0000000000000000        0.0000000000000000     
         1.0000000000000000        0.0000000000000000        1.0000000000000000     
         1.0000000000000000        1.0000000000000000        1.0000000000000000     
         1.0000000000000000       0.50000000000000000        0.0000000000000000     
         1.0000000000000000        0.0000000000000000       0.50000000000000000     
         1.0000000000000000       0.50000000000000000       0.50000000000000000     
         1.0000000000000000        1.0000000000000000       0.50000000000000000     
         1.0000000000000000       0.50000000000000000        1.0000000000000000     

 !NewElementMapDefinition
         827        1654
         1.0000000000000000        0.0000000000000000        0.0000000000000000     
         1.0000000000000000        1.0000000000000000        0.0000000000000000     
         1.0000000000000000        0.0000000000000000        1.0000000000000000     
         1.0000000000000000        1.0000000000000000        1.0000000000000000     
         1.0000000000000000       0.50000000000000000        0.0000000000000000     
         1.0000000000000000        0.0000000000000000       0.50000000000000000     
         1.0000000000000000       0.50000000000000000       0.50000000000000000     
         1.0000000000000000        1.0000000000000000       0.50000000000000000     
         1.0000000000000000       0.50000000000000000        1.0000000000000000     

 !NewElementMapDefinition
         828        1656
         1.0000000000000000        0.0000000000000000        0.0000000000000000     
         1.0000000000000000        1.0000000000000000        0.0000000000000000     
         1.0000000000000000        0.0000000000000000        1.0000000000000000     
         1.0000000000000000        1.0000000000000000        1.0000000000000000     
         1.0000000000000000       0.50000000000000000        0.0000000000000000     
         1.0000000000000000        0.0000000000000000       0.50000000000000000     
         1.0000000000000000       0.50000000000000000       0.50000000000000000     
         1.0000000000000000        1.0000000000000000       0.50000000000000000     
         1.0000000000000000       0.50000000000000000        1.0000000000000000     

 !NewElementMapDefinition
         829        1658
         1.0000000000000000        0.0000000000000000        0.0000000000000000     
         1.0000000000000000        1.0000000000000000        0.0000000000000000     
         1.0000000000000000        0.0000000000000000        1.0000000000000000     
         1.0000000000000000        1.0000000000000000        1.0000000000000000     
         1.0000000000000000       0.50000000000000000        0.0000000000000000     
         1.0000000000000000        0.0000000000000000       0.50000000000000000     
         1.0000000000000000       0.50000000000000000       0.50000000000000000     
         1.0000000000000000        1.0000000000000000       0.50000000000000000     
         1.0000000000000000       0.50000000000000000        1.0000000000000000     

 !NewElementMapDefinition
         830        1660
         1.0000000000000000        0.0000000000000000        0.0000000000000000     
         1.0000000000000000        1.0000000000000000        0.0000000000000000     
         1.0000000000000000        0.0000000000000000        1.0000000000000000     
         1.0000000000000000        1.0000000000000000        1.0000000000000000     
         1.0000000000000000       0.50000000000000000        0.0000000000000000     
         1.0000000000000000        0.0000000000000000       0.50000000000000000     
         1.0000000000000000       0.50000000000000000       0.50000000000000000     
         1.0000000000000000        1.0000000000000000       0.50000000000000000     
         1.0000000000000000       0.50000000000000000        1.0000000000000000     

 !NewElementMapDefinition
         831        1662
         1.0000000000000000        0.0000000000000000        0.0000000000000000     
         1.0000000000000000        1.0000000000000000        0.0000000000000000     
         1.0000000000000000        0.0000000000000000        1.0000000000000000     
         1.0000000000000000        1.0000000000000000        1.0000000000000000     
         1.0000000000000000       0.50000000000000000        0.0000000000000000     
         1.0000000000000000        0.0000000000000000       0.50000000000000000     
         1.0000000000000000       0.50000000000000000       0.50000000000000000     
         1.0000000000000000        1.0000000000000000       0.50000000000000000     
         1.0000000000000000       0.50000000000000000        1.0000000000000000     

 !NewElementMapDefinition
         832        1664
         1.0000000000000000        0.0000000000000000        0.0000000000000000     
         1.0000000000000000        1.0000000000000000        0.0000000000000000     
         1.0000000000000000        0.0000000000000000        1.0000000000000000     
         1.0000000000000000        1.0000000000000000        1.0000000000000000     
         1.0000000000000000       0.50000000000000000        0.0000000000000000     
         1.0000000000000000        0.0000000000000000       0.50000000000000000     
         1.0000000000000000       0.50000000000000000       0.50000000000000000     
         1.0000000000000000        1.0000000000000000       0.50000000000000000     
         1.0000000000000000       0.50000000000000000        1.0000000000000000     

 !NewElementMapDefinition
         833        1666
         1.0000000000000000        0.0000000000000000        0.0000000000000000     
         1.0000000000000000        1.0000000000000000        0.0000000000000000     
         1.0000000000000000        0.0000000000000000        1.0000000000000000     
         1.0000000000000000        1.0000000000000000        1.0000000000000000     
         1.0000000000000000       0.50000000000000000        0.0000000000000000     
         1.0000000000000000        0.0000000000000000       0.50000000000000000     
         1.0000000000000000       0.50000000000000000       0.50000000000000000     
         1.0000000000000000        1.0000000000000000       0.50000000000000000     
         1.0000000000000000       0.50000000000000000        1.0000000000000000     

 !NewElementMapDefinition
         834        1668
         1.0000000000000000        0.0000000000000000        0.0000000000000000     
         1.0000000000000000        1.0000000000000000        0.0000000000000000     
         1.0000000000000000        0.0000000000000000        1.0000000000000000     
         1.0000000000000000        1.0000000000000000        1.0000000000000000     
         1.0000000000000000       0.50000000000000000        0.0000000000000000     
         1.0000000000000000        0.0000000000000000       0.50000000000000000     
         1.0000000000000000       0.50000000000000000       0.50000000000000000     
         1.0000000000000000        1.0000000000000000       0.50000000000000000     
         1.0000000000000000       0.50000000000000000        1.0000000000000000     

 !NewElementMapDefinition
         835        1670
         1.0000000000000000        0.0000000000000000        0.0000000000000000     
         1.0000000000000000        1.0000000000000000        0.0000000000000000     
         1.0000000000000000        0.0000000000000000        1.0000000000000000     
         1.0000000000000000        1.0000000000000000        1.0000000000000000     
         1.0000000000000000       0.50000000000000000        0.0000000000000000     
         1.0000000000000000        0.0000000000000000       0.50000000000000000     
         1.0000000000000000       0.50000000000000000       0.50000000000000000     
         1.0000000000000000        1.0000000000000000       0.50000000000000000     
         1.0000000000000000       0.50000000000000000        1.0000000000000000     

 !NewElementMapDefinition
         836        1672
         1.0000000000000000        0.0000000000000000        0.0000000000000000     
         1.0000000000000000        1.0000000000000000        0.0000000000000000     
         1.0000000000000000        0.0000000000000000        1.0000000000000000     
         1.0000000000000000        1.0000000000000000        1.0000000000000000     
         1.0000000000000000       0.50000000000000000        0.0000000000000000     
         1.0000000000000000        0.0000000000000000       0.50000000000000000     
         1.0000000000000000       0.50000000000000000       0.50000000000000000     
         1.0000000000000000        1.0000000000000000       0.50000000000000000     
         1.0000000000000000       0.50000000000000000        1.0000000000000000     

 !NewElementMapDefinition
         837        1674
         1.0000000000000000        0.0000000000000000        0.0000000000000000     
         1.0000000000000000        1.0000000000000000        0.0000000000000000     
         1.0000000000000000        0.0000000000000000        1.0000000000000000     
         1.0000000000000000        1.0000000000000000        1.0000000000000000     
         1.0000000000000000       0.50000000000000000        0.0000000000000000     
         1.0000000000000000        0.0000000000000000       0.50000000000000000     
         1.0000000000000000       0.50000000000000000       0.50000000000000000     
         1.0000000000000000        1.0000000000000000       0.50000000000000000     
         1.0000000000000000       0.50000000000000000        1.0000000000000000     

 !NewElementMapDefinition
         838        1676
         1.0000000000000000        0.0000000000000000        0.0000000000000000     
         1.0000000000000000        1.0000000000000000        0.0000000000000000     
         1.0000000000000000        0.0000000000000000        1.0000000000000000     
         1.0000000000000000        1.0000000000000000        1.0000000000000000     
         1.0000000000000000       0.50000000000000000        0.0000000000000000     
         1.0000000000000000        0.0000000000000000       0.50000000000000000     
         1.0000000000000000       0.50000000000000000       0.50000000000000000     
         1.0000000000000000        1.0000000000000000       0.50000000000000000     
         1.0000000000000000       0.50000000000000000        1.0000000000000000     

 !NewElementMapDefinition
         839        1678
         1.0000000000000000        0.0000000000000000        0.0000000000000000     
         1.0000000000000000        1.0000000000000000        0.0000000000000000     
         1.0000000000000000        0.0000000000000000        1.0000000000000000     
         1.0000000000000000        1.0000000000000000        1.0000000000000000     
         1.0000000000000000       0.50000000000000000        0.0000000000000000     
         1.0000000000000000        0.0000000000000000       0.50000000000000000     
         1.0000000000000000       0.50000000000000000       0.50000000000000000     
         1.0000000000000000        1.0000000000000000       0.50000000000000000     
         1.0000000000000000       0.50000000000000000        1.0000000000000000     

 !NewElementMapDefinition
         840        1680
         1.0000000000000000        0.0000000000000000        0.0000000000000000     
         1.0000000000000000        1.0000000000000000        0.0000000000000000     
         1.0000000000000000        0.0000000000000000        1.0000000000000000     
         1.0000000000000000        1.0000000000000000        1.0000000000000000     
         1.0000000000000000       0.50000000000000000        0.0000000000000000     
         1.0000000000000000        0.0000000000000000       0.50000000000000000     
         1.0000000000000000       0.50000000000000000       0.50000000000000000     
         1.0000000000000000        1.0000000000000000       0.50000000000000000     
         1.0000000000000000       0.50000000000000000        1.0000000000000000     

 !NewElementMapDefinition
         841        1682
         1.0000000000000000        0.0000000000000000        0.0000000000000000     
         1.0000000000000000        1.0000000000000000        0.0000000000000000     
         1.0000000000000000        0.0000000000000000        1.0000000000000000     
         1.0000000000000000        1.0000000000000000        1.0000000000000000     
         1.0000000000000000       0.50000000000000000        0.0000000000000000     
         1.0000000000000000        0.0000000000000000       0.50000000000000000     
         1.0000000000000000       0.50000000000000000       0.50000000000000000     
         1.0000000000000000        1.0000000000000000       0.50000000000000000     
         1.0000000000000000       0.50000000000000000        1.0000000000000000     

 !NewElementMapDefinition
         842        1684
         1.0000000000000000        0.0000000000000000        0.0000000000000000     
         1.0000000000000000        1.0000000000000000        0.0000000000000000     
         1.0000000000000000        0.0000000000000000        1.0000000000000000     
         1.0000000000000000        1.0000000000000000        1.0000000000000000     
         1.0000000000000000       0.50000000000000000        0.0000000000000000     
         1.0000000000000000        0.0000000000000000       0.50000000000000000     
         1.0000000000000000       0.50000000000000000       0.50000000000000000     
         1.0000000000000000        1.0000000000000000       0.50000000000000000     
         1.0000000000000000       0.50000000000000000        1.0000000000000000     

 !NewElementMapDefinition
         843        1686
         1.0000000000000000        0.0000000000000000        0.0000000000000000     
         1.0000000000000000        1.0000000000000000        0.0000000000000000     
         1.0000000000000000        0.0000000000000000        1.0000000000000000     
         1.0000000000000000        1.0000000000000000        1.0000000000000000     
         1.0000000000000000       0.50000000000000000        0.0000000000000000     
         1.0000000000000000        0.0000000000000000       0.50000000000000000     
         1.0000000000000000       0.50000000000000000       0.50000000000000000     
         1.0000000000000000        1.0000000000000000       0.50000000000000000     
         1.0000000000000000       0.50000000000000000        1.0000000000000000     

 !NewElementMapDefinition
         844        1688
         1.0000000000000000        0.0000000000000000        0.0000000000000000     
         1.0000000000000000        1.0000000000000000        0.0000000000000000     
         1.0000000000000000        0.0000000000000000        1.0000000000000000     
         1.0000000000000000        1.0000000000000000        1.0000000000000000     
         1.0000000000000000       0.50000000000000000        0.0000000000000000     
         1.0000000000000000        0.0000000000000000       0.50000000000000000     
         1.0000000000000000       0.50000000000000000       0.50000000000000000     
         1.0000000000000000        1.0000000000000000       0.50000000000000000     
         1.0000000000000000       0.50000000000000000        1.0000000000000000     

 !NewElementMapDefinition
         845        1690
         1.0000000000000000        0.0000000000000000        0.0000000000000000     
         1.0000000000000000        1.0000000000000000        0.0000000000000000     
         1.0000000000000000        0.0000000000000000        1.0000000000000000     
         1.0000000000000000        1.0000000000000000        1.0000000000000000     
         1.0000000000000000       0.50000000000000000        0.0000000000000000     
         1.0000000000000000        0.0000000000000000       0.50000000000000000     
         1.0000000000000000       0.50000000000000000       0.50000000000000000     
         1.0000000000000000        1.0000000000000000       0.50000000000000000     
         1.0000000000000000       0.50000000000000000        1.0000000000000000     

 !NewElementMapDefinition
         846        1692
         1.0000000000000000        0.0000000000000000        0.0000000000000000     
         1.0000000000000000        1.0000000000000000        0.0000000000000000     
         1.0000000000000000        0.0000000000000000        1.0000000000000000     
         1.0000000000000000        1.0000000000000000        1.0000000000000000     
         1.0000000000000000       0.50000000000000000        0.0000000000000000     
         1.0000000000000000        0.0000000000000000       0.50000000000000000     
         1.0000000000000000       0.50000000000000000       0.50000000000000000     
         1.0000000000000000        1.0000000000000000       0.50000000000000000     
         1.0000000000000000       0.50000000000000000        1.0000000000000000     

 !NewElementMapDefinition
         847        1694
         1.0000000000000000        0.0000000000000000        0.0000000000000000     
         1.0000000000000000        1.0000000000000000        0.0000000000000000     
         1.0000000000000000        0.0000000000000000        1.0000000000000000     
         1.0000000000000000        1.0000000000000000        1.0000000000000000     
         1.0000000000000000       0.50000000000000000        0.0000000000000000     
         1.0000000000000000        0.0000000000000000       0.50000000000000000     
         1.0000000000000000       0.50000000000000000       0.50000000000000000     
         1.0000000000000000        1.0000000000000000       0.50000000000000000     
         1.0000000000000000       0.50000000000000000        1.0000000000000000     

 !NewElementMapDefinition
         848        1696
         1.0000000000000000        0.0000000000000000        0.0000000000000000     
         1.0000000000000000        1.0000000000000000        0.0000000000000000     
         1.0000000000000000        0.0000000000000000        1.0000000000000000     
         1.0000000000000000        1.0000000000000000        1.0000000000000000     
         1.0000000000000000       0.50000000000000000        0.0000000000000000     
         1.0000000000000000        0.0000000000000000       0.50000000000000000     
         1.0000000000000000       0.50000000000000000       0.50000000000000000     
         1.0000000000000000        1.0000000000000000       0.50000000000000000     
         1.0000000000000000       0.50000000000000000        1.0000000000000000     

 !NewElementMapDefinition
         849        1698
         1.0000000000000000        0.0000000000000000        0.0000000000000000     
         1.0000000000000000        1.0000000000000000        0.0000000000000000     
         1.0000000000000000        0.0000000000000000        1.0000000000000000     
         1.0000000000000000        1.0000000000000000        1.0000000000000000     
         1.0000000000000000       0.50000000000000000        0.0000000000000000     
         1.0000000000000000        0.0000000000000000       0.50000000000000000     
         1.0000000000000000       0.50000000000000000       0.50000000000000000     
         1.0000000000000000        1.0000000000000000       0.50000000000000000     
         1.0000000000000000       0.50000000000000000        1.0000000000000000     

 !NewElementMapDefinition
         850        1700
         1.0000000000000000        0.0000000000000000        0.0000000000000000     
         1.0000000000000000        1.0000000000000000        0.0000000000000000     
         1.0000000000000000        0.0000000000000000        1.0000000000000000     
         1.0000000000000000        1.0000000000000000        1.0000000000000000     
         1.0000000000000000       0.50000000000000000        0.0000000000000000     
         1.0000000000000000        0.0000000000000000       0.50000000000000000     
         1.0000000000000000       0.50000000000000000       0.50000000000000000     
         1.0000000000000000        1.0000000000000000       0.50000000000000000     
         1.0000000000000000       0.50000000000000000        1.0000000000000000     

 !NewElementMapDefinition
         851        1702
         1.0000000000000000        0.0000000000000000        0.0000000000000000     
         1.0000000000000000        1.0000000000000000        0.0000000000000000     
         1.0000000000000000        0.0000000000000000        1.0000000000000000     
         1.0000000000000000        1.0000000000000000        1.0000000000000000     
         1.0000000000000000       0.50000000000000000        0.0000000000000000     
         1.0000000000000000        0.0000000000000000       0.50000000000000000     
         1.0000000000000000       0.50000000000000000       0.50000000000000000     
         1.0000000000000000        1.0000000000000000       0.50000000000000000     
         1.0000000000000000       0.50000000000000000        1.0000000000000000     

 !NewElementMapDefinition
         852        1704
         1.0000000000000000        0.0000000000000000        0.0000000000000000     
         1.0000000000000000        1.0000000000000000        0.0000000000000000     
         1.0000000000000000        0.0000000000000000        1.0000000000000000     
         1.0000000000000000        1.0000000000000000        1.0000000000000000     
         1.0000000000000000       0.50000000000000000        0.0000000000000000     
         1.0000000000000000        0.0000000000000000       0.50000000000000000     
         1.0000000000000000       0.50000000000000000       0.50000000000000000     
         1.0000000000000000        1.0000000000000000       0.50000000000000000     
         1.0000000000000000       0.50000000000000000        1.0000000000000000     

 !NewElementMapDefinition
         853        1706
         1.0000000000000000        0.0000000000000000        0.0000000000000000     
         1.0000000000000000        1.0000000000000000        0.0000000000000000     
         1.0000000000000000        0.0000000000000000        1.0000000000000000     
         1.0000000000000000        1.0000000000000000        1.0000000000000000     
         1.0000000000000000       0.50000000000000000        0.0000000000000000     
         1.0000000000000000        0.0000000000000000       0.50000000000000000     
         1.0000000000000000       0.50000000000000000       0.50000000000000000     
         1.0000000000000000        1.0000000000000000       0.50000000000000000     
         1.0000000000000000       0.50000000000000000        1.0000000000000000     

 !NewElementMapDefinition
         854        1708
         1.0000000000000000        0.0000000000000000        0.0000000000000000     
         1.0000000000000000        1.0000000000000000        0.0000000000000000     
         1.0000000000000000        0.0000000000000000        1.0000000000000000     
         1.0000000000000000        1.0000000000000000        1.0000000000000000     
         1.0000000000000000       0.50000000000000000        0.0000000000000000     
         1.0000000000000000        0.0000000000000000       0.50000000000000000     
         1.0000000000000000       0.50000000000000000       0.50000000000000000     
         1.0000000000000000        1.0000000000000000       0.50000000000000000     
         1.0000000000000000       0.50000000000000000        1.0000000000000000     

 !NewElementMapDefinition
         855        1710
         1.0000000000000000        0.0000000000000000        0.0000000000000000     
         1.0000000000000000        1.0000000000000000        0.0000000000000000     
         1.0000000000000000        0.0000000000000000        1.0000000000000000     
         1.0000000000000000        1.0000000000000000        1.0000000000000000     
         1.0000000000000000       0.50000000000000000        0.0000000000000000     
         1.0000000000000000        0.0000000000000000       0.50000000000000000     
         1.0000000000000000       0.50000000000000000       0.50000000000000000     
         1.0000000000000000        1.0000000000000000       0.50000000000000000     
         1.0000000000000000       0.50000000000000000        1.0000000000000000     

 !NewElementMapDefinition
         856        1712
         1.0000000000000000        0.0000000000000000        0.0000000000000000     
         1.0000000000000000        1.0000000000000000        0.0000000000000000     
         1.0000000000000000        0.0000000000000000        1.0000000000000000     
         1.0000000000000000        1.0000000000000000        1.0000000000000000     
         1.0000000000000000       0.50000000000000000        0.0000000000000000     
         1.0000000000000000        0.0000000000000000       0.50000000000000000     
         1.0000000000000000       0.50000000000000000       0.50000000000000000     
         1.0000000000000000        1.0000000000000000       0.50000000000000000     
         1.0000000000000000       0.50000000000000000        1.0000000000000000     

 !NewElementMapDefinition
         857        1714
         1.0000000000000000        0.0000000000000000        0.0000000000000000     
         1.0000000000000000        1.0000000000000000        0.0000000000000000     
         1.0000000000000000        0.0000000000000000        1.0000000000000000     
         1.0000000000000000        1.0000000000000000        1.0000000000000000     
         1.0000000000000000       0.50000000000000000        0.0000000000000000     
         1.0000000000000000        0.0000000000000000       0.50000000000000000     
         1.0000000000000000       0.50000000000000000       0.50000000000000000     
         1.0000000000000000        1.0000000000000000       0.50000000000000000     
         1.0000000000000000       0.50000000000000000        1.0000000000000000     

 !NewElementMapDefinition
         858        1716
         1.0000000000000000        0.0000000000000000        0.0000000000000000     
         1.0000000000000000        1.0000000000000000        0.0000000000000000     
         1.0000000000000000        0.0000000000000000        1.0000000000000000     
         1.0000000000000000        1.0000000000000000        1.0000000000000000     
         1.0000000000000000       0.50000000000000000        0.0000000000000000     
         1.0000000000000000        0.0000000000000000       0.50000000000000000     
         1.0000000000000000       0.50000000000000000       0.50000000000000000     
         1.0000000000000000        1.0000000000000000       0.50000000000000000     
         1.0000000000000000       0.50000000000000000        1.0000000000000000     

 !NewElementMapDefinition
         859        1718
         1.0000000000000000        0.0000000000000000        0.0000000000000000     
         1.0000000000000000        1.0000000000000000        0.0000000000000000     
         1.0000000000000000        0.0000000000000000        1.0000000000000000     
         1.0000000000000000        1.0000000000000000        1.0000000000000000     
         1.0000000000000000       0.50000000000000000        0.0000000000000000     
         1.0000000000000000        0.0000000000000000       0.50000000000000000     
         1.0000000000000000       0.50000000000000000       0.50000000000000000     
         1.0000000000000000        1.0000000000000000       0.50000000000000000     
         1.0000000000000000       0.50000000000000000        1.0000000000000000     

 !NewElementMapDefinition
         860        1720
         1.0000000000000000        0.0000000000000000        0.0000000000000000     
         1.0000000000000000        1.0000000000000000        0.0000000000000000     
         1.0000000000000000        0.0000000000000000        1.0000000000000000     
         1.0000000000000000        1.0000000000000000        1.0000000000000000     
         1.0000000000000000       0.50000000000000000        0.0000000000000000     
         1.0000000000000000        0.0000000000000000       0.50000000000000000     
         1.0000000000000000       0.50000000000000000       0.50000000000000000     
         1.0000000000000000        1.0000000000000000       0.50000000000000000     
         1.0000000000000000       0.50000000000000000        1.0000000000000000     

 !NewElementMapDefinition
         861        1722
         1.0000000000000000        0.0000000000000000        0.0000000000000000     
         1.0000000000000000        1.0000000000000000        0.0000000000000000     
         1.0000000000000000        0.0000000000000000        1.0000000000000000     
         1.0000000000000000        1.0000000000000000        1.0000000000000000     
         1.0000000000000000       0.50000000000000000        0.0000000000000000     
         1.0000000000000000        0.0000000000000000       0.50000000000000000     
         1.0000000000000000       0.50000000000000000       0.50000000000000000     
         1.0000000000000000        1.0000000000000000       0.50000000000000000     
         1.0000000000000000       0.50000000000000000        1.0000000000000000     

 !NewElementMapDefinition
         862        1724
         1.0000000000000000        0.0000000000000000        0.0000000000000000     
         1.0000000000000000        1.0000000000000000        0.0000000000000000     
         1.0000000000000000        0.0000000000000000        1.0000000000000000     
         1.0000000000000000        1.0000000000000000        1.0000000000000000     
         1.0000000000000000       0.50000000000000000        0.0000000000000000     
         1.0000000000000000        0.0000000000000000       0.50000000000000000     
         1.0000000000000000       0.50000000000000000       0.50000000000000000     
         1.0000000000000000        1.0000000000000000       0.50000000000000000     
         1.0000000000000000       0.50000000000000000        1.0000000000000000     

 !NewElementMapDefinition
         863        1726
         1.0000000000000000        0.0000000000000000        0.0000000000000000     
         1.0000000000000000        1.0000000000000000        0.0000000000000000     
         1.0000000000000000        0.0000000000000000        1.0000000000000000     
         1.0000000000000000        1.0000000000000000        1.0000000000000000     
         1.0000000000000000       0.50000000000000000        0.0000000000000000     
         1.0000000000000000        0.0000000000000000       0.50000000000000000     
         1.0000000000000000       0.50000000000000000       0.50000000000000000     
         1.0000000000000000        1.0000000000000000       0.50000000000000000     
         1.0000000000000000       0.50000000000000000        1.0000000000000000     

 !NewElementMapDefinition
         864        1728
         1.0000000000000000        0.0000000000000000        0.0000000000000000     
         1.0000000000000000        1.0000000000000000        0.0000000000000000     
         1.0000000000000000        0.0000000000000000        1.0000000000000000     
         1.0000000000000000        1.0000000000000000        1.0000000000000000     
         1.0000000000000000       0.50000000000000000        0.0000000000000000     
         1.0000000000000000        0.0000000000000000       0.50000000000000000     
         1.0000000000000000       0.50000000000000000       0.50000000000000000     
         1.0000000000000000        1.0000000000000000       0.50000000000000000     
         1.0000000000000000       0.50000000000000000        1.0000000000000000     

 !NewElementMapDefinition
         865        1730
         1.0000000000000000        0.0000000000000000        0.0000000000000000     
         1.0000000000000000        1.0000000000000000        0.0000000000000000     
         1.0000000000000000        0.0000000000000000        1.0000000000000000     
         1.0000000000000000        1.0000000000000000        1.0000000000000000     
         1.0000000000000000       0.50000000000000000        0.0000000000000000     
         1.0000000000000000        0.0000000000000000       0.50000000000000000     
         1.0000000000000000       0.50000000000000000       0.50000000000000000     
         1.0000000000000000        1.0000000000000000       0.50000000000000000     
         1.0000000000000000       0.50000000000000000        1.0000000000000000     

 !NewElementMapDefinition
         866        1732
         1.0000000000000000        0.0000000000000000        0.0000000000000000     
         1.0000000000000000        1.0000000000000000        0.0000000000000000     
         1.0000000000000000        0.0000000000000000        1.0000000000000000     
         1.0000000000000000        1.0000000000000000        1.0000000000000000     
         1.0000000000000000       0.50000000000000000        0.0000000000000000     
         1.0000000000000000        0.0000000000000000       0.50000000000000000     
         1.0000000000000000       0.50000000000000000       0.50000000000000000     
         1.0000000000000000        1.0000000000000000       0.50000000000000000     
         1.0000000000000000       0.50000000000000000        1.0000000000000000     

 !NewElementMapDefinition
         867        1734
         1.0000000000000000        0.0000000000000000        0.0000000000000000     
         1.0000000000000000        1.0000000000000000        0.0000000000000000     
         1.0000000000000000        0.0000000000000000        1.0000000000000000     
         1.0000000000000000        1.0000000000000000        1.0000000000000000     
         1.0000000000000000       0.50000000000000000        0.0000000000000000     
         1.0000000000000000        0.0000000000000000       0.50000000000000000     
         1.0000000000000000       0.50000000000000000       0.50000000000000000     
         1.0000000000000000        1.0000000000000000       0.50000000000000000     
         1.0000000000000000       0.50000000000000000        1.0000000000000000     

 !NewElementMapDefinition
         868        1736
         1.0000000000000000        0.0000000000000000        0.0000000000000000     
         1.0000000000000000        1.0000000000000000        0.0000000000000000     
         1.0000000000000000        0.0000000000000000        1.0000000000000000     
         1.0000000000000000        1.0000000000000000        1.0000000000000000     
         1.0000000000000000       0.50000000000000000        0.0000000000000000     
         1.0000000000000000        0.0000000000000000       0.50000000000000000     
         1.0000000000000000       0.50000000000000000       0.50000000000000000     
         1.0000000000000000        1.0000000000000000       0.50000000000000000     
         1.0000000000000000       0.50000000000000000        1.0000000000000000     

 !NewElementMapDefinition
         869        1738
         1.0000000000000000        0.0000000000000000        0.0000000000000000     
         1.0000000000000000        1.0000000000000000        0.0000000000000000     
         1.0000000000000000        0.0000000000000000        1.0000000000000000     
         1.0000000000000000        1.0000000000000000        1.0000000000000000     
         1.0000000000000000       0.50000000000000000        0.0000000000000000     
         1.0000000000000000        0.0000000000000000       0.50000000000000000     
         1.0000000000000000       0.50000000000000000       0.50000000000000000     
         1.0000000000000000        1.0000000000000000       0.50000000000000000     
         1.0000000000000000       0.50000000000000000        1.0000000000000000     

 !NewElementMapDefinition
         870        1740
         1.0000000000000000        0.0000000000000000        0.0000000000000000     
         1.0000000000000000        1.0000000000000000        0.0000000000000000     
         1.0000000000000000        0.0000000000000000        1.0000000000000000     
         1.0000000000000000        1.0000000000000000        1.0000000000000000     
         1.0000000000000000       0.50000000000000000        0.0000000000000000     
         1.0000000000000000        0.0000000000000000       0.50000000000000000     
         1.0000000000000000       0.50000000000000000       0.50000000000000000     
         1.0000000000000000        1.0000000000000000       0.50000000000000000     
         1.0000000000000000       0.50000000000000000        1.0000000000000000     

 !NewElementMapDefinition
         871        1742
         1.0000000000000000        0.0000000000000000        0.0000000000000000     
         1.0000000000000000        1.0000000000000000        0.0000000000000000     
         1.0000000000000000        0.0000000000000000        1.0000000000000000     
         1.0000000000000000        1.0000000000000000        1.0000000000000000     
         1.0000000000000000       0.50000000000000000        0.0000000000000000     
         1.0000000000000000        0.0000000000000000       0.50000000000000000     
         1.0000000000000000       0.50000000000000000       0.50000000000000000     
         1.0000000000000000        1.0000000000000000       0.50000000000000000     
         1.0000000000000000       0.50000000000000000        1.0000000000000000     

 !NewElementMapDefinition
         872        1744
         1.0000000000000000        0.0000000000000000        0.0000000000000000     
         1.0000000000000000        1.0000000000000000        0.0000000000000000     
         1.0000000000000000        0.0000000000000000        1.0000000000000000     
         1.0000000000000000        1.0000000000000000        1.0000000000000000     
         1.0000000000000000       0.50000000000000000        0.0000000000000000     
         1.0000000000000000        0.0000000000000000       0.50000000000000000     
         1.0000000000000000       0.50000000000000000       0.50000000000000000     
         1.0000000000000000        1.0000000000000000       0.50000000000000000     
         1.0000000000000000       0.50000000000000000        1.0000000000000000     

 !NewElementMapDefinition
         873        1746
         1.0000000000000000        0.0000000000000000        0.0000000000000000     
         1.0000000000000000        1.0000000000000000        0.0000000000000000     
         1.0000000000000000        0.0000000000000000        1.0000000000000000     
         1.0000000000000000        1.0000000000000000        1.0000000000000000     
         1.0000000000000000       0.50000000000000000        0.0000000000000000     
         1.0000000000000000        0.0000000000000000       0.50000000000000000     
         1.0000000000000000       0.50000000000000000       0.50000000000000000     
         1.0000000000000000        1.0000000000000000       0.50000000000000000     
         1.0000000000000000       0.50000000000000000        1.0000000000000000     

 !NewElementMapDefinition
         874        1748
         1.0000000000000000        0.0000000000000000        0.0000000000000000     
         1.0000000000000000        1.0000000000000000        0.0000000000000000     
         1.0000000000000000        0.0000000000000000        1.0000000000000000     
         1.0000000000000000        1.0000000000000000        1.0000000000000000     
         1.0000000000000000       0.50000000000000000        0.0000000000000000     
         1.0000000000000000        0.0000000000000000       0.50000000000000000     
         1.0000000000000000       0.50000000000000000       0.50000000000000000     
         1.0000000000000000        1.0000000000000000       0.50000000000000000     
         1.0000000000000000       0.50000000000000000        1.0000000000000000     

 !NewElementMapDefinition
         875        1750
         1.0000000000000000        0.0000000000000000        0.0000000000000000     
         1.0000000000000000        1.0000000000000000        0.0000000000000000     
         1.0000000000000000        0.0000000000000000        1.0000000000000000     
         1.0000000000000000        1.0000000000000000        1.0000000000000000     
         1.0000000000000000       0.50000000000000000        0.0000000000000000     
         1.0000000000000000        0.0000000000000000       0.50000000000000000     
         1.0000000000000000       0.50000000000000000       0.50000000000000000     
         1.0000000000000000        1.0000000000000000       0.50000000000000000     
         1.0000000000000000       0.50000000000000000        1.0000000000000000     

 !NewElementMapDefinition
         876        1752
         1.0000000000000000        0.0000000000000000        0.0000000000000000     
         1.0000000000000000        1.0000000000000000        0.0000000000000000     
         1.0000000000000000        0.0000000000000000        1.0000000000000000     
         1.0000000000000000        1.0000000000000000        1.0000000000000000     
         1.0000000000000000       0.50000000000000000        0.0000000000000000     
         1.0000000000000000        0.0000000000000000       0.50000000000000000     
         1.0000000000000000       0.50000000000000000       0.50000000000000000     
         1.0000000000000000        1.0000000000000000       0.50000000000000000     
         1.0000000000000000       0.50000000000000000        1.0000000000000000     

 !NewElementMapDefinition
         877        1754
         1.0000000000000000        0.0000000000000000        0.0000000000000000     
         1.0000000000000000        1.0000000000000000        0.0000000000000000     
         1.0000000000000000        0.0000000000000000        1.0000000000000000     
         1.0000000000000000        1.0000000000000000        1.0000000000000000     
         1.0000000000000000       0.50000000000000000        0.0000000000000000     
         1.0000000000000000        0.0000000000000000       0.50000000000000000     
         1.0000000000000000       0.50000000000000000       0.50000000000000000     
         1.0000000000000000        1.0000000000000000       0.50000000000000000     
         1.0000000000000000       0.50000000000000000        1.0000000000000000     

 !NewElementMapDefinition
         878        1756
         1.0000000000000000        0.0000000000000000        0.0000000000000000     
         1.0000000000000000        1.0000000000000000        0.0000000000000000     
         1.0000000000000000        0.0000000000000000        1.0000000000000000     
         1.0000000000000000        1.0000000000000000        1.0000000000000000     
         1.0000000000000000       0.50000000000000000        0.0000000000000000     
         1.0000000000000000        0.0000000000000000       0.50000000000000000     
         1.0000000000000000       0.50000000000000000       0.50000000000000000     
         1.0000000000000000        1.0000000000000000       0.50000000000000000     
         1.0000000000000000       0.50000000000000000        1.0000000000000000     

 !NewElementMapDefinition
         879        1758
         1.0000000000000000        0.0000000000000000        0.0000000000000000     
         1.0000000000000000        1.0000000000000000        0.0000000000000000     
         1.0000000000000000        0.0000000000000000        1.0000000000000000     
         1.0000000000000000        1.0000000000000000        1.0000000000000000     
         1.0000000000000000       0.50000000000000000        0.0000000000000000     
         1.0000000000000000        0.0000000000000000       0.50000000000000000     
         1.0000000000000000       0.50000000000000000       0.50000000000000000     
         1.0000000000000000        1.0000000000000000       0.50000000000000000     
         1.0000000000000000       0.50000000000000000        1.0000000000000000     

 !NewElementMapDefinition
         880        1760
         1.0000000000000000        0.0000000000000000        0.0000000000000000     
         1.0000000000000000        1.0000000000000000        0.0000000000000000     
         1.0000000000000000        0.0000000000000000        1.0000000000000000     
         1.0000000000000000        1.0000000000000000        1.0000000000000000     
         1.0000000000000000       0.50000000000000000        0.0000000000000000     
         1.0000000000000000        0.0000000000000000       0.50000000000000000     
         1.0000000000000000       0.50000000000000000       0.50000000000000000     
         1.0000000000000000        1.0000000000000000       0.50000000000000000     
         1.0000000000000000       0.50000000000000000        1.0000000000000000     

 !NewElementMapDefinition
         881        1762
         1.0000000000000000        0.0000000000000000        0.0000000000000000     
         1.0000000000000000        1.0000000000000000        0.0000000000000000     
         1.0000000000000000        0.0000000000000000        1.0000000000000000     
         1.0000000000000000        1.0000000000000000        1.0000000000000000     
         1.0000000000000000       0.50000000000000000        0.0000000000000000     
         1.0000000000000000        0.0000000000000000       0.50000000000000000     
         1.0000000000000000       0.50000000000000000       0.50000000000000000     
         1.0000000000000000        1.0000000000000000       0.50000000000000000     
         1.0000000000000000       0.50000000000000000        1.0000000000000000     

 !NewElementMapDefinition
         882        1764
         1.0000000000000000        0.0000000000000000        0.0000000000000000     
         1.0000000000000000        1.0000000000000000        0.0000000000000000     
         1.0000000000000000        0.0000000000000000        1.0000000000000000     
         1.0000000000000000        1.0000000000000000        1.0000000000000000     
         1.0000000000000000       0.50000000000000000        0.0000000000000000     
         1.0000000000000000        0.0000000000000000       0.50000000000000000     
         1.0000000000000000       0.50000000000000000       0.50000000000000000     
         1.0000000000000000        1.0000000000000000       0.50000000000000000     
         1.0000000000000000       0.50000000000000000        1.0000000000000000     

 !NewElementMapDefinition
         883        1766
         1.0000000000000000        0.0000000000000000        0.0000000000000000     
         1.0000000000000000        1.0000000000000000        0.0000000000000000     
         1.0000000000000000        0.0000000000000000        1.0000000000000000     
         1.0000000000000000        1.0000000000000000        1.0000000000000000     
         1.0000000000000000       0.50000000000000000        0.0000000000000000     
         1.0000000000000000        0.0000000000000000       0.50000000000000000     
         1.0000000000000000       0.50000000000000000       0.50000000000000000     
         1.0000000000000000        1.0000000000000000       0.50000000000000000     
         1.0000000000000000       0.50000000000000000        1.0000000000000000     

 !NewElementMapDefinition
         884        1768
         1.0000000000000000        0.0000000000000000        0.0000000000000000     
         1.0000000000000000        1.0000000000000000        0.0000000000000000     
         1.0000000000000000        0.0000000000000000        1.0000000000000000     
         1.0000000000000000        1.0000000000000000        1.0000000000000000     
         1.0000000000000000       0.50000000000000000        0.0000000000000000     
         1.0000000000000000        0.0000000000000000       0.50000000000000000     
         1.0000000000000000       0.50000000000000000       0.50000000000000000     
         1.0000000000000000        1.0000000000000000       0.50000000000000000     
         1.0000000000000000       0.50000000000000000        1.0000000000000000     

 !NewElementMapDefinition
         885        1770
         1.0000000000000000        0.0000000000000000        0.0000000000000000     
         1.0000000000000000        1.0000000000000000        0.0000000000000000     
         1.0000000000000000        0.0000000000000000        1.0000000000000000     
         1.0000000000000000        1.0000000000000000        1.0000000000000000     
         1.0000000000000000       0.50000000000000000        0.0000000000000000     
         1.0000000000000000        0.0000000000000000       0.50000000000000000     
         1.0000000000000000       0.50000000000000000       0.50000000000000000     
         1.0000000000000000        1.0000000000000000       0.50000000000000000     
         1.0000000000000000       0.50000000000000000        1.0000000000000000     

 !NewElementMapDefinition
         886        1772
         1.0000000000000000        0.0000000000000000        0.0000000000000000     
         1.0000000000000000        1.0000000000000000        0.0000000000000000     
         1.0000000000000000        0.0000000000000000        1.0000000000000000     
         1.0000000000000000        1.0000000000000000        1.0000000000000000     
         1.0000000000000000       0.50000000000000000        0.0000000000000000     
         1.0000000000000000        0.0000000000000000       0.50000000000000000     
         1.0000000000000000       0.50000000000000000       0.50000000000000000     
         1.0000000000000000        1.0000000000000000       0.50000000000000000     
         1.0000000000000000       0.50000000000000000        1.0000000000000000     

 !NewElementMapDefinition
         887        1774
         1.0000000000000000        0.0000000000000000        0.0000000000000000     
         1.0000000000000000        1.0000000000000000        0.0000000000000000     
         1.0000000000000000        0.0000000000000000        1.0000000000000000     
         1.0000000000000000        1.0000000000000000        1.0000000000000000     
         1.0000000000000000       0.50000000000000000        0.0000000000000000     
         1.0000000000000000        0.0000000000000000       0.50000000000000000     
         1.0000000000000000       0.50000000000000000       0.50000000000000000     
         1.0000000000000000        1.0000000000000000       0.50000000000000000     
         1.0000000000000000       0.50000000000000000        1.0000000000000000     

 !NewElementMapDefinition
         888        1776
         1.0000000000000000        0.0000000000000000        0.0000000000000000     
         1.0000000000000000        1.0000000000000000        0.0000000000000000     
         1.0000000000000000        0.0000000000000000        1.0000000000000000     
         1.0000000000000000        1.0000000000000000        1.0000000000000000     
         1.0000000000000000       0.50000000000000000        0.0000000000000000     
         1.0000000000000000        0.0000000000000000       0.50000000000000000     
         1.0000000000000000       0.50000000000000000       0.50000000000000000     
         1.0000000000000000        1.0000000000000000       0.50000000000000000     
         1.0000000000000000       0.50000000000000000        1.0000000000000000     

 !NewElementMapDefinition
         889        1778
         1.0000000000000000        0.0000000000000000        0.0000000000000000     
         1.0000000000000000        1.0000000000000000        0.0000000000000000     
         1.0000000000000000        0.0000000000000000        1.0000000000000000     
         1.0000000000000000        1.0000000000000000        1.0000000000000000     
         1.0000000000000000       0.50000000000000000        0.0000000000000000     
         1.0000000000000000        0.0000000000000000       0.50000000000000000     
         1.0000000000000000       0.50000000000000000       0.50000000000000000     
         1.0000000000000000        1.0000000000000000       0.50000000000000000     
         1.0000000000000000       0.50000000000000000        1.0000000000000000     

 !NewElementMapDefinition
         890        1780
         1.0000000000000000        0.0000000000000000        0.0000000000000000     
         1.0000000000000000        1.0000000000000000        0.0000000000000000     
         1.0000000000000000        0.0000000000000000        1.0000000000000000     
         1.0000000000000000        1.0000000000000000        1.0000000000000000     
         1.0000000000000000       0.50000000000000000        0.0000000000000000     
         1.0000000000000000        0.0000000000000000       0.50000000000000000     
         1.0000000000000000       0.50000000000000000       0.50000000000000000     
         1.0000000000000000        1.0000000000000000       0.50000000000000000     
         1.0000000000000000       0.50000000000000000        1.0000000000000000     

 !NewElementMapDefinition
         891        1782
         1.0000000000000000        0.0000000000000000        0.0000000000000000     
         1.0000000000000000        1.0000000000000000        0.0000000000000000     
         1.0000000000000000        0.0000000000000000        1.0000000000000000     
         1.0000000000000000        1.0000000000000000        1.0000000000000000     
         1.0000000000000000       0.50000000000000000        0.0000000000000000     
         1.0000000000000000        0.0000000000000000       0.50000000000000000     
         1.0000000000000000       0.50000000000000000       0.50000000000000000     
         1.0000000000000000        1.0000000000000000       0.50000000000000000     
         1.0000000000000000       0.50000000000000000        1.0000000000000000     

 !NewElementMapDefinition
         892        1784
         1.0000000000000000        0.0000000000000000        0.0000000000000000     
         1.0000000000000000        1.0000000000000000        0.0000000000000000     
         1.0000000000000000        0.0000000000000000        1.0000000000000000     
         1.0000000000000000        1.0000000000000000        1.0000000000000000     
         1.0000000000000000       0.50000000000000000        0.0000000000000000     
         1.0000000000000000        0.0000000000000000       0.50000000000000000     
         1.0000000000000000       0.50000000000000000       0.50000000000000000     
         1.0000000000000000        1.0000000000000000       0.50000000000000000     
         1.0000000000000000       0.50000000000000000        1.0000000000000000     

 !NewElementMapDefinition
         893        1786
         1.0000000000000000        0.0000000000000000        0.0000000000000000     
         1.0000000000000000        1.0000000000000000        0.0000000000000000     
         1.0000000000000000        0.0000000000000000        1.0000000000000000     
         1.0000000000000000        1.0000000000000000        1.0000000000000000     
         1.0000000000000000       0.50000000000000000        0.0000000000000000     
         1.0000000000000000        0.0000000000000000       0.50000000000000000     
         1.0000000000000000       0.50000000000000000       0.50000000000000000     
         1.0000000000000000        1.0000000000000000       0.50000000000000000     
         1.0000000000000000       0.50000000000000000        1.0000000000000000     

 !NewElementMapDefinition
         894        1788
         1.0000000000000000        0.0000000000000000        0.0000000000000000     
         1.0000000000000000        1.0000000000000000        0.0000000000000000     
         1.0000000000000000        0.0000000000000000        1.0000000000000000     
         1.0000000000000000        1.0000000000000000        1.0000000000000000     
         1.0000000000000000       0.50000000000000000        0.0000000000000000     
         1.0000000000000000        0.0000000000000000       0.50000000000000000     
         1.0000000000000000       0.50000000000000000       0.50000000000000000     
         1.0000000000000000        1.0000000000000000       0.50000000000000000     
         1.0000000000000000       0.50000000000000000        1.0000000000000000     

 !NewElementMapDefinition
         895        1790
         1.0000000000000000        0.0000000000000000        0.0000000000000000     
         1.0000000000000000        1.0000000000000000        0.0000000000000000     
         1.0000000000000000        0.0000000000000000        1.0000000000000000     
         1.0000000000000000        1.0000000000000000        1.0000000000000000     
         1.0000000000000000       0.50000000000000000        0.0000000000000000     
         1.0000000000000000        0.0000000000000000       0.50000000000000000     
         1.0000000000000000       0.50000000000000000       0.50000000000000000     
         1.0000000000000000        1.0000000000000000       0.50000000000000000     
         1.0000000000000000       0.50000000000000000        1.0000000000000000     

 !NewElementMapDefinition
         896        1792
         1.0000000000000000        0.0000000000000000        0.0000000000000000     
         1.0000000000000000        1.0000000000000000        0.0000000000000000     
         1.0000000000000000        0.0000000000000000        1.0000000000000000     
         1.0000000000000000        1.0000000000000000        1.0000000000000000     
         1.0000000000000000       0.50000000000000000        0.0000000000000000     
         1.0000000000000000        0.0000000000000000       0.50000000000000000     
         1.0000000000000000       0.50000000000000000       0.50000000000000000     
         1.0000000000000000        1.0000000000000000       0.50000000000000000     
         1.0000000000000000       0.50000000000000000        1.0000000000000000     

 !NewElementMapDefinition
         897        1794
         1.0000000000000000        0.0000000000000000        0.0000000000000000     
         1.0000000000000000        1.0000000000000000        0.0000000000000000     
         1.0000000000000000        0.0000000000000000        1.0000000000000000     
         1.0000000000000000        1.0000000000000000        1.0000000000000000     
         1.0000000000000000       0.50000000000000000        0.0000000000000000     
         1.0000000000000000        0.0000000000000000       0.50000000000000000     
         1.0000000000000000       0.50000000000000000       0.50000000000000000     
         1.0000000000000000        1.0000000000000000       0.50000000000000000     
         1.0000000000000000       0.50000000000000000        1.0000000000000000     

 !NewElementMapDefinition
         898        1796
         1.0000000000000000        0.0000000000000000        0.0000000000000000     
         1.0000000000000000        1.0000000000000000        0.0000000000000000     
         1.0000000000000000        0.0000000000000000        1.0000000000000000     
         1.0000000000000000        1.0000000000000000        1.0000000000000000     
         1.0000000000000000       0.50000000000000000        0.0000000000000000     
         1.0000000000000000        0.0000000000000000       0.50000000000000000     
         1.0000000000000000       0.50000000000000000       0.50000000000000000     
         1.0000000000000000        1.0000000000000000       0.50000000000000000     
         1.0000000000000000       0.50000000000000000        1.0000000000000000     

 !NewElementMapDefinition
         899        1798
         1.0000000000000000        0.0000000000000000        0.0000000000000000     
         1.0000000000000000        1.0000000000000000        0.0000000000000000     
         1.0000000000000000        0.0000000000000000        1.0000000000000000     
         1.0000000000000000        1.0000000000000000        1.0000000000000000     
         1.0000000000000000       0.50000000000000000        0.0000000000000000     
         1.0000000000000000        0.0000000000000000       0.50000000000000000     
         1.0000000000000000       0.50000000000000000       0.50000000000000000     
         1.0000000000000000        1.0000000000000000       0.50000000000000000     
         1.0000000000000000       0.50000000000000000        1.0000000000000000     

 !NewElementMapDefinition
         900        1800
         1.0000000000000000        0.0000000000000000        0.0000000000000000     
         1.0000000000000000        1.0000000000000000        0.0000000000000000     
         1.0000000000000000        0.0000000000000000        1.0000000000000000     
         1.0000000000000000        1.0000000000000000        1.0000000000000000     
         1.0000000000000000       0.50000000000000000        0.0000000000000000     
         1.0000000000000000        0.0000000000000000       0.50000000000000000     
         1.0000000000000000       0.50000000000000000       0.50000000000000000     
         1.0000000000000000        1.0000000000000000       0.50000000000000000     
         1.0000000000000000       0.50000000000000000        1.0000000000000000     

 !NewElementMapDefinition
         901        1802
         1.0000000000000000        0.0000000000000000        0.0000000000000000     
         1.0000000000000000        1.0000000000000000        0.0000000000000000     
         1.0000000000000000        0.0000000000000000        1.0000000000000000     
         1.0000000000000000        1.0000000000000000        1.0000000000000000     
         1.0000000000000000       0.50000000000000000        0.0000000000000000     
         1.0000000000000000        0.0000000000000000       0.50000000000000000     
         1.0000000000000000       0.50000000000000000       0.50000000000000000     
         1.0000000000000000        1.0000000000000000       0.50000000000000000     
         1.0000000000000000       0.50000000000000000        1.0000000000000000     

 !NewElementMapDefinition
         902        1804
         1.0000000000000000        0.0000000000000000        0.0000000000000000     
         1.0000000000000000        1.0000000000000000        0.0000000000000000     
         1.0000000000000000        0.0000000000000000        1.0000000000000000     
         1.0000000000000000        1.0000000000000000        1.0000000000000000     
         1.0000000000000000       0.50000000000000000        0.0000000000000000     
         1.0000000000000000        0.0000000000000000       0.50000000000000000     
         1.0000000000000000       0.50000000000000000       0.50000000000000000     
         1.0000000000000000        1.0000000000000000       0.50000000000000000     
         1.0000000000000000       0.50000000000000000        1.0000000000000000     

 !NewElementMapDefinition
         903        1806
         1.0000000000000000        0.0000000000000000        0.0000000000000000     
         1.0000000000000000        1.0000000000000000        0.0000000000000000     
         1.0000000000000000        0.0000000000000000        1.0000000000000000     
         1.0000000000000000        1.0000000000000000        1.0000000000000000     
         1.0000000000000000       0.50000000000000000        0.0000000000000000     
         1.0000000000000000        0.0000000000000000       0.50000000000000000     
         1.0000000000000000       0.50000000000000000       0.50000000000000000     
         1.0000000000000000        1.0000000000000000       0.50000000000000000     
         1.0000000000000000       0.50000000000000000        1.0000000000000000     

 !NewElementMapDefinition
         904        1808
         1.0000000000000000        0.0000000000000000        0.0000000000000000     
         1.0000000000000000        1.0000000000000000        0.0000000000000000     
         1.0000000000000000        0.0000000000000000        1.0000000000000000     
         1.0000000000000000        1.0000000000000000        1.0000000000000000     
         1.0000000000000000       0.50000000000000000        0.0000000000000000     
         1.0000000000000000        0.0000000000000000       0.50000000000000000     
         1.0000000000000000       0.50000000000000000       0.50000000000000000     
         1.0000000000000000        1.0000000000000000       0.50000000000000000     
         1.0000000000000000       0.50000000000000000        1.0000000000000000     

 !NewElementMapDefinition
         905        1810
         1.0000000000000000        0.0000000000000000        0.0000000000000000     
         1.0000000000000000        1.0000000000000000        0.0000000000000000     
         1.0000000000000000        0.0000000000000000        1.0000000000000000     
         1.0000000000000000        1.0000000000000000        1.0000000000000000     
         1.0000000000000000       0.50000000000000000        0.0000000000000000     
         1.0000000000000000        0.0000000000000000       0.50000000000000000     
         1.0000000000000000       0.50000000000000000       0.50000000000000000     
         1.0000000000000000        1.0000000000000000       0.50000000000000000     
         1.0000000000000000       0.50000000000000000        1.0000000000000000     

 !NewElementMapDefinition
         906        1812
         1.0000000000000000        0.0000000000000000        0.0000000000000000     
         1.0000000000000000        1.0000000000000000        0.0000000000000000     
         1.0000000000000000        0.0000000000000000        1.0000000000000000     
         1.0000000000000000        1.0000000000000000        1.0000000000000000     
         1.0000000000000000       0.50000000000000000        0.0000000000000000     
         1.0000000000000000        0.0000000000000000       0.50000000000000000     
         1.0000000000000000       0.50000000000000000       0.50000000000000000     
         1.0000000000000000        1.0000000000000000       0.50000000000000000     
         1.0000000000000000       0.50000000000000000        1.0000000000000000     

 !NewElementMapDefinition
         907        1814
         1.0000000000000000        0.0000000000000000        0.0000000000000000     
         1.0000000000000000        1.0000000000000000        0.0000000000000000     
         1.0000000000000000        0.0000000000000000        1.0000000000000000     
         1.0000000000000000        1.0000000000000000        1.0000000000000000     
         1.0000000000000000       0.50000000000000000        0.0000000000000000     
         1.0000000000000000        0.0000000000000000       0.50000000000000000     
         1.0000000000000000       0.50000000000000000       0.50000000000000000     
         1.0000000000000000        1.0000000000000000       0.50000000000000000     
         1.0000000000000000       0.50000000000000000        1.0000000000000000     

 !NewElementMapDefinition
         908        1816
         1.0000000000000000        0.0000000000000000        0.0000000000000000     
         1.0000000000000000        1.0000000000000000        0.0000000000000000     
         1.0000000000000000        0.0000000000000000        1.0000000000000000     
         1.0000000000000000        1.0000000000000000        1.0000000000000000     
         1.0000000000000000       0.50000000000000000        0.0000000000000000     
         1.0000000000000000        0.0000000000000000       0.50000000000000000     
         1.0000000000000000       0.50000000000000000       0.50000000000000000     
         1.0000000000000000        1.0000000000000000       0.50000000000000000     
         1.0000000000000000       0.50000000000000000        1.0000000000000000     

 !NewElementMapDefinition
         909        1818
         1.0000000000000000        0.0000000000000000        0.0000000000000000     
         1.0000000000000000        1.0000000000000000        0.0000000000000000     
         1.0000000000000000        0.0000000000000000        1.0000000000000000     
         1.0000000000000000        1.0000000000000000        1.0000000000000000     
         1.0000000000000000       0.50000000000000000        0.0000000000000000     
         1.0000000000000000        0.0000000000000000       0.50000000000000000     
         1.0000000000000000       0.50000000000000000       0.50000000000000000     
         1.0000000000000000        1.0000000000000000       0.50000000000000000     
         1.0000000000000000       0.50000000000000000        1.0000000000000000     

 !NewElementMapDefinition
         910        1820
         1.0000000000000000        0.0000000000000000        0.0000000000000000     
         1.0000000000000000        1.0000000000000000        0.0000000000000000     
         1.0000000000000000        0.0000000000000000        1.0000000000000000     
         1.0000000000000000        1.0000000000000000        1.0000000000000000     
         1.0000000000000000       0.50000000000000000        0.0000000000000000     
         1.0000000000000000        0.0000000000000000       0.50000000000000000     
         1.0000000000000000       0.50000000000000000       0.50000000000000000     
         1.0000000000000000        1.0000000000000000       0.50000000000000000     
         1.0000000000000000       0.50000000000000000        1.0000000000000000     

 !NewElementMapDefinition
         911        1822
         1.0000000000000000        0.0000000000000000        0.0000000000000000     
         1.0000000000000000        1.0000000000000000        0.0000000000000000     
         1.0000000000000000        0.0000000000000000        1.0000000000000000     
         1.0000000000000000        1.0000000000000000        1.0000000000000000     
         1.0000000000000000       0.50000000000000000        0.0000000000000000     
         1.0000000000000000        0.0000000000000000       0.50000000000000000     
         1.0000000000000000       0.50000000000000000       0.50000000000000000     
         1.0000000000000000        1.0000000000000000       0.50000000000000000     
         1.0000000000000000       0.50000000000000000        1.0000000000000000     

 !NewElementMapDefinition
         912        1824
         1.0000000000000000        0.0000000000000000        0.0000000000000000     
         1.0000000000000000        1.0000000000000000        0.0000000000000000     
         1.0000000000000000        0.0000000000000000        1.0000000000000000     
         1.0000000000000000        1.0000000000000000        1.0000000000000000     
         1.0000000000000000       0.50000000000000000        0.0000000000000000     
         1.0000000000000000        0.0000000000000000       0.50000000000000000     
         1.0000000000000000       0.50000000000000000       0.50000000000000000     
         1.0000000000000000        1.0000000000000000       0.50000000000000000     
         1.0000000000000000       0.50000000000000000        1.0000000000000000     

 !NewElementMapDefinition
         913        1826
         1.0000000000000000        0.0000000000000000        0.0000000000000000     
         1.0000000000000000        1.0000000000000000        0.0000000000000000     
         1.0000000000000000        0.0000000000000000        1.0000000000000000     
         1.0000000000000000        1.0000000000000000        1.0000000000000000     
         1.0000000000000000       0.50000000000000000        0.0000000000000000     
         1.0000000000000000        0.0000000000000000       0.50000000000000000     
         1.0000000000000000       0.50000000000000000       0.50000000000000000     
         1.0000000000000000        1.0000000000000000       0.50000000000000000     
         1.0000000000000000       0.50000000000000000        1.0000000000000000     

 !NewElementMapDefinition
         914        1828
         1.0000000000000000        0.0000000000000000        0.0000000000000000     
         1.0000000000000000        1.0000000000000000        0.0000000000000000     
         1.0000000000000000        0.0000000000000000        1.0000000000000000     
         1.0000000000000000        1.0000000000000000        1.0000000000000000     
         1.0000000000000000       0.50000000000000000        0.0000000000000000     
         1.0000000000000000        0.0000000000000000       0.50000000000000000     
         1.0000000000000000       0.50000000000000000       0.50000000000000000     
         1.0000000000000000        1.0000000000000000       0.50000000000000000     
         1.0000000000000000       0.50000000000000000        1.0000000000000000     

 !NewElementMapDefinition
         915        1830
         1.0000000000000000        0.0000000000000000        0.0000000000000000     
         1.0000000000000000        1.0000000000000000        0.0000000000000000     
         1.0000000000000000        0.0000000000000000        1.0000000000000000     
         1.0000000000000000        1.0000000000000000        1.0000000000000000     
         1.0000000000000000       0.50000000000000000        0.0000000000000000     
         1.0000000000000000        0.0000000000000000       0.50000000000000000     
         1.0000000000000000       0.50000000000000000       0.50000000000000000     
         1.0000000000000000        1.0000000000000000       0.50000000000000000     
         1.0000000000000000       0.50000000000000000        1.0000000000000000     

 !NewElementMapDefinition
         916        1832
         1.0000000000000000        0.0000000000000000        0.0000000000000000     
         1.0000000000000000        1.0000000000000000        0.0000000000000000     
         1.0000000000000000        0.0000000000000000        1.0000000000000000     
         1.0000000000000000        1.0000000000000000        1.0000000000000000     
         1.0000000000000000       0.50000000000000000        0.0000000000000000     
         1.0000000000000000        0.0000000000000000       0.50000000000000000     
         1.0000000000000000       0.50000000000000000       0.50000000000000000     
         1.0000000000000000        1.0000000000000000       0.50000000000000000     
         1.0000000000000000       0.50000000000000000        1.0000000000000000     

 !NewElementMapDefinition
         917        1834
         1.0000000000000000        0.0000000000000000        0.0000000000000000     
         1.0000000000000000        1.0000000000000000        0.0000000000000000     
         1.0000000000000000        0.0000000000000000        1.0000000000000000     
         1.0000000000000000        1.0000000000000000        1.0000000000000000     
         1.0000000000000000       0.50000000000000000        0.0000000000000000     
         1.0000000000000000        0.0000000000000000       0.50000000000000000     
         1.0000000000000000       0.50000000000000000       0.50000000000000000     
         1.0000000000000000        1.0000000000000000       0.50000000000000000     
         1.0000000000000000       0.50000000000000000        1.0000000000000000     

 !NewElementMapDefinition
         918        1836
         1.0000000000000000        0.0000000000000000        0.0000000000000000     
         1.0000000000000000        1.0000000000000000        0.0000000000000000     
         1.0000000000000000        0.0000000000000000        1.0000000000000000     
         1.0000000000000000        1.0000000000000000        1.0000000000000000     
         1.0000000000000000       0.50000000000000000        0.0000000000000000     
         1.0000000000000000        0.0000000000000000       0.50000000000000000     
         1.0000000000000000       0.50000000000000000       0.50000000000000000     
         1.0000000000000000        1.0000000000000000       0.50000000000000000     
         1.0000000000000000       0.50000000000000000        1.0000000000000000     

 !NewElementMapDefinition
         919        1838
         1.0000000000000000        0.0000000000000000        0.0000000000000000     
         1.0000000000000000        1.0000000000000000        0.0000000000000000     
         1.0000000000000000        0.0000000000000000        1.0000000000000000     
         1.0000000000000000        1.0000000000000000        1.0000000000000000     
         1.0000000000000000       0.50000000000000000        0.0000000000000000     
         1.0000000000000000        0.0000000000000000       0.50000000000000000     
         1.0000000000000000       0.50000000000000000       0.50000000000000000     
         1.0000000000000000        1.0000000000000000       0.50000000000000000     
         1.0000000000000000       0.50000000000000000        1.0000000000000000     

 !NewElementMapDefinition
         920        1840
         1.0000000000000000        0.0000000000000000        0.0000000000000000     
         1.0000000000000000        1.0000000000000000        0.0000000000000000     
         1.0000000000000000        0.0000000000000000        1.0000000000000000     
         1.0000000000000000        1.0000000000000000        1.0000000000000000     
         1.0000000000000000       0.50000000000000000        0.0000000000000000     
         1.0000000000000000        0.0000000000000000       0.50000000000000000     
         1.0000000000000000       0.50000000000000000       0.50000000000000000     
         1.0000000000000000        1.0000000000000000       0.50000000000000000     
         1.0000000000000000       0.50000000000000000        1.0000000000000000     

 !NewElementMapDefinition
         921        1842
         1.0000000000000000        0.0000000000000000        0.0000000000000000     
         1.0000000000000000        1.0000000000000000        0.0000000000000000     
         1.0000000000000000        0.0000000000000000        1.0000000000000000     
         1.0000000000000000        1.0000000000000000        1.0000000000000000     
         1.0000000000000000       0.50000000000000000        0.0000000000000000     
         1.0000000000000000        0.0000000000000000       0.50000000000000000     
         1.0000000000000000       0.50000000000000000       0.50000000000000000     
         1.0000000000000000        1.0000000000000000       0.50000000000000000     
         1.0000000000000000       0.50000000000000000        1.0000000000000000     

 !NewElementMapDefinition
         922        1844
         1.0000000000000000        0.0000000000000000        0.0000000000000000     
         1.0000000000000000        1.0000000000000000        0.0000000000000000     
         1.0000000000000000        0.0000000000000000        1.0000000000000000     
         1.0000000000000000        1.0000000000000000        1.0000000000000000     
         1.0000000000000000       0.50000000000000000        0.0000000000000000     
         1.0000000000000000        0.0000000000000000       0.50000000000000000     
         1.0000000000000000       0.50000000000000000       0.50000000000000000     
         1.0000000000000000        1.0000000000000000       0.50000000000000000     
         1.0000000000000000       0.50000000000000000        1.0000000000000000     

 !NewElementMapDefinition
         923        1846
         1.0000000000000000        0.0000000000000000        0.0000000000000000     
         1.0000000000000000        1.0000000000000000        0.0000000000000000     
         1.0000000000000000        0.0000000000000000        1.0000000000000000     
         1.0000000000000000        1.0000000000000000        1.0000000000000000     
         1.0000000000000000       0.50000000000000000        0.0000000000000000     
         1.0000000000000000        0.0000000000000000       0.50000000000000000     
         1.0000000000000000       0.50000000000000000       0.50000000000000000     
         1.0000000000000000        1.0000000000000000       0.50000000000000000     
         1.0000000000000000       0.50000000000000000        1.0000000000000000     

 !NewElementMapDefinition
         924        1848
         1.0000000000000000        0.0000000000000000        0.0000000000000000     
         1.0000000000000000        1.0000000000000000        0.0000000000000000     
         1.0000000000000000        0.0000000000000000        1.0000000000000000     
         1.0000000000000000        1.0000000000000000        1.0000000000000000     
         1.0000000000000000       0.50000000000000000        0.0000000000000000     
         1.0000000000000000        0.0000000000000000       0.50000000000000000     
         1.0000000000000000       0.50000000000000000       0.50000000000000000     
         1.0000000000000000        1.0000000000000000       0.50000000000000000     
         1.0000000000000000       0.50000000000000000        1.0000000000000000     

 !NewElementMapDefinition
         925        1850
         1.0000000000000000        0.0000000000000000        0.0000000000000000     
         1.0000000000000000        1.0000000000000000        0.0000000000000000     
         1.0000000000000000        0.0000000000000000        1.0000000000000000     
         1.0000000000000000        1.0000000000000000        1.0000000000000000     
         1.0000000000000000       0.50000000000000000        0.0000000000000000     
         1.0000000000000000        0.0000000000000000       0.50000000000000000     
         1.0000000000000000       0.50000000000000000       0.50000000000000000     
         1.0000000000000000        1.0000000000000000       0.50000000000000000     
         1.0000000000000000       0.50000000000000000        1.0000000000000000     

 !NewElementMapDefinition
         926        1852
         1.0000000000000000        0.0000000000000000        0.0000000000000000     
         1.0000000000000000        1.0000000000000000        0.0000000000000000     
         1.0000000000000000        0.0000000000000000        1.0000000000000000     
         1.0000000000000000        1.0000000000000000        1.0000000000000000     
         1.0000000000000000       0.50000000000000000        0.0000000000000000     
         1.0000000000000000        0.0000000000000000       0.50000000000000000     
         1.0000000000000000       0.50000000000000000       0.50000000000000000     
         1.0000000000000000        1.0000000000000000       0.50000000000000000     
         1.0000000000000000       0.50000000000000000        1.0000000000000000     

 !NewElementMapDefinition
         927        1854
         1.0000000000000000        0.0000000000000000        0.0000000000000000     
         1.0000000000000000        1.0000000000000000        0.0000000000000000     
         1.0000000000000000        0.0000000000000000        1.0000000000000000     
         1.0000000000000000        1.0000000000000000        1.0000000000000000     
         1.0000000000000000       0.50000000000000000        0.0000000000000000     
         1.0000000000000000        0.0000000000000000       0.50000000000000000     
         1.0000000000000000       0.50000000000000000       0.50000000000000000     
         1.0000000000000000        1.0000000000000000       0.50000000000000000     
         1.0000000000000000       0.50000000000000000        1.0000000000000000     

 !NewElementMapDefinition
         928        1856
         1.0000000000000000        0.0000000000000000        0.0000000000000000     
         1.0000000000000000        1.0000000000000000        0.0000000000000000     
         1.0000000000000000        0.0000000000000000        1.0000000000000000     
         1.0000000000000000        1.0000000000000000        1.0000000000000000     
         1.0000000000000000       0.50000000000000000        0.0000000000000000     
         1.0000000000000000        0.0000000000000000       0.50000000000000000     
         1.0000000000000000       0.50000000000000000       0.50000000000000000     
         1.0000000000000000        1.0000000000000000       0.50000000000000000     
         1.0000000000000000       0.50000000000000000        1.0000000000000000     

 !NewElementMapDefinition
         929        1858
         1.0000000000000000        0.0000000000000000        0.0000000000000000     
         1.0000000000000000        1.0000000000000000        0.0000000000000000     
         1.0000000000000000        0.0000000000000000        1.0000000000000000     
         1.0000000000000000        1.0000000000000000        1.0000000000000000     
         1.0000000000000000       0.50000000000000000        0.0000000000000000     
         1.0000000000000000        0.0000000000000000       0.50000000000000000     
         1.0000000000000000       0.50000000000000000       0.50000000000000000     
         1.0000000000000000        1.0000000000000000       0.50000000000000000     
         1.0000000000000000       0.50000000000000000        1.0000000000000000     

 !NewElementMapDefinition
         930        1860
         1.0000000000000000        0.0000000000000000        0.0000000000000000     
         1.0000000000000000        1.0000000000000000        0.0000000000000000     
         1.0000000000000000        0.0000000000000000        1.0000000000000000     
         1.0000000000000000        1.0000000000000000        1.0000000000000000     
         1.0000000000000000       0.50000000000000000        0.0000000000000000     
         1.0000000000000000        0.0000000000000000       0.50000000000000000     
         1.0000000000000000       0.50000000000000000       0.50000000000000000     
         1.0000000000000000        1.0000000000000000       0.50000000000000000     
         1.0000000000000000       0.50000000000000000        1.0000000000000000     

 !NewElementMapDefinition
         931        1862
         1.0000000000000000        0.0000000000000000        0.0000000000000000     
         1.0000000000000000        1.0000000000000000        0.0000000000000000     
         1.0000000000000000        0.0000000000000000        1.0000000000000000     
         1.0000000000000000        1.0000000000000000        1.0000000000000000     
         1.0000000000000000       0.50000000000000000        0.0000000000000000     
         1.0000000000000000        0.0000000000000000       0.50000000000000000     
         1.0000000000000000       0.50000000000000000       0.50000000000000000     
         1.0000000000000000        1.0000000000000000       0.50000000000000000     
         1.0000000000000000       0.50000000000000000        1.0000000000000000     

 !NewElementMapDefinition
         932        1864
         1.0000000000000000        0.0000000000000000        0.0000000000000000     
         1.0000000000000000        1.0000000000000000        0.0000000000000000     
         1.0000000000000000        0.0000000000000000        1.0000000000000000     
         1.0000000000000000        1.0000000000000000        1.0000000000000000     
         1.0000000000000000       0.50000000000000000        0.0000000000000000     
         1.0000000000000000        0.0000000000000000       0.50000000000000000     
         1.0000000000000000       0.50000000000000000       0.50000000000000000     
         1.0000000000000000        1.0000000000000000       0.50000000000000000     
         1.0000000000000000       0.50000000000000000        1.0000000000000000     

 !NewElementMapDefinition
         933        1866
         1.0000000000000000        0.0000000000000000        0.0000000000000000     
         1.0000000000000000        1.0000000000000000        0.0000000000000000     
         1.0000000000000000        0.0000000000000000        1.0000000000000000     
         1.0000000000000000        1.0000000000000000        1.0000000000000000     
         1.0000000000000000       0.50000000000000000        0.0000000000000000     
         1.0000000000000000        0.0000000000000000       0.50000000000000000     
         1.0000000000000000       0.50000000000000000       0.50000000000000000     
         1.0000000000000000        1.0000000000000000       0.50000000000000000     
         1.0000000000000000       0.50000000000000000        1.0000000000000000     

 !NewElementMapDefinition
         934        1868
         1.0000000000000000        0.0000000000000000        0.0000000000000000     
         1.0000000000000000        1.0000000000000000        0.0000000000000000     
         1.0000000000000000        0.0000000000000000        1.0000000000000000     
         1.0000000000000000        1.0000000000000000        1.0000000000000000     
         1.0000000000000000       0.50000000000000000        0.0000000000000000     
         1.0000000000000000        0.0000000000000000       0.50000000000000000     
         1.0000000000000000       0.50000000000000000       0.50000000000000000     
         1.0000000000000000        1.0000000000000000       0.50000000000000000     
         1.0000000000000000       0.50000000000000000        1.0000000000000000     

 !NewElementMapDefinition
         935        1870
         1.0000000000000000        0.0000000000000000        0.0000000000000000     
         1.0000000000000000        1.0000000000000000        0.0000000000000000     
         1.0000000000000000        0.0000000000000000        1.0000000000000000     
         1.0000000000000000        1.0000000000000000        1.0000000000000000     
         1.0000000000000000       0.50000000000000000        0.0000000000000000     
         1.0000000000000000        0.0000000000000000       0.50000000000000000     
         1.0000000000000000       0.50000000000000000       0.50000000000000000     
         1.0000000000000000        1.0000000000000000       0.50000000000000000     
         1.0000000000000000       0.50000000000000000        1.0000000000000000     

 !NewElementMapDefinition
         936        1872
         1.0000000000000000        0.0000000000000000        0.0000000000000000     
         1.0000000000000000        1.0000000000000000        0.0000000000000000     
         1.0000000000000000        0.0000000000000000        1.0000000000000000     
         1.0000000000000000        1.0000000000000000        1.0000000000000000     
         1.0000000000000000       0.50000000000000000        0.0000000000000000     
         1.0000000000000000        0.0000000000000000       0.50000000000000000     
         1.0000000000000000       0.50000000000000000       0.50000000000000000     
         1.0000000000000000        1.0000000000000000       0.50000000000000000     
         1.0000000000000000       0.50000000000000000        1.0000000000000000     

 !NewElementMapDefinition
         937        1874
         1.0000000000000000        0.0000000000000000        0.0000000000000000     
         1.0000000000000000        1.0000000000000000        0.0000000000000000     
         1.0000000000000000        0.0000000000000000        1.0000000000000000     
         1.0000000000000000        1.0000000000000000        1.0000000000000000     
         1.0000000000000000       0.50000000000000000        0.0000000000000000     
         1.0000000000000000        0.0000000000000000       0.50000000000000000     
         1.0000000000000000       0.50000000000000000       0.50000000000000000     
         1.0000000000000000        1.0000000000000000       0.50000000000000000     
         1.0000000000000000       0.50000000000000000        1.0000000000000000     

 !NewElementMapDefinition
         938        1876
         1.0000000000000000        0.0000000000000000        0.0000000000000000     
         1.0000000000000000        1.0000000000000000        0.0000000000000000     
         1.0000000000000000        0.0000000000000000        1.0000000000000000     
         1.0000000000000000        1.0000000000000000        1.0000000000000000     
         1.0000000000000000       0.50000000000000000        0.0000000000000000     
         1.0000000000000000        0.0000000000000000       0.50000000000000000     
         1.0000000000000000       0.50000000000000000       0.50000000000000000     
         1.0000000000000000        1.0000000000000000       0.50000000000000000     
         1.0000000000000000       0.50000000000000000        1.0000000000000000     

 !NewElementMapDefinition
         939        1878
         1.0000000000000000        0.0000000000000000        0.0000000000000000     
         1.0000000000000000        1.0000000000000000        0.0000000000000000     
         1.0000000000000000        0.0000000000000000        1.0000000000000000     
         1.0000000000000000        1.0000000000000000        1.0000000000000000     
         1.0000000000000000       0.50000000000000000        0.0000000000000000     
         1.0000000000000000        0.0000000000000000       0.50000000000000000     
         1.0000000000000000       0.50000000000000000       0.50000000000000000     
         1.0000000000000000        1.0000000000000000       0.50000000000000000     
         1.0000000000000000       0.50000000000000000        1.0000000000000000     

 !NewElementMapDefinition
         940        1880
         1.0000000000000000        0.0000000000000000        0.0000000000000000     
         1.0000000000000000        1.0000000000000000        0.0000000000000000     
         1.0000000000000000        0.0000000000000000        1.0000000000000000     
         1.0000000000000000        1.0000000000000000        1.0000000000000000     
         1.0000000000000000       0.50000000000000000        0.0000000000000000     
         1.0000000000000000        0.0000000000000000       0.50000000000000000     
         1.0000000000000000       0.50000000000000000       0.50000000000000000     
         1.0000000000000000        1.0000000000000000       0.50000000000000000     
         1.0000000000000000       0.50000000000000000        1.0000000000000000     

 !NewElementMapDefinition
         941        1882
         1.0000000000000000        0.0000000000000000        0.0000000000000000     
         1.0000000000000000        1.0000000000000000        0.0000000000000000     
         1.0000000000000000        0.0000000000000000        1.0000000000000000     
         1.0000000000000000        1.0000000000000000        1.0000000000000000     
         1.0000000000000000       0.50000000000000000        0.0000000000000000     
         1.0000000000000000        0.0000000000000000       0.50000000000000000     
         1.0000000000000000       0.50000000000000000       0.50000000000000000     
         1.0000000000000000        1.0000000000000000       0.50000000000000000     
         1.0000000000000000       0.50000000000000000        1.0000000000000000     

 !NewElementMapDefinition
         942        1884
         1.0000000000000000        0.0000000000000000        0.0000000000000000     
         1.0000000000000000        1.0000000000000000        0.0000000000000000     
         1.0000000000000000        0.0000000000000000        1.0000000000000000     
         1.0000000000000000        1.0000000000000000        1.0000000000000000     
         1.0000000000000000       0.50000000000000000        0.0000000000000000     
         1.0000000000000000        0.0000000000000000       0.50000000000000000     
         1.0000000000000000       0.50000000000000000       0.50000000000000000     
         1.0000000000000000        1.0000000000000000       0.50000000000000000     
         1.0000000000000000       0.50000000000000000        1.0000000000000000     

 !NewElementMapDefinition
         943        1886
         1.0000000000000000        0.0000000000000000        0.0000000000000000     
         1.0000000000000000        1.0000000000000000        0.0000000000000000     
         1.0000000000000000        0.0000000000000000        1.0000000000000000     
         1.0000000000000000        1.0000000000000000        1.0000000000000000     
         1.0000000000000000       0.50000000000000000        0.0000000000000000     
         1.0000000000000000        0.0000000000000000       0.50000000000000000     
         1.0000000000000000       0.50000000000000000       0.50000000000000000     
         1.0000000000000000        1.0000000000000000       0.50000000000000000     
         1.0000000000000000       0.50000000000000000        1.0000000000000000     

 !NewElementMapDefinition
         944        1888
         1.0000000000000000        0.0000000000000000        0.0000000000000000     
         1.0000000000000000        1.0000000000000000        0.0000000000000000     
         1.0000000000000000        0.0000000000000000        1.0000000000000000     
         1.0000000000000000        1.0000000000000000        1.0000000000000000     
         1.0000000000000000       0.50000000000000000        0.0000000000000000     
         1.0000000000000000        0.0000000000000000       0.50000000000000000     
         1.0000000000000000       0.50000000000000000       0.50000000000000000     
         1.0000000000000000        1.0000000000000000       0.50000000000000000     
         1.0000000000000000       0.50000000000000000        1.0000000000000000     

 !NewElementMapDefinition
         945        1890
         1.0000000000000000        0.0000000000000000        0.0000000000000000     
         1.0000000000000000        1.0000000000000000        0.0000000000000000     
         1.0000000000000000        0.0000000000000000        1.0000000000000000     
         1.0000000000000000        1.0000000000000000        1.0000000000000000     
         1.0000000000000000       0.50000000000000000        0.0000000000000000     
         1.0000000000000000        0.0000000000000000       0.50000000000000000     
         1.0000000000000000       0.50000000000000000       0.50000000000000000     
         1.0000000000000000        1.0000000000000000       0.50000000000000000     
         1.0000000000000000       0.50000000000000000        1.0000000000000000     

 !NewElementMapDefinition
         946        1892
         1.0000000000000000        0.0000000000000000        0.0000000000000000     
         1.0000000000000000        1.0000000000000000        0.0000000000000000     
         1.0000000000000000        0.0000000000000000        1.0000000000000000     
         1.0000000000000000        1.0000000000000000        1.0000000000000000     
         1.0000000000000000       0.50000000000000000        0.0000000000000000     
         1.0000000000000000        0.0000000000000000       0.50000000000000000     
         1.0000000000000000       0.50000000000000000       0.50000000000000000     
         1.0000000000000000        1.0000000000000000       0.50000000000000000     
         1.0000000000000000       0.50000000000000000        1.0000000000000000     

 !NewElementMapDefinition
         947        1894
         1.0000000000000000        0.0000000000000000        0.0000000000000000     
         1.0000000000000000        1.0000000000000000        0.0000000000000000     
         1.0000000000000000        0.0000000000000000        1.0000000000000000     
         1.0000000000000000        1.0000000000000000        1.0000000000000000     
         1.0000000000000000       0.50000000000000000        0.0000000000000000     
         1.0000000000000000        0.0000000000000000       0.50000000000000000     
         1.0000000000000000       0.50000000000000000       0.50000000000000000     
         1.0000000000000000        1.0000000000000000       0.50000000000000000     
         1.0000000000000000       0.50000000000000000        1.0000000000000000     

 !NewElementMapDefinition
         948        1896
         1.0000000000000000        0.0000000000000000        0.0000000000000000     
         1.0000000000000000        1.0000000000000000        0.0000000000000000     
         1.0000000000000000        0.0000000000000000        1.0000000000000000     
         1.0000000000000000        1.0000000000000000        1.0000000000000000     
         1.0000000000000000       0.50000000000000000        0.0000000000000000     
         1.0000000000000000        0.0000000000000000       0.50000000000000000     
         1.0000000000000000       0.50000000000000000       0.50000000000000000     
         1.0000000000000000        1.0000000000000000       0.50000000000000000     
         1.0000000000000000       0.50000000000000000        1.0000000000000000     

 !NewElementMapDefinition
         949        1898
         1.0000000000000000        0.0000000000000000        0.0000000000000000     
         1.0000000000000000        1.0000000000000000        0.0000000000000000     
         1.0000000000000000        0.0000000000000000        1.0000000000000000     
         1.0000000000000000        1.0000000000000000        1.0000000000000000     
         1.0000000000000000       0.50000000000000000        0.0000000000000000     
         1.0000000000000000        0.0000000000000000       0.50000000000000000     
         1.0000000000000000       0.50000000000000000       0.50000000000000000     
         1.0000000000000000        1.0000000000000000       0.50000000000000000     
         1.0000000000000000       0.50000000000000000        1.0000000000000000     

 !NewElementMapDefinition
         950        1900
         1.0000000000000000        0.0000000000000000        0.0000000000000000     
         1.0000000000000000        1.0000000000000000        0.0000000000000000     
         1.0000000000000000        0.0000000000000000        1.0000000000000000     
         1.0000000000000000        1.0000000000000000        1.0000000000000000     
         1.0000000000000000       0.50000000000000000        0.0000000000000000     
         1.0000000000000000        0.0000000000000000       0.50000000000000000     
         1.0000000000000000       0.50000000000000000       0.50000000000000000     
         1.0000000000000000        1.0000000000000000       0.50000000000000000     
         1.0000000000000000       0.50000000000000000        1.0000000000000000     

 !NewElementMapDefinition
         951        1902
         1.0000000000000000        0.0000000000000000        0.0000000000000000     
         1.0000000000000000        1.0000000000000000        0.0000000000000000     
         1.0000000000000000        0.0000000000000000        1.0000000000000000     
         1.0000000000000000        1.0000000000000000        1.0000000000000000     
         1.0000000000000000       0.50000000000000000        0.0000000000000000     
         1.0000000000000000        0.0000000000000000       0.50000000000000000     
         1.0000000000000000       0.50000000000000000       0.50000000000000000     
         1.0000000000000000        1.0000000000000000       0.50000000000000000     
         1.0000000000000000       0.50000000000000000        1.0000000000000000     

 !NewElementMapDefinition
         952        1904
         1.0000000000000000        0.0000000000000000        0.0000000000000000     
         1.0000000000000000        1.0000000000000000        0.0000000000000000     
         1.0000000000000000        0.0000000000000000        1.0000000000000000     
         1.0000000000000000        1.0000000000000000        1.0000000000000000     
         1.0000000000000000       0.50000000000000000        0.0000000000000000     
         1.0000000000000000        0.0000000000000000       0.50000000000000000     
         1.0000000000000000       0.50000000000000000       0.50000000000000000     
         1.0000000000000000        1.0000000000000000       0.50000000000000000     
         1.0000000000000000       0.50000000000000000        1.0000000000000000     

 !NewElementMapDefinition
         953        1906
         1.0000000000000000        0.0000000000000000        0.0000000000000000     
         1.0000000000000000        1.0000000000000000        0.0000000000000000     
         1.0000000000000000        0.0000000000000000        1.0000000000000000     
         1.0000000000000000        1.0000000000000000        1.0000000000000000     
         1.0000000000000000       0.50000000000000000        0.0000000000000000     
         1.0000000000000000        0.0000000000000000       0.50000000000000000     
         1.0000000000000000       0.50000000000000000       0.50000000000000000     
         1.0000000000000000        1.0000000000000000       0.50000000000000000     
         1.0000000000000000       0.50000000000000000        1.0000000000000000     

 !NewElementMapDefinition
         954        1908
         1.0000000000000000        0.0000000000000000        0.0000000000000000     
         1.0000000000000000        1.0000000000000000        0.0000000000000000     
         1.0000000000000000        0.0000000000000000        1.0000000000000000     
         1.0000000000000000        1.0000000000000000        1.0000000000000000     
         1.0000000000000000       0.50000000000000000        0.0000000000000000     
         1.0000000000000000        0.0000000000000000       0.50000000000000000     
         1.0000000000000000       0.50000000000000000       0.50000000000000000     
         1.0000000000000000        1.0000000000000000       0.50000000000000000     
         1.0000000000000000       0.50000000000000000        1.0000000000000000     

 !NewElementMapDefinition
         955        1910
         1.0000000000000000        0.0000000000000000        0.0000000000000000     
         1.0000000000000000        1.0000000000000000        0.0000000000000000     
         1.0000000000000000        0.0000000000000000        1.0000000000000000     
         1.0000000000000000        1.0000000000000000        1.0000000000000000     
         1.0000000000000000       0.50000000000000000        0.0000000000000000     
         1.0000000000000000        0.0000000000000000       0.50000000000000000     
         1.0000000000000000       0.50000000000000000       0.50000000000000000     
         1.0000000000000000        1.0000000000000000       0.50000000000000000     
         1.0000000000000000       0.50000000000000000        1.0000000000000000     

 !NewElementMapDefinition
         956        1912
         1.0000000000000000        0.0000000000000000        0.0000000000000000     
         1.0000000000000000        1.0000000000000000        0.0000000000000000     
         1.0000000000000000        0.0000000000000000        1.0000000000000000     
         1.0000000000000000        1.0000000000000000        1.0000000000000000     
         1.0000000000000000       0.50000000000000000        0.0000000000000000     
         1.0000000000000000        0.0000000000000000       0.50000000000000000     
         1.0000000000000000       0.50000000000000000       0.50000000000000000     
         1.0000000000000000        1.0000000000000000       0.50000000000000000     
         1.0000000000000000       0.50000000000000000        1.0000000000000000     

 !NewElementMapDefinition
         957        1914
         1.0000000000000000        0.0000000000000000        0.0000000000000000     
         1.0000000000000000        1.0000000000000000        0.0000000000000000     
         1.0000000000000000        0.0000000000000000        1.0000000000000000     
         1.0000000000000000        1.0000000000000000        1.0000000000000000     
         1.0000000000000000       0.50000000000000000        0.0000000000000000     
         1.0000000000000000        0.0000000000000000       0.50000000000000000     
         1.0000000000000000       0.50000000000000000       0.50000000000000000     
         1.0000000000000000        1.0000000000000000       0.50000000000000000     
         1.0000000000000000       0.50000000000000000        1.0000000000000000     

 !NewElementMapDefinition
         958        1916
         1.0000000000000000        0.0000000000000000        0.0000000000000000     
         1.0000000000000000        1.0000000000000000        0.0000000000000000     
         1.0000000000000000        0.0000000000000000        1.0000000000000000     
         1.0000000000000000        1.0000000000000000        1.0000000000000000     
         1.0000000000000000       0.50000000000000000        0.0000000000000000     
         1.0000000000000000        0.0000000000000000       0.50000000000000000     
         1.0000000000000000       0.50000000000000000       0.50000000000000000     
         1.0000000000000000        1.0000000000000000       0.50000000000000000     
         1.0000000000000000       0.50000000000000000        1.0000000000000000     

 !NewElementMapDefinition
         959        1918
         1.0000000000000000        0.0000000000000000        0.0000000000000000     
         1.0000000000000000        1.0000000000000000        0.0000000000000000     
         1.0000000000000000        0.0000000000000000        1.0000000000000000     
         1.0000000000000000        1.0000000000000000        1.0000000000000000     
         1.0000000000000000       0.50000000000000000        0.0000000000000000     
         1.0000000000000000        0.0000000000000000       0.50000000000000000     
         1.0000000000000000       0.50000000000000000       0.50000000000000000     
         1.0000000000000000        1.0000000000000000       0.50000000000000000     
         1.0000000000000000       0.50000000000000000        1.0000000000000000     

 !NewElementMapDefinition
         960        1920
         1.0000000000000000        0.0000000000000000        0.0000000000000000     
         1.0000000000000000        1.0000000000000000        0.0000000000000000     
         1.0000000000000000        0.0000000000000000        1.0000000000000000     
         1.0000000000000000        1.0000000000000000        1.0000000000000000     
         1.0000000000000000       0.50000000000000000        0.0000000000000000     
         1.0000000000000000        0.0000000000000000       0.50000000000000000     
         1.0000000000000000       0.50000000000000000       0.50000000000000000     
         1.0000000000000000        1.0000000000000000       0.50000000000000000     
         1.0000000000000000       0.50000000000000000        1.0000000000000000     

 !NewElementMapDefinition
         961        1922
         1.0000000000000000        0.0000000000000000        0.0000000000000000     
         1.0000000000000000        1.0000000000000000        0.0000000000000000     
         1.0000000000000000        0.0000000000000000        1.0000000000000000     
         1.0000000000000000        1.0000000000000000        1.0000000000000000     
         1.0000000000000000       0.50000000000000000        0.0000000000000000     
         1.0000000000000000        0.0000000000000000       0.50000000000000000     
         1.0000000000000000       0.50000000000000000       0.50000000000000000     
         1.0000000000000000        1.0000000000000000       0.50000000000000000     
         1.0000000000000000       0.50000000000000000        1.0000000000000000     

 !NewElementMapDefinition
         962        1924
         1.0000000000000000        0.0000000000000000        0.0000000000000000     
         1.0000000000000000        1.0000000000000000        0.0000000000000000     
         1.0000000000000000        0.0000000000000000        1.0000000000000000     
         1.0000000000000000        1.0000000000000000        1.0000000000000000     
         1.0000000000000000       0.50000000000000000        0.0000000000000000     
         1.0000000000000000        0.0000000000000000       0.50000000000000000     
         1.0000000000000000       0.50000000000000000       0.50000000000000000     
         1.0000000000000000        1.0000000000000000       0.50000000000000000     
         1.0000000000000000       0.50000000000000000        1.0000000000000000     

 !NewElementMapDefinition
         963        1926
         1.0000000000000000        0.0000000000000000        0.0000000000000000     
         1.0000000000000000        1.0000000000000000        0.0000000000000000     
         1.0000000000000000        0.0000000000000000        1.0000000000000000     
         1.0000000000000000        1.0000000000000000        1.0000000000000000     
         1.0000000000000000       0.50000000000000000        0.0000000000000000     
         1.0000000000000000        0.0000000000000000       0.50000000000000000     
         1.0000000000000000       0.50000000000000000       0.50000000000000000     
         1.0000000000000000        1.0000000000000000       0.50000000000000000     
         1.0000000000000000       0.50000000000000000        1.0000000000000000     

 !NewElementMapDefinition
         964        1928
         1.0000000000000000        0.0000000000000000        0.0000000000000000     
         1.0000000000000000        1.0000000000000000        0.0000000000000000     
         1.0000000000000000        0.0000000000000000        1.0000000000000000     
         1.0000000000000000        1.0000000000000000        1.0000000000000000     
         1.0000000000000000       0.50000000000000000        0.0000000000000000     
         1.0000000000000000        0.0000000000000000       0.50000000000000000     
         1.0000000000000000       0.50000000000000000       0.50000000000000000     
         1.0000000000000000        1.0000000000000000       0.50000000000000000     
         1.0000000000000000       0.50000000000000000        1.0000000000000000     

 !NewElementMapDefinition
         965        1930
         1.0000000000000000        0.0000000000000000        0.0000000000000000     
         1.0000000000000000        1.0000000000000000        0.0000000000000000     
         1.0000000000000000        0.0000000000000000        1.0000000000000000     
         1.0000000000000000        1.0000000000000000        1.0000000000000000     
         1.0000000000000000       0.50000000000000000        0.0000000000000000     
         1.0000000000000000        0.0000000000000000       0.50000000000000000     
         1.0000000000000000       0.50000000000000000       0.50000000000000000     
         1.0000000000000000        1.0000000000000000       0.50000000000000000     
         1.0000000000000000       0.50000000000000000        1.0000000000000000     

 !NewElementMapDefinition
         966        1932
         1.0000000000000000        0.0000000000000000        0.0000000000000000     
         1.0000000000000000        1.0000000000000000        0.0000000000000000     
         1.0000000000000000        0.0000000000000000        1.0000000000000000     
         1.0000000000000000        1.0000000000000000        1.0000000000000000     
         1.0000000000000000       0.50000000000000000        0.0000000000000000     
         1.0000000000000000        0.0000000000000000       0.50000000000000000     
         1.0000000000000000       0.50000000000000000       0.50000000000000000     
         1.0000000000000000        1.0000000000000000       0.50000000000000000     
         1.0000000000000000       0.50000000000000000        1.0000000000000000     

 !NewElementMapDefinition
         967        1934
         1.0000000000000000        0.0000000000000000        0.0000000000000000     
         1.0000000000000000        1.0000000000000000        0.0000000000000000     
         1.0000000000000000        0.0000000000000000        1.0000000000000000     
         1.0000000000000000        1.0000000000000000        1.0000000000000000     
         1.0000000000000000       0.50000000000000000        0.0000000000000000     
         1.0000000000000000        0.0000000000000000       0.50000000000000000     
         1.0000000000000000       0.50000000000000000       0.50000000000000000     
         1.0000000000000000        1.0000000000000000       0.50000000000000000     
         1.0000000000000000       0.50000000000000000        1.0000000000000000     

 !NewElementMapDefinition
         968        1936
         1.0000000000000000        0.0000000000000000        0.0000000000000000     
         1.0000000000000000        1.0000000000000000        0.0000000000000000     
         1.0000000000000000        0.0000000000000000        1.0000000000000000     
         1.0000000000000000        1.0000000000000000        1.0000000000000000     
         1.0000000000000000       0.50000000000000000        0.0000000000000000     
         1.0000000000000000        0.0000000000000000       0.50000000000000000     
         1.0000000000000000       0.50000000000000000       0.50000000000000000     
         1.0000000000000000        1.0000000000000000       0.50000000000000000     
         1.0000000000000000       0.50000000000000000        1.0000000000000000     

 !NewElementMapDefinition
         969        1938
         1.0000000000000000        0.0000000000000000        0.0000000000000000     
         1.0000000000000000        1.0000000000000000        0.0000000000000000     
         1.0000000000000000        0.0000000000000000        1.0000000000000000     
         1.0000000000000000        1.0000000000000000        1.0000000000000000     
         1.0000000000000000       0.50000000000000000        0.0000000000000000     
         1.0000000000000000        0.0000000000000000       0.50000000000000000     
         1.0000000000000000       0.50000000000000000       0.50000000000000000     
         1.0000000000000000        1.0000000000000000       0.50000000000000000     
         1.0000000000000000       0.50000000000000000        1.0000000000000000     

 !NewElementMapDefinition
         970        1940
         1.0000000000000000        0.0000000000000000        0.0000000000000000     
         1.0000000000000000        1.0000000000000000        0.0000000000000000     
         1.0000000000000000        0.0000000000000000        1.0000000000000000     
         1.0000000000000000        1.0000000000000000        1.0000000000000000     
         1.0000000000000000       0.50000000000000000        0.0000000000000000     
         1.0000000000000000        0.0000000000000000       0.50000000000000000     
         1.0000000000000000       0.50000000000000000       0.50000000000000000     
         1.0000000000000000        1.0000000000000000       0.50000000000000000     
         1.0000000000000000       0.50000000000000000        1.0000000000000000     

 !NewElementMapDefinition
         971        1942
         1.0000000000000000        0.0000000000000000        0.0000000000000000     
         1.0000000000000000        1.0000000000000000        0.0000000000000000     
         1.0000000000000000        0.0000000000000000        1.0000000000000000     
         1.0000000000000000        1.0000000000000000        1.0000000000000000     
         1.0000000000000000       0.50000000000000000        0.0000000000000000     
         1.0000000000000000        0.0000000000000000       0.50000000000000000     
         1.0000000000000000       0.50000000000000000       0.50000000000000000     
         1.0000000000000000        1.0000000000000000       0.50000000000000000     
         1.0000000000000000       0.50000000000000000        1.0000000000000000     

 !NewElementMapDefinition
         972        1944
         1.0000000000000000        0.0000000000000000        0.0000000000000000     
         1.0000000000000000        1.0000000000000000        0.0000000000000000     
         1.0000000000000000        0.0000000000000000        1.0000000000000000     
         1.0000000000000000        1.0000000000000000        1.0000000000000000     
         1.0000000000000000       0.50000000000000000        0.0000000000000000     
         1.0000000000000000        0.0000000000000000       0.50000000000000000     
         1.0000000000000000       0.50000000000000000       0.50000000000000000     
         1.0000000000000000        1.0000000000000000       0.50000000000000000     
         1.0000000000000000       0.50000000000000000        1.0000000000000000     

 !NewElementMapDefinition
         973        1946
         1.0000000000000000        0.0000000000000000        0.0000000000000000     
         1.0000000000000000        1.0000000000000000        0.0000000000000000     
         1.0000000000000000        0.0000000000000000        1.0000000000000000     
         1.0000000000000000        1.0000000000000000        1.0000000000000000     
         1.0000000000000000       0.50000000000000000        0.0000000000000000     
         1.0000000000000000        0.0000000000000000       0.50000000000000000     
         1.0000000000000000       0.50000000000000000       0.50000000000000000     
         1.0000000000000000        1.0000000000000000       0.50000000000000000     
         1.0000000000000000       0.50000000000000000        1.0000000000000000     

 !NewElementMapDefinition
         974        1948
         1.0000000000000000        0.0000000000000000        0.0000000000000000     
         1.0000000000000000        1.0000000000000000        0.0000000000000000     
         1.0000000000000000        0.0000000000000000        1.0000000000000000     
         1.0000000000000000        1.0000000000000000        1.0000000000000000     
         1.0000000000000000       0.50000000000000000        0.0000000000000000     
         1.0000000000000000        0.0000000000000000       0.50000000000000000     
         1.0000000000000000       0.50000000000000000       0.50000000000000000     
         1.0000000000000000        1.0000000000000000       0.50000000000000000     
         1.0000000000000000       0.50000000000000000        1.0000000000000000     

 !NewElementMapDefinition
         975        1950
         1.0000000000000000        0.0000000000000000        0.0000000000000000     
         1.0000000000000000        1.0000000000000000        0.0000000000000000     
         1.0000000000000000        0.0000000000000000        1.0000000000000000     
         1.0000000000000000        1.0000000000000000        1.0000000000000000     
         1.0000000000000000       0.50000000000000000        0.0000000000000000     
         1.0000000000000000        0.0000000000000000       0.50000000000000000     
         1.0000000000000000       0.50000000000000000       0.50000000000000000     
         1.0000000000000000        1.0000000000000000       0.50000000000000000     
         1.0000000000000000       0.50000000000000000        1.0000000000000000     

 !NewElementMapDefinition
         976        1952
         1.0000000000000000        0.0000000000000000        0.0000000000000000     
         1.0000000000000000        1.0000000000000000        0.0000000000000000     
         1.0000000000000000        0.0000000000000000        1.0000000000000000     
         1.0000000000000000        1.0000000000000000        1.0000000000000000     
         1.0000000000000000       0.50000000000000000        0.0000000000000000     
         1.0000000000000000        0.0000000000000000       0.50000000000000000     
         1.0000000000000000       0.50000000000000000       0.50000000000000000     
         1.0000000000000000        1.0000000000000000       0.50000000000000000     
         1.0000000000000000       0.50000000000000000        1.0000000000000000     

 !NewElementMapDefinition
         977        1954
         1.0000000000000000        0.0000000000000000        0.0000000000000000     
         1.0000000000000000        1.0000000000000000        0.0000000000000000     
         1.0000000000000000        0.0000000000000000        1.0000000000000000     
         1.0000000000000000        1.0000000000000000        1.0000000000000000     
         1.0000000000000000       0.50000000000000000        0.0000000000000000     
         1.0000000000000000        0.0000000000000000       0.50000000000000000     
         1.0000000000000000       0.50000000000000000       0.50000000000000000     
         1.0000000000000000        1.0000000000000000       0.50000000000000000     
         1.0000000000000000       0.50000000000000000        1.0000000000000000     

 !NewElementMapDefinition
         978        1956
         1.0000000000000000        0.0000000000000000        0.0000000000000000     
         1.0000000000000000        1.0000000000000000        0.0000000000000000     
         1.0000000000000000        0.0000000000000000        1.0000000000000000     
         1.0000000000000000        1.0000000000000000        1.0000000000000000     
         1.0000000000000000       0.50000000000000000        0.0000000000000000     
         1.0000000000000000        0.0000000000000000       0.50000000000000000     
         1.0000000000000000       0.50000000000000000       0.50000000000000000     
         1.0000000000000000        1.0000000000000000       0.50000000000000000     
         1.0000000000000000       0.50000000000000000        1.0000000000000000     

 !NewElementMapDefinition
         979        1958
         1.0000000000000000        0.0000000000000000        0.0000000000000000     
         1.0000000000000000        1.0000000000000000        0.0000000000000000     
         1.0000000000000000        0.0000000000000000        1.0000000000000000     
         1.0000000000000000        1.0000000000000000        1.0000000000000000     
         1.0000000000000000       0.50000000000000000        0.0000000000000000     
         1.0000000000000000        0.0000000000000000       0.50000000000000000     
         1.0000000000000000       0.50000000000000000       0.50000000000000000     
         1.0000000000000000        1.0000000000000000       0.50000000000000000     
         1.0000000000000000       0.50000000000000000        1.0000000000000000     

 !NewElementMapDefinition
         980        1960
         1.0000000000000000        0.0000000000000000        0.0000000000000000     
         1.0000000000000000        1.0000000000000000        0.0000000000000000     
         1.0000000000000000        0.0000000000000000        1.0000000000000000     
         1.0000000000000000        1.0000000000000000        1.0000000000000000     
         1.0000000000000000       0.50000000000000000        0.0000000000000000     
         1.0000000000000000        0.0000000000000000       0.50000000000000000     
         1.0000000000000000       0.50000000000000000       0.50000000000000000     
         1.0000000000000000        1.0000000000000000       0.50000000000000000     
         1.0000000000000000       0.50000000000000000        1.0000000000000000     

 !NewElementMapDefinition
         981        1962
         1.0000000000000000        0.0000000000000000        0.0000000000000000     
         1.0000000000000000        1.0000000000000000        0.0000000000000000     
         1.0000000000000000        0.0000000000000000        1.0000000000000000     
         1.0000000000000000        1.0000000000000000        1.0000000000000000     
         1.0000000000000000       0.50000000000000000        0.0000000000000000     
         1.0000000000000000        0.0000000000000000       0.50000000000000000     
         1.0000000000000000       0.50000000000000000       0.50000000000000000     
         1.0000000000000000        1.0000000000000000       0.50000000000000000     
         1.0000000000000000       0.50000000000000000        1.0000000000000000     

 !NewElementMapDefinition
         982        1964
         1.0000000000000000        0.0000000000000000        0.0000000000000000     
         1.0000000000000000        1.0000000000000000        0.0000000000000000     
         1.0000000000000000        0.0000000000000000        1.0000000000000000     
         1.0000000000000000        1.0000000000000000        1.0000000000000000     
         1.0000000000000000       0.50000000000000000        0.0000000000000000     
         1.0000000000000000        0.0000000000000000       0.50000000000000000     
         1.0000000000000000       0.50000000000000000       0.50000000000000000     
         1.0000000000000000        1.0000000000000000       0.50000000000000000     
         1.0000000000000000       0.50000000000000000        1.0000000000000000     

 !NewElementMapDefinition
         983        1966
         1.0000000000000000        0.0000000000000000        0.0000000000000000     
         1.0000000000000000        1.0000000000000000        0.0000000000000000     
         1.0000000000000000        0.0000000000000000        1.0000000000000000     
         1.0000000000000000        1.0000000000000000        1.0000000000000000     
         1.0000000000000000       0.50000000000000000        0.0000000000000000     
         1.0000000000000000        0.0000000000000000       0.50000000000000000     
         1.0000000000000000       0.50000000000000000       0.50000000000000000     
         1.0000000000000000        1.0000000000000000       0.50000000000000000     
         1.0000000000000000       0.50000000000000000        1.0000000000000000     

 !NewElementMapDefinition
         984        1968
         1.0000000000000000        0.0000000000000000        0.0000000000000000     
         1.0000000000000000        1.0000000000000000        0.0000000000000000     
         1.0000000000000000        0.0000000000000000        1.0000000000000000     
         1.0000000000000000        1.0000000000000000        1.0000000000000000     
         1.0000000000000000       0.50000000000000000        0.0000000000000000     
         1.0000000000000000        0.0000000000000000       0.50000000000000000     
         1.0000000000000000       0.50000000000000000       0.50000000000000000     
         1.0000000000000000        1.0000000000000000       0.50000000000000000     
         1.0000000000000000       0.50000000000000000        1.0000000000000000     

 !NewElementMapDefinition
         985        1970
         1.0000000000000000        0.0000000000000000        0.0000000000000000     
         1.0000000000000000        1.0000000000000000        0.0000000000000000     
         1.0000000000000000        0.0000000000000000        1.0000000000000000     
         1.0000000000000000        1.0000000000000000        1.0000000000000000     
         1.0000000000000000       0.50000000000000000        0.0000000000000000     
         1.0000000000000000        0.0000000000000000       0.50000000000000000     
         1.0000000000000000       0.50000000000000000       0.50000000000000000     
         1.0000000000000000        1.0000000000000000       0.50000000000000000     
         1.0000000000000000       0.50000000000000000        1.0000000000000000     

 !NewElementMapDefinition
         986        1972
         1.0000000000000000        0.0000000000000000        0.0000000000000000     
         1.0000000000000000        1.0000000000000000        0.0000000000000000     
         1.0000000000000000        0.0000000000000000        1.0000000000000000     
         1.0000000000000000        1.0000000000000000        1.0000000000000000     
         1.0000000000000000       0.50000000000000000        0.0000000000000000     
         1.0000000000000000        0.0000000000000000       0.50000000000000000     
         1.0000000000000000       0.50000000000000000       0.50000000000000000     
         1.0000000000000000        1.0000000000000000       0.50000000000000000     
         1.0000000000000000       0.50000000000000000        1.0000000000000000     

 !NewElementMapDefinition
         987        1974
         1.0000000000000000        0.0000000000000000        0.0000000000000000     
         1.0000000000000000        1.0000000000000000        0.0000000000000000     
         1.0000000000000000        0.0000000000000000        1.0000000000000000     
         1.0000000000000000        1.0000000000000000        1.0000000000000000     
         1.0000000000000000       0.50000000000000000        0.0000000000000000     
         1.0000000000000000        0.0000000000000000       0.50000000000000000     
         1.0000000000000000       0.50000000000000000       0.50000000000000000     
         1.0000000000000000        1.0000000000000000       0.50000000000000000     
         1.0000000000000000       0.50000000000000000        1.0000000000000000     

 !NewElementMapDefinition
         988        1976
         1.0000000000000000        0.0000000000000000        0.0000000000000000     
         1.0000000000000000        1.0000000000000000        0.0000000000000000     
         1.0000000000000000        0.0000000000000000        1.0000000000000000     
         1.0000000000000000        1.0000000000000000        1.0000000000000000     
         1.0000000000000000       0.50000000000000000        0.0000000000000000     
         1.0000000000000000        0.0000000000000000       0.50000000000000000     
         1.0000000000000000       0.50000000000000000       0.50000000000000000     
         1.0000000000000000        1.0000000000000000       0.50000000000000000     
         1.0000000000000000       0.50000000000000000        1.0000000000000000     

 !NewElementMapDefinition
         989        1978
         1.0000000000000000        0.0000000000000000        0.0000000000000000     
         1.0000000000000000        1.0000000000000000        0.0000000000000000     
         1.0000000000000000        0.0000000000000000        1.0000000000000000     
         1.0000000000000000        1.0000000000000000        1.0000000000000000     
         1.0000000000000000       0.50000000000000000        0.0000000000000000     
         1.0000000000000000        0.0000000000000000       0.50000000000000000     
         1.0000000000000000       0.50000000000000000       0.50000000000000000     
         1.0000000000000000        1.0000000000000000       0.50000000000000000     
         1.0000000000000000       0.50000000000000000        1.0000000000000000     

 !NewElementMapDefinition
         990        1980
         1.0000000000000000        0.0000000000000000        0.0000000000000000     
         1.0000000000000000        1.0000000000000000        0.0000000000000000     
         1.0000000000000000        0.0000000000000000        1.0000000000000000     
         1.0000000000000000        1.0000000000000000        1.0000000000000000     
         1.0000000000000000       0.50000000000000000        0.0000000000000000     
         1.0000000000000000        0.0000000000000000       0.50000000000000000     
         1.0000000000000000       0.50000000000000000       0.50000000000000000     
         1.0000000000000000        1.0000000000000000       0.50000000000000000     
         1.0000000000000000       0.50000000000000000        1.0000000000000000     

 !NewElementMapDefinition
         991        1982
         1.0000000000000000        0.0000000000000000        0.0000000000000000     
         1.0000000000000000        1.0000000000000000        0.0000000000000000     
         1.0000000000000000        0.0000000000000000        1.0000000000000000     
         1.0000000000000000        1.0000000000000000        1.0000000000000000     
         1.0000000000000000       0.50000000000000000        0.0000000000000000     
         1.0000000000000000        0.0000000000000000       0.50000000000000000     
         1.0000000000000000       0.50000000000000000       0.50000000000000000     
         1.0000000000000000        1.0000000000000000       0.50000000000000000     
         1.0000000000000000       0.50000000000000000        1.0000000000000000     

 !NewElementMapDefinition
         992        1984
         1.0000000000000000        0.0000000000000000        0.0000000000000000     
         1.0000000000000000        1.0000000000000000        0.0000000000000000     
         1.0000000000000000        0.0000000000000000        1.0000000000000000     
         1.0000000000000000        1.0000000000000000        1.0000000000000000     
         1.0000000000000000       0.50000000000000000        0.0000000000000000     
         1.0000000000000000        0.0000000000000000       0.50000000000000000     
         1.0000000000000000       0.50000000000000000       0.50000000000000000     
         1.0000000000000000        1.0000000000000000       0.50000000000000000     
         1.0000000000000000       0.50000000000000000        1.0000000000000000     

 !NewElementMapDefinition
         993        1986
         1.0000000000000000        0.0000000000000000        0.0000000000000000     
         1.0000000000000000        1.0000000000000000        0.0000000000000000     
         1.0000000000000000        0.0000000000000000        1.0000000000000000     
         1.0000000000000000        1.0000000000000000        1.0000000000000000     
         1.0000000000000000       0.50000000000000000        0.0000000000000000     
         1.0000000000000000        0.0000000000000000       0.50000000000000000     
         1.0000000000000000       0.50000000000000000       0.50000000000000000     
         1.0000000000000000        1.0000000000000000       0.50000000000000000     
         1.0000000000000000       0.50000000000000000        1.0000000000000000     

 !NewElementMapDefinition
         994        1988
         1.0000000000000000        0.0000000000000000        0.0000000000000000     
         1.0000000000000000        1.0000000000000000        0.0000000000000000     
         1.0000000000000000        0.0000000000000000        1.0000000000000000     
         1.0000000000000000        1.0000000000000000        1.0000000000000000     
         1.0000000000000000       0.50000000000000000        0.0000000000000000     
         1.0000000000000000        0.0000000000000000       0.50000000000000000     
         1.0000000000000000       0.50000000000000000       0.50000000000000000     
         1.0000000000000000        1.0000000000000000       0.50000000000000000     
         1.0000000000000000       0.50000000000000000        1.0000000000000000     

 !NewElementMapDefinition
         995        1990
         1.0000000000000000        0.0000000000000000        0.0000000000000000     
         1.0000000000000000        1.0000000000000000        0.0000000000000000     
         1.0000000000000000        0.0000000000000000        1.0000000000000000     
         1.0000000000000000        1.0000000000000000        1.0000000000000000     
         1.0000000000000000       0.50000000000000000        0.0000000000000000     
         1.0000000000000000        0.0000000000000000       0.50000000000000000     
         1.0000000000000000       0.50000000000000000       0.50000000000000000     
         1.0000000000000000        1.0000000000000000       0.50000000000000000     
         1.0000000000000000       0.50000000000000000        1.0000000000000000     

 !NewElementMapDefinition
         996        1992
         1.0000000000000000        0.0000000000000000        0.0000000000000000     
         1.0000000000000000        1.0000000000000000        0.0000000000000000     
         1.0000000000000000        0.0000000000000000        1.0000000000000000     
         1.0000000000000000        1.0000000000000000        1.0000000000000000     
         1.0000000000000000       0.50000000000000000        0.0000000000000000     
         1.0000000000000000        0.0000000000000000       0.50000000000000000     
         1.0000000000000000       0.50000000000000000       0.50000000000000000     
         1.0000000000000000        1.0000000000000000       0.50000000000000000     
         1.0000000000000000       0.50000000000000000        1.0000000000000000     

 !NewElementMapDefinition
         997        1994
         1.0000000000000000        0.0000000000000000        0.0000000000000000     
         1.0000000000000000        1.0000000000000000        0.0000000000000000     
         1.0000000000000000        0.0000000000000000        1.0000000000000000     
         1.0000000000000000        1.0000000000000000        1.0000000000000000     
         1.0000000000000000       0.50000000000000000        0.0000000000000000     
         1.0000000000000000        0.0000000000000000       0.50000000000000000     
         1.0000000000000000       0.50000000000000000       0.50000000000000000     
         1.0000000000000000        1.0000000000000000       0.50000000000000000     
         1.0000000000000000       0.50000000000000000        1.0000000000000000     

 !NewElementMapDefinition
         998        1996
         1.0000000000000000        0.0000000000000000        0.0000000000000000     
         1.0000000000000000        1.0000000000000000        0.0000000000000000     
         1.0000000000000000        0.0000000000000000        1.0000000000000000     
         1.0000000000000000        1.0000000000000000        1.0000000000000000     
         1.0000000000000000       0.50000000000000000        0.0000000000000000     
         1.0000000000000000        0.0000000000000000       0.50000000000000000     
         1.0000000000000000       0.50000000000000000       0.50000000000000000     
         1.0000000000000000        1.0000000000000000       0.50000000000000000     
         1.0000000000000000       0.50000000000000000        1.0000000000000000     

 !NewElementMapDefinition
         999        1998
         1.0000000000000000        0.0000000000000000        0.0000000000000000     
         1.0000000000000000        1.0000000000000000        0.0000000000000000     
         1.0000000000000000        0.0000000000000000        1.0000000000000000     
         1.0000000000000000        1.0000000000000000        1.0000000000000000     
         1.0000000000000000       0.50000000000000000        0.0000000000000000     
         1.0000000000000000        0.0000000000000000       0.50000000000000000     
         1.0000000000000000       0.50000000000000000       0.50000000000000000     
         1.0000000000000000        1.0000000000000000       0.50000000000000000     
         1.0000000000000000       0.50000000000000000        1.0000000000000000     

 !NewElementMapDefinition
        1000        2000
         1.0000000000000000        0.0000000000000000        0.0000000000000000     
         1.0000000000000000        1.0000000000000000        0.0000000000000000     
         1.0000000000000000        0.0000000000000000        1.0000000000000000     
         1.0000000000000000        1.0000000000000000        1.0000000000000000     
         1.0000000000000000       0.50000000000000000        0.0000000000000000     
         1.0000000000000000        0.0000000000000000       0.50000000000000000     
         1.0000000000000000       0.50000000000000000       0.50000000000000000     
         1.0000000000000000        1.0000000000000000       0.50000000000000000     
         1.0000000000000000       0.50000000000000000        1.0000000000000000     

 !NewElementMapDefinition
        1001        2002
         1.0000000000000000        0.0000000000000000        0.0000000000000000     
         1.0000000000000000        1.0000000000000000        0.0000000000000000     
         1.0000000000000000        0.0000000000000000        1.0000000000000000     
         1.0000000000000000        1.0000000000000000        1.0000000000000000     
         1.0000000000000000       0.50000000000000000        0.0000000000000000     
         1.0000000000000000        0.0000000000000000       0.50000000000000000     
         1.0000000000000000       0.50000000000000000       0.50000000000000000     
         1.0000000000000000        1.0000000000000000       0.50000000000000000     
         1.0000000000000000       0.50000000000000000        1.0000000000000000     

 !NewElementMapDefinition
        1002        2004
         1.0000000000000000        0.0000000000000000        0.0000000000000000     
         1.0000000000000000        1.0000000000000000        0.0000000000000000     
         1.0000000000000000        0.0000000000000000        1.0000000000000000     
         1.0000000000000000        1.0000000000000000        1.0000000000000000     
         1.0000000000000000       0.50000000000000000        0.0000000000000000     
         1.0000000000000000        0.0000000000000000       0.50000000000000000     
         1.0000000000000000       0.50000000000000000       0.50000000000000000     
         1.0000000000000000        1.0000000000000000       0.50000000000000000     
         1.0000000000000000       0.50000000000000000        1.0000000000000000     

 !NewElementMapDefinition
        1003        2006
         1.0000000000000000        0.0000000000000000        0.0000000000000000     
         1.0000000000000000        1.0000000000000000        0.0000000000000000     
         1.0000000000000000        0.0000000000000000        1.0000000000000000     
         1.0000000000000000        1.0000000000000000        1.0000000000000000     
         1.0000000000000000       0.50000000000000000        0.0000000000000000     
         1.0000000000000000        0.0000000000000000       0.50000000000000000     
         1.0000000000000000       0.50000000000000000       0.50000000000000000     
         1.0000000000000000        1.0000000000000000       0.50000000000000000     
         1.0000000000000000       0.50000000000000000        1.0000000000000000     

 !NewElementMapDefinition
        1004        2008
         1.0000000000000000        0.0000000000000000        0.0000000000000000     
         1.0000000000000000        1.0000000000000000        0.0000000000000000     
         1.0000000000000000        0.0000000000000000        1.0000000000000000     
         1.0000000000000000        1.0000000000000000        1.0000000000000000     
         1.0000000000000000       0.50000000000000000        0.0000000000000000     
         1.0000000000000000        0.0000000000000000       0.50000000000000000     
         1.0000000000000000       0.50000000000000000       0.50000000000000000     
         1.0000000000000000        1.0000000000000000       0.50000000000000000     
         1.0000000000000000       0.50000000000000000        1.0000000000000000     

 !NewElementMapDefinition
        1005        2010
         1.0000000000000000        0.0000000000000000        0.0000000000000000     
         1.0000000000000000        1.0000000000000000        0.0000000000000000     
         1.0000000000000000        0.0000000000000000        1.0000000000000000     
         1.0000000000000000        1.0000000000000000        1.0000000000000000     
         1.0000000000000000       0.50000000000000000        0.0000000000000000     
         1.0000000000000000        0.0000000000000000       0.50000000000000000     
         1.0000000000000000       0.50000000000000000       0.50000000000000000     
         1.0000000000000000        1.0000000000000000       0.50000000000000000     
         1.0000000000000000       0.50000000000000000        1.0000000000000000     

 !NewElementMapDefinition
        1006        2012
         1.0000000000000000        0.0000000000000000        0.0000000000000000     
         1.0000000000000000        1.0000000000000000        0.0000000000000000     
         1.0000000000000000        0.0000000000000000        1.0000000000000000     
         1.0000000000000000        1.0000000000000000        1.0000000000000000     
         1.0000000000000000       0.50000000000000000        0.0000000000000000     
         1.0000000000000000        0.0000000000000000       0.50000000000000000     
         1.0000000000000000       0.50000000000000000       0.50000000000000000     
         1.0000000000000000        1.0000000000000000       0.50000000000000000     
         1.0000000000000000       0.50000000000000000        1.0000000000000000     

 !NewElementMapDefinition
        1007        2014
         1.0000000000000000        0.0000000000000000        0.0000000000000000     
         1.0000000000000000        1.0000000000000000        0.0000000000000000     
         1.0000000000000000        0.0000000000000000        1.0000000000000000     
         1.0000000000000000        1.0000000000000000        1.0000000000000000     
         1.0000000000000000       0.50000000000000000        0.0000000000000000     
         1.0000000000000000        0.0000000000000000       0.50000000000000000     
         1.0000000000000000       0.50000000000000000       0.50000000000000000     
         1.0000000000000000        1.0000000000000000       0.50000000000000000     
         1.0000000000000000       0.50000000000000000        1.0000000000000000     

 !NewElementMapDefinition
        1008        2016
         1.0000000000000000        0.0000000000000000        0.0000000000000000     
         1.0000000000000000        1.0000000000000000        0.0000000000000000     
         1.0000000000000000        0.0000000000000000        1.0000000000000000     
         1.0000000000000000        1.0000000000000000        1.0000000000000000     
         1.0000000000000000       0.50000000000000000        0.0000000000000000     
         1.0000000000000000        0.0000000000000000       0.50000000000000000     
         1.0000000000000000       0.50000000000000000       0.50000000000000000     
         1.0000000000000000        1.0000000000000000       0.50000000000000000     
         1.0000000000000000       0.50000000000000000        1.0000000000000000     

 !NewElementMapDefinition
        1009        2018
         1.0000000000000000        0.0000000000000000        0.0000000000000000     
         1.0000000000000000        1.0000000000000000        0.0000000000000000     
         1.0000000000000000        0.0000000000000000        1.0000000000000000     
         1.0000000000000000        1.0000000000000000        1.0000000000000000     
         1.0000000000000000       0.50000000000000000        0.0000000000000000     
         1.0000000000000000        0.0000000000000000       0.50000000000000000     
         1.0000000000000000       0.50000000000000000       0.50000000000000000     
         1.0000000000000000        1.0000000000000000       0.50000000000000000     
         1.0000000000000000       0.50000000000000000        1.0000000000000000     

 !NewElementMapDefinition
        1010        2020
         1.0000000000000000        0.0000000000000000        0.0000000000000000     
         1.0000000000000000        1.0000000000000000        0.0000000000000000     
         1.0000000000000000        0.0000000000000000        1.0000000000000000     
         1.0000000000000000        1.0000000000000000        1.0000000000000000     
         1.0000000000000000       0.50000000000000000        0.0000000000000000     
         1.0000000000000000        0.0000000000000000       0.50000000000000000     
         1.0000000000000000       0.50000000000000000       0.50000000000000000     
         1.0000000000000000        1.0000000000000000       0.50000000000000000     
         1.0000000000000000       0.50000000000000000        1.0000000000000000     

 !NewElementMapDefinition
        1011        2022
         1.0000000000000000        0.0000000000000000        0.0000000000000000     
         1.0000000000000000        1.0000000000000000        0.0000000000000000     
         1.0000000000000000        0.0000000000000000        1.0000000000000000     
         1.0000000000000000        1.0000000000000000        1.0000000000000000     
         1.0000000000000000       0.50000000000000000        0.0000000000000000     
         1.0000000000000000        0.0000000000000000       0.50000000000000000     
         1.0000000000000000       0.50000000000000000       0.50000000000000000     
         1.0000000000000000        1.0000000000000000       0.50000000000000000     
         1.0000000000000000       0.50000000000000000        1.0000000000000000     

 !NewElementMapDefinition
        1012        2024
         1.0000000000000000        0.0000000000000000        0.0000000000000000     
         1.0000000000000000        1.0000000000000000        0.0000000000000000     
         1.0000000000000000        0.0000000000000000        1.0000000000000000     
         1.0000000000000000        1.0000000000000000        1.0000000000000000     
         1.0000000000000000       0.50000000000000000        0.0000000000000000     
         1.0000000000000000        0.0000000000000000       0.50000000000000000     
         1.0000000000000000       0.50000000000000000       0.50000000000000000     
         1.0000000000000000        1.0000000000000000       0.50000000000000000     
         1.0000000000000000       0.50000000000000000        1.0000000000000000     

 !NewElementMapDefinition
        1013        2026
         1.0000000000000000        0.0000000000000000        0.0000000000000000     
         1.0000000000000000        1.0000000000000000        0.0000000000000000     
         1.0000000000000000        0.0000000000000000        1.0000000000000000     
         1.0000000000000000        1.0000000000000000        1.0000000000000000     
         1.0000000000000000       0.50000000000000000        0.0000000000000000     
         1.0000000000000000        0.0000000000000000       0.50000000000000000     
         1.0000000000000000       0.50000000000000000       0.50000000000000000     
         1.0000000000000000        1.0000000000000000       0.50000000000000000     
         1.0000000000000000       0.50000000000000000        1.0000000000000000     

 !NewElementMapDefinition
        1014        2028
         1.0000000000000000        0.0000000000000000        0.0000000000000000     
         1.0000000000000000        1.0000000000000000        0.0000000000000000     
         1.0000000000000000        0.0000000000000000        1.0000000000000000     
         1.0000000000000000        1.0000000000000000        1.0000000000000000     
         1.0000000000000000       0.50000000000000000        0.0000000000000000     
         1.0000000000000000        0.0000000000000000       0.50000000000000000     
         1.0000000000000000       0.50000000000000000       0.50000000000000000     
         1.0000000000000000        1.0000000000000000       0.50000000000000000     
         1.0000000000000000       0.50000000000000000        1.0000000000000000     

 !NewElementMapDefinition
        1015        2030
         1.0000000000000000        0.0000000000000000        0.0000000000000000     
         1.0000000000000000        1.0000000000000000        0.0000000000000000     
         1.0000000000000000        0.0000000000000000        1.0000000000000000     
         1.0000000000000000        1.0000000000000000        1.0000000000000000     
         1.0000000000000000       0.50000000000000000        0.0000000000000000     
         1.0000000000000000        0.0000000000000000       0.50000000000000000     
         1.0000000000000000       0.50000000000000000       0.50000000000000000     
         1.0000000000000000        1.0000000000000000       0.50000000000000000     
         1.0000000000000000       0.50000000000000000        1.0000000000000000     

 !NewElementMapDefinition
        1016        2032
         1.0000000000000000        0.0000000000000000        0.0000000000000000     
         1.0000000000000000        1.0000000000000000        0.0000000000000000     
         1.0000000000000000        0.0000000000000000        1.0000000000000000     
         1.0000000000000000        1.0000000000000000        1.0000000000000000     
         1.0000000000000000       0.50000000000000000        0.0000000000000000     
         1.0000000000000000        0.0000000000000000       0.50000000000000000     
         1.0000000000000000       0.50000000000000000       0.50000000000000000     
         1.0000000000000000        1.0000000000000000       0.50000000000000000     
         1.0000000000000000       0.50000000000000000        1.0000000000000000     

 !NewElementMapDefinition
        1017        2034
         1.0000000000000000        0.0000000000000000        0.0000000000000000     
         1.0000000000000000        1.0000000000000000        0.0000000000000000     
         1.0000000000000000        0.0000000000000000        1.0000000000000000     
         1.0000000000000000        1.0000000000000000        1.0000000000000000     
         1.0000000000000000       0.50000000000000000        0.0000000000000000     
         1.0000000000000000        0.0000000000000000       0.50000000000000000     
         1.0000000000000000       0.50000000000000000       0.50000000000000000     
         1.0000000000000000        1.0000000000000000       0.50000000000000000     
         1.0000000000000000       0.50000000000000000        1.0000000000000000     

 !NewElementMapDefinition
        1018        2036
         1.0000000000000000        0.0000000000000000        0.0000000000000000     
         1.0000000000000000        1.0000000000000000        0.0000000000000000     
         1.0000000000000000        0.0000000000000000        1.0000000000000000     
         1.0000000000000000        1.0000000000000000        1.0000000000000000     
         1.0000000000000000       0.50000000000000000        0.0000000000000000     
         1.0000000000000000        0.0000000000000000       0.50000000000000000     
         1.0000000000000000       0.50000000000000000       0.50000000000000000     
         1.0000000000000000        1.0000000000000000       0.50000000000000000     
         1.0000000000000000       0.50000000000000000        1.0000000000000000     

 !NewElementMapDefinition
        1019        2038
         1.0000000000000000        0.0000000000000000        0.0000000000000000     
         1.0000000000000000        1.0000000000000000        0.0000000000000000     
         1.0000000000000000        0.0000000000000000        1.0000000000000000     
         1.0000000000000000        1.0000000000000000        1.0000000000000000     
         1.0000000000000000       0.50000000000000000        0.0000000000000000     
         1.0000000000000000        0.0000000000000000       0.50000000000000000     
         1.0000000000000000       0.50000000000000000       0.50000000000000000     
         1.0000000000000000        1.0000000000000000       0.50000000000000000     
         1.0000000000000000       0.50000000000000000        1.0000000000000000     

 !NewElementMapDefinition
        1020        2040
         1.0000000000000000        0.0000000000000000        0.0000000000000000     
         1.0000000000000000        1.0000000000000000        0.0000000000000000     
         1.0000000000000000        0.0000000000000000        1.0000000000000000     
         1.0000000000000000        1.0000000000000000        1.0000000000000000     
         1.0000000000000000       0.50000000000000000        0.0000000000000000     
         1.0000000000000000        0.0000000000000000       0.50000000000000000     
         1.0000000000000000       0.50000000000000000       0.50000000000000000     
         1.0000000000000000        1.0000000000000000       0.50000000000000000     
         1.0000000000000000       0.50000000000000000        1.0000000000000000     

 !NewElementMapDefinition
        1021        2042
         1.0000000000000000        0.0000000000000000        0.0000000000000000     
         1.0000000000000000        1.0000000000000000        0.0000000000000000     
         1.0000000000000000        0.0000000000000000        1.0000000000000000     
         1.0000000000000000        1.0000000000000000        1.0000000000000000     
         1.0000000000000000       0.50000000000000000        0.0000000000000000     
         1.0000000000000000        0.0000000000000000       0.50000000000000000     
         1.0000000000000000       0.50000000000000000       0.50000000000000000     
         1.0000000000000000        1.0000000000000000       0.50000000000000000     
         1.0000000000000000       0.50000000000000000        1.0000000000000000     

 !NewElementMapDefinition
        1022        2044
         1.0000000000000000        0.0000000000000000        0.0000000000000000     
         1.0000000000000000        1.0000000000000000        0.0000000000000000     
         1.0000000000000000        0.0000000000000000        1.0000000000000000     
         1.0000000000000000        1.0000000000000000        1.0000000000000000     
         1.0000000000000000       0.50000000000000000        0.0000000000000000     
         1.0000000000000000        0.0000000000000000       0.50000000000000000     
         1.0000000000000000       0.50000000000000000       0.50000000000000000     
         1.0000000000000000        1.0000000000000000       0.50000000000000000     
         1.0000000000000000       0.50000000000000000        1.0000000000000000     

 !NewElementMapDefinition
        1023        2046
         1.0000000000000000        0.0000000000000000        0.0000000000000000     
         1.0000000000000000        1.0000000000000000        0.0000000000000000     
         1.0000000000000000        0.0000000000000000        1.0000000000000000     
         1.0000000000000000        1.0000000000000000        1.0000000000000000     
         1.0000000000000000       0.50000000000000000        0.0000000000000000     
         1.0000000000000000        0.0000000000000000       0.50000000000000000     
         1.0000000000000000       0.50000000000000000       0.50000000000000000     
         1.0000000000000000        1.0000000000000000       0.50000000000000000     
         1.0000000000000000       0.50000000000000000        1.0000000000000000     

 !NewElementMapDefinition
        1024        2048
         1.0000000000000000        0.0000000000000000        0.0000000000000000     
         1.0000000000000000        1.0000000000000000        0.0000000000000000     
         1.0000000000000000        0.0000000000000000        1.0000000000000000     
         1.0000000000000000        1.0000000000000000        1.0000000000000000     
         1.0000000000000000       0.50000000000000000        0.0000000000000000     
         1.0000000000000000        0.0000000000000000       0.50000000000000000     
         1.0000000000000000       0.50000000000000000       0.50000000000000000     
         1.0000000000000000        1.0000000000000000       0.50000000000000000     
         1.0000000000000000       0.50000000000000000        1.0000000000000000     
