 !FromTopology={TPSurfinner}

 !ToTopology={TPQuad}


 !NewElementMapDefinition
           1           1
         0.0000000000000000        0.0000000000000000        0.0000000000000000     
         0.0000000000000000        1.0000000000000000        0.0000000000000000     
         0.0000000000000000        0.0000000000000000        1.0000000000000000     
         0.0000000000000000        1.0000000000000000        1.0000000000000000     
         0.0000000000000000       0.50000000000000000        0.0000000000000000     
         0.0000000000000000        0.0000000000000000       0.50000000000000000     
         0.0000000000000000       0.50000000000000000       0.50000000000000000     
         0.0000000000000000        1.0000000000000000       0.50000000000000000     
         0.0000000000000000       0.50000000000000000        1.0000000000000000     

 !NewElementMapDefinition
           2           3
         0.0000000000000000        0.0000000000000000        0.0000000000000000     
         0.0000000000000000        1.0000000000000000        0.0000000000000000     
         0.0000000000000000        0.0000000000000000        1.0000000000000000     
         0.0000000000000000        1.0000000000000000        1.0000000000000000     
         0.0000000000000000       0.50000000000000000        0.0000000000000000     
         0.0000000000000000        0.0000000000000000       0.50000000000000000     
         0.0000000000000000       0.50000000000000000       0.50000000000000000     
         0.0000000000000000        1.0000000000000000       0.50000000000000000     
         0.0000000000000000       0.50000000000000000        1.0000000000000000     

 !NewElementMapDefinition
           3           5
         0.0000000000000000        0.0000000000000000        0.0000000000000000     
         0.0000000000000000        1.0000000000000000        0.0000000000000000     
         0.0000000000000000        0.0000000000000000        1.0000000000000000     
         0.0000000000000000        1.0000000000000000        1.0000000000000000     
         0.0000000000000000       0.50000000000000000        0.0000000000000000     
         0.0000000000000000        0.0000000000000000       0.50000000000000000     
         0.0000000000000000       0.50000000000000000       0.50000000000000000     
         0.0000000000000000        1.0000000000000000       0.50000000000000000     
         0.0000000000000000       0.50000000000000000        1.0000000000000000     

 !NewElementMapDefinition
           4           7
         0.0000000000000000        0.0000000000000000        0.0000000000000000     
         0.0000000000000000        1.0000000000000000        0.0000000000000000     
         0.0000000000000000        0.0000000000000000        1.0000000000000000     
         0.0000000000000000        1.0000000000000000        1.0000000000000000     
         0.0000000000000000       0.50000000000000000        0.0000000000000000     
         0.0000000000000000        0.0000000000000000       0.50000000000000000     
         0.0000000000000000       0.50000000000000000       0.50000000000000000     
         0.0000000000000000        1.0000000000000000       0.50000000000000000     
         0.0000000000000000       0.50000000000000000        1.0000000000000000     

 !NewElementMapDefinition
           5           9
         0.0000000000000000        0.0000000000000000        0.0000000000000000     
         0.0000000000000000        1.0000000000000000        0.0000000000000000     
         0.0000000000000000        0.0000000000000000        1.0000000000000000     
         0.0000000000000000        1.0000000000000000        1.0000000000000000     
         0.0000000000000000       0.50000000000000000        0.0000000000000000     
         0.0000000000000000        0.0000000000000000       0.50000000000000000     
         0.0000000000000000       0.50000000000000000       0.50000000000000000     
         0.0000000000000000        1.0000000000000000       0.50000000000000000     
         0.0000000000000000       0.50000000000000000        1.0000000000000000     

 !NewElementMapDefinition
           6          11
         0.0000000000000000        0.0000000000000000        0.0000000000000000     
         0.0000000000000000        1.0000000000000000        0.0000000000000000     
         0.0000000000000000        0.0000000000000000        1.0000000000000000     
         0.0000000000000000        1.0000000000000000        1.0000000000000000     
         0.0000000000000000       0.50000000000000000        0.0000000000000000     
         0.0000000000000000        0.0000000000000000       0.50000000000000000     
         0.0000000000000000       0.50000000000000000       0.50000000000000000     
         0.0000000000000000        1.0000000000000000       0.50000000000000000     
         0.0000000000000000       0.50000000000000000        1.0000000000000000     

 !NewElementMapDefinition
           7          13
         0.0000000000000000        0.0000000000000000        0.0000000000000000     
         0.0000000000000000        1.0000000000000000        0.0000000000000000     
         0.0000000000000000        0.0000000000000000        1.0000000000000000     
         0.0000000000000000        1.0000000000000000        1.0000000000000000     
         0.0000000000000000       0.50000000000000000        0.0000000000000000     
         0.0000000000000000        0.0000000000000000       0.50000000000000000     
         0.0000000000000000       0.50000000000000000       0.50000000000000000     
         0.0000000000000000        1.0000000000000000       0.50000000000000000     
         0.0000000000000000       0.50000000000000000        1.0000000000000000     

 !NewElementMapDefinition
           8          15
         0.0000000000000000        0.0000000000000000        0.0000000000000000     
         0.0000000000000000        1.0000000000000000        0.0000000000000000     
         0.0000000000000000        0.0000000000000000        1.0000000000000000     
         0.0000000000000000        1.0000000000000000        1.0000000000000000     
         0.0000000000000000       0.50000000000000000        0.0000000000000000     
         0.0000000000000000        0.0000000000000000       0.50000000000000000     
         0.0000000000000000       0.50000000000000000       0.50000000000000000     
         0.0000000000000000        1.0000000000000000       0.50000000000000000     
         0.0000000000000000       0.50000000000000000        1.0000000000000000     

 !NewElementMapDefinition
           9          17
         0.0000000000000000        0.0000000000000000        0.0000000000000000     
         0.0000000000000000        1.0000000000000000        0.0000000000000000     
         0.0000000000000000        0.0000000000000000        1.0000000000000000     
         0.0000000000000000        1.0000000000000000        1.0000000000000000     
         0.0000000000000000       0.50000000000000000        0.0000000000000000     
         0.0000000000000000        0.0000000000000000       0.50000000000000000     
         0.0000000000000000       0.50000000000000000       0.50000000000000000     
         0.0000000000000000        1.0000000000000000       0.50000000000000000     
         0.0000000000000000       0.50000000000000000        1.0000000000000000     

 !NewElementMapDefinition
          10          19
         0.0000000000000000        0.0000000000000000        0.0000000000000000     
         0.0000000000000000        1.0000000000000000        0.0000000000000000     
         0.0000000000000000        0.0000000000000000        1.0000000000000000     
         0.0000000000000000        1.0000000000000000        1.0000000000000000     
         0.0000000000000000       0.50000000000000000        0.0000000000000000     
         0.0000000000000000        0.0000000000000000       0.50000000000000000     
         0.0000000000000000       0.50000000000000000       0.50000000000000000     
         0.0000000000000000        1.0000000000000000       0.50000000000000000     
         0.0000000000000000       0.50000000000000000        1.0000000000000000     

 !NewElementMapDefinition
          11          21
         0.0000000000000000        0.0000000000000000        0.0000000000000000     
         0.0000000000000000        1.0000000000000000        0.0000000000000000     
         0.0000000000000000        0.0000000000000000        1.0000000000000000     
         0.0000000000000000        1.0000000000000000        1.0000000000000000     
         0.0000000000000000       0.50000000000000000        0.0000000000000000     
         0.0000000000000000        0.0000000000000000       0.50000000000000000     
         0.0000000000000000       0.50000000000000000       0.50000000000000000     
         0.0000000000000000        1.0000000000000000       0.50000000000000000     
         0.0000000000000000       0.50000000000000000        1.0000000000000000     

 !NewElementMapDefinition
          12          23
         0.0000000000000000        0.0000000000000000        0.0000000000000000     
         0.0000000000000000        1.0000000000000000        0.0000000000000000     
         0.0000000000000000        0.0000000000000000        1.0000000000000000     
         0.0000000000000000        1.0000000000000000        1.0000000000000000     
         0.0000000000000000       0.50000000000000000        0.0000000000000000     
         0.0000000000000000        0.0000000000000000       0.50000000000000000     
         0.0000000000000000       0.50000000000000000       0.50000000000000000     
         0.0000000000000000        1.0000000000000000       0.50000000000000000     
         0.0000000000000000       0.50000000000000000        1.0000000000000000     

 !NewElementMapDefinition
          13          25
         0.0000000000000000        0.0000000000000000        0.0000000000000000     
         0.0000000000000000        1.0000000000000000        0.0000000000000000     
         0.0000000000000000        0.0000000000000000        1.0000000000000000     
         0.0000000000000000        1.0000000000000000        1.0000000000000000     
         0.0000000000000000       0.50000000000000000        0.0000000000000000     
         0.0000000000000000        0.0000000000000000       0.50000000000000000     
         0.0000000000000000       0.50000000000000000       0.50000000000000000     
         0.0000000000000000        1.0000000000000000       0.50000000000000000     
         0.0000000000000000       0.50000000000000000        1.0000000000000000     

 !NewElementMapDefinition
          14          27
         0.0000000000000000        0.0000000000000000        0.0000000000000000     
         0.0000000000000000        1.0000000000000000        0.0000000000000000     
         0.0000000000000000        0.0000000000000000        1.0000000000000000     
         0.0000000000000000        1.0000000000000000        1.0000000000000000     
         0.0000000000000000       0.50000000000000000        0.0000000000000000     
         0.0000000000000000        0.0000000000000000       0.50000000000000000     
         0.0000000000000000       0.50000000000000000       0.50000000000000000     
         0.0000000000000000        1.0000000000000000       0.50000000000000000     
         0.0000000000000000       0.50000000000000000        1.0000000000000000     

 !NewElementMapDefinition
          15          29
         0.0000000000000000        0.0000000000000000        0.0000000000000000     
         0.0000000000000000        1.0000000000000000        0.0000000000000000     
         0.0000000000000000        0.0000000000000000        1.0000000000000000     
         0.0000000000000000        1.0000000000000000        1.0000000000000000     
         0.0000000000000000       0.50000000000000000        0.0000000000000000     
         0.0000000000000000        0.0000000000000000       0.50000000000000000     
         0.0000000000000000       0.50000000000000000       0.50000000000000000     
         0.0000000000000000        1.0000000000000000       0.50000000000000000     
         0.0000000000000000       0.50000000000000000        1.0000000000000000     

 !NewElementMapDefinition
          16          31
         0.0000000000000000        0.0000000000000000        0.0000000000000000     
         0.0000000000000000        1.0000000000000000        0.0000000000000000     
         0.0000000000000000        0.0000000000000000        1.0000000000000000     
         0.0000000000000000        1.0000000000000000        1.0000000000000000     
         0.0000000000000000       0.50000000000000000        0.0000000000000000     
         0.0000000000000000        0.0000000000000000       0.50000000000000000     
         0.0000000000000000       0.50000000000000000       0.50000000000000000     
         0.0000000000000000        1.0000000000000000       0.50000000000000000     
         0.0000000000000000       0.50000000000000000        1.0000000000000000     

 !NewElementMapDefinition
          17          33
         0.0000000000000000        0.0000000000000000        0.0000000000000000     
         0.0000000000000000        1.0000000000000000        0.0000000000000000     
         0.0000000000000000        0.0000000000000000        1.0000000000000000     
         0.0000000000000000        1.0000000000000000        1.0000000000000000     
         0.0000000000000000       0.50000000000000000        0.0000000000000000     
         0.0000000000000000        0.0000000000000000       0.50000000000000000     
         0.0000000000000000       0.50000000000000000       0.50000000000000000     
         0.0000000000000000        1.0000000000000000       0.50000000000000000     
         0.0000000000000000       0.50000000000000000        1.0000000000000000     

 !NewElementMapDefinition
          18          35
         0.0000000000000000        0.0000000000000000        0.0000000000000000     
         0.0000000000000000        1.0000000000000000        0.0000000000000000     
         0.0000000000000000        0.0000000000000000        1.0000000000000000     
         0.0000000000000000        1.0000000000000000        1.0000000000000000     
         0.0000000000000000       0.50000000000000000        0.0000000000000000     
         0.0000000000000000        0.0000000000000000       0.50000000000000000     
         0.0000000000000000       0.50000000000000000       0.50000000000000000     
         0.0000000000000000        1.0000000000000000       0.50000000000000000     
         0.0000000000000000       0.50000000000000000        1.0000000000000000     

 !NewElementMapDefinition
          19          37
         0.0000000000000000        0.0000000000000000        0.0000000000000000     
         0.0000000000000000        1.0000000000000000        0.0000000000000000     
         0.0000000000000000        0.0000000000000000        1.0000000000000000     
         0.0000000000000000        1.0000000000000000        1.0000000000000000     
         0.0000000000000000       0.50000000000000000        0.0000000000000000     
         0.0000000000000000        0.0000000000000000       0.50000000000000000     
         0.0000000000000000       0.50000000000000000       0.50000000000000000     
         0.0000000000000000        1.0000000000000000       0.50000000000000000     
         0.0000000000000000       0.50000000000000000        1.0000000000000000     

 !NewElementMapDefinition
          20          39
         0.0000000000000000        0.0000000000000000        0.0000000000000000     
         0.0000000000000000        1.0000000000000000        0.0000000000000000     
         0.0000000000000000        0.0000000000000000        1.0000000000000000     
         0.0000000000000000        1.0000000000000000        1.0000000000000000     
         0.0000000000000000       0.50000000000000000        0.0000000000000000     
         0.0000000000000000        0.0000000000000000       0.50000000000000000     
         0.0000000000000000       0.50000000000000000       0.50000000000000000     
         0.0000000000000000        1.0000000000000000       0.50000000000000000     
         0.0000000000000000       0.50000000000000000        1.0000000000000000     

 !NewElementMapDefinition
          21          41
         0.0000000000000000        0.0000000000000000        0.0000000000000000     
         0.0000000000000000        1.0000000000000000        0.0000000000000000     
         0.0000000000000000        0.0000000000000000        1.0000000000000000     
         0.0000000000000000        1.0000000000000000        1.0000000000000000     
         0.0000000000000000       0.50000000000000000        0.0000000000000000     
         0.0000000000000000        0.0000000000000000       0.50000000000000000     
         0.0000000000000000       0.50000000000000000       0.50000000000000000     
         0.0000000000000000        1.0000000000000000       0.50000000000000000     
         0.0000000000000000       0.50000000000000000        1.0000000000000000     

 !NewElementMapDefinition
          22          43
         0.0000000000000000        0.0000000000000000        0.0000000000000000     
         0.0000000000000000        1.0000000000000000        0.0000000000000000     
         0.0000000000000000        0.0000000000000000        1.0000000000000000     
         0.0000000000000000        1.0000000000000000        1.0000000000000000     
         0.0000000000000000       0.50000000000000000        0.0000000000000000     
         0.0000000000000000        0.0000000000000000       0.50000000000000000     
         0.0000000000000000       0.50000000000000000       0.50000000000000000     
         0.0000000000000000        1.0000000000000000       0.50000000000000000     
         0.0000000000000000       0.50000000000000000        1.0000000000000000     

 !NewElementMapDefinition
          23          45
         0.0000000000000000        0.0000000000000000        0.0000000000000000     
         0.0000000000000000        1.0000000000000000        0.0000000000000000     
         0.0000000000000000        0.0000000000000000        1.0000000000000000     
         0.0000000000000000        1.0000000000000000        1.0000000000000000     
         0.0000000000000000       0.50000000000000000        0.0000000000000000     
         0.0000000000000000        0.0000000000000000       0.50000000000000000     
         0.0000000000000000       0.50000000000000000       0.50000000000000000     
         0.0000000000000000        1.0000000000000000       0.50000000000000000     
         0.0000000000000000       0.50000000000000000        1.0000000000000000     

 !NewElementMapDefinition
          24          47
         0.0000000000000000        0.0000000000000000        0.0000000000000000     
         0.0000000000000000        1.0000000000000000        0.0000000000000000     
         0.0000000000000000        0.0000000000000000        1.0000000000000000     
         0.0000000000000000        1.0000000000000000        1.0000000000000000     
         0.0000000000000000       0.50000000000000000        0.0000000000000000     
         0.0000000000000000        0.0000000000000000       0.50000000000000000     
         0.0000000000000000       0.50000000000000000       0.50000000000000000     
         0.0000000000000000        1.0000000000000000       0.50000000000000000     
         0.0000000000000000       0.50000000000000000        1.0000000000000000     

 !NewElementMapDefinition
          25          49
         0.0000000000000000        0.0000000000000000        0.0000000000000000     
         0.0000000000000000        1.0000000000000000        0.0000000000000000     
         0.0000000000000000        0.0000000000000000        1.0000000000000000     
         0.0000000000000000        1.0000000000000000        1.0000000000000000     
         0.0000000000000000       0.50000000000000000        0.0000000000000000     
         0.0000000000000000        0.0000000000000000       0.50000000000000000     
         0.0000000000000000       0.50000000000000000       0.50000000000000000     
         0.0000000000000000        1.0000000000000000       0.50000000000000000     
         0.0000000000000000       0.50000000000000000        1.0000000000000000     

 !NewElementMapDefinition
          26          51
         0.0000000000000000        0.0000000000000000        0.0000000000000000     
         0.0000000000000000        1.0000000000000000        0.0000000000000000     
         0.0000000000000000        0.0000000000000000        1.0000000000000000     
         0.0000000000000000        1.0000000000000000        1.0000000000000000     
         0.0000000000000000       0.50000000000000000        0.0000000000000000     
         0.0000000000000000        0.0000000000000000       0.50000000000000000     
         0.0000000000000000       0.50000000000000000       0.50000000000000000     
         0.0000000000000000        1.0000000000000000       0.50000000000000000     
         0.0000000000000000       0.50000000000000000        1.0000000000000000     

 !NewElementMapDefinition
          27          53
         0.0000000000000000        0.0000000000000000        0.0000000000000000     
         0.0000000000000000        1.0000000000000000        0.0000000000000000     
         0.0000000000000000        0.0000000000000000        1.0000000000000000     
         0.0000000000000000        1.0000000000000000        1.0000000000000000     
         0.0000000000000000       0.50000000000000000        0.0000000000000000     
         0.0000000000000000        0.0000000000000000       0.50000000000000000     
         0.0000000000000000       0.50000000000000000       0.50000000000000000     
         0.0000000000000000        1.0000000000000000       0.50000000000000000     
         0.0000000000000000       0.50000000000000000        1.0000000000000000     

 !NewElementMapDefinition
          28          55
         0.0000000000000000        0.0000000000000000        0.0000000000000000     
         0.0000000000000000        1.0000000000000000        0.0000000000000000     
         0.0000000000000000        0.0000000000000000        1.0000000000000000     
         0.0000000000000000        1.0000000000000000        1.0000000000000000     
         0.0000000000000000       0.50000000000000000        0.0000000000000000     
         0.0000000000000000        0.0000000000000000       0.50000000000000000     
         0.0000000000000000       0.50000000000000000       0.50000000000000000     
         0.0000000000000000        1.0000000000000000       0.50000000000000000     
         0.0000000000000000       0.50000000000000000        1.0000000000000000     

 !NewElementMapDefinition
          29          57
         0.0000000000000000        0.0000000000000000        0.0000000000000000     
         0.0000000000000000        1.0000000000000000        0.0000000000000000     
         0.0000000000000000        0.0000000000000000        1.0000000000000000     
         0.0000000000000000        1.0000000000000000        1.0000000000000000     
         0.0000000000000000       0.50000000000000000        0.0000000000000000     
         0.0000000000000000        0.0000000000000000       0.50000000000000000     
         0.0000000000000000       0.50000000000000000       0.50000000000000000     
         0.0000000000000000        1.0000000000000000       0.50000000000000000     
         0.0000000000000000       0.50000000000000000        1.0000000000000000     

 !NewElementMapDefinition
          30          59
         0.0000000000000000        0.0000000000000000        0.0000000000000000     
         0.0000000000000000        1.0000000000000000        0.0000000000000000     
         0.0000000000000000        0.0000000000000000        1.0000000000000000     
         0.0000000000000000        1.0000000000000000        1.0000000000000000     
         0.0000000000000000       0.50000000000000000        0.0000000000000000     
         0.0000000000000000        0.0000000000000000       0.50000000000000000     
         0.0000000000000000       0.50000000000000000       0.50000000000000000     
         0.0000000000000000        1.0000000000000000       0.50000000000000000     
         0.0000000000000000       0.50000000000000000        1.0000000000000000     

 !NewElementMapDefinition
          31          61
         0.0000000000000000        0.0000000000000000        0.0000000000000000     
         0.0000000000000000        1.0000000000000000        0.0000000000000000     
         0.0000000000000000        0.0000000000000000        1.0000000000000000     
         0.0000000000000000        1.0000000000000000        1.0000000000000000     
         0.0000000000000000       0.50000000000000000        0.0000000000000000     
         0.0000000000000000        0.0000000000000000       0.50000000000000000     
         0.0000000000000000       0.50000000000000000       0.50000000000000000     
         0.0000000000000000        1.0000000000000000       0.50000000000000000     
         0.0000000000000000       0.50000000000000000        1.0000000000000000     

 !NewElementMapDefinition
          32          63
         0.0000000000000000        0.0000000000000000        0.0000000000000000     
         0.0000000000000000        1.0000000000000000        0.0000000000000000     
         0.0000000000000000        0.0000000000000000        1.0000000000000000     
         0.0000000000000000        1.0000000000000000        1.0000000000000000     
         0.0000000000000000       0.50000000000000000        0.0000000000000000     
         0.0000000000000000        0.0000000000000000       0.50000000000000000     
         0.0000000000000000       0.50000000000000000       0.50000000000000000     
         0.0000000000000000        1.0000000000000000       0.50000000000000000     
         0.0000000000000000       0.50000000000000000        1.0000000000000000     

 !NewElementMapDefinition
          33          65
         0.0000000000000000        0.0000000000000000        0.0000000000000000     
         0.0000000000000000        1.0000000000000000        0.0000000000000000     
         0.0000000000000000        0.0000000000000000        1.0000000000000000     
         0.0000000000000000        1.0000000000000000        1.0000000000000000     
         0.0000000000000000       0.50000000000000000        0.0000000000000000     
         0.0000000000000000        0.0000000000000000       0.50000000000000000     
         0.0000000000000000       0.50000000000000000       0.50000000000000000     
         0.0000000000000000        1.0000000000000000       0.50000000000000000     
         0.0000000000000000       0.50000000000000000        1.0000000000000000     

 !NewElementMapDefinition
          34          67
         0.0000000000000000        0.0000000000000000        0.0000000000000000     
         0.0000000000000000        1.0000000000000000        0.0000000000000000     
         0.0000000000000000        0.0000000000000000        1.0000000000000000     
         0.0000000000000000        1.0000000000000000        1.0000000000000000     
         0.0000000000000000       0.50000000000000000        0.0000000000000000     
         0.0000000000000000        0.0000000000000000       0.50000000000000000     
         0.0000000000000000       0.50000000000000000       0.50000000000000000     
         0.0000000000000000        1.0000000000000000       0.50000000000000000     
         0.0000000000000000       0.50000000000000000        1.0000000000000000     

 !NewElementMapDefinition
          35          69
         0.0000000000000000        0.0000000000000000        0.0000000000000000     
         0.0000000000000000        1.0000000000000000        0.0000000000000000     
         0.0000000000000000        0.0000000000000000        1.0000000000000000     
         0.0000000000000000        1.0000000000000000        1.0000000000000000     
         0.0000000000000000       0.50000000000000000        0.0000000000000000     
         0.0000000000000000        0.0000000000000000       0.50000000000000000     
         0.0000000000000000       0.50000000000000000       0.50000000000000000     
         0.0000000000000000        1.0000000000000000       0.50000000000000000     
         0.0000000000000000       0.50000000000000000        1.0000000000000000     

 !NewElementMapDefinition
          36          71
         0.0000000000000000        0.0000000000000000        0.0000000000000000     
         0.0000000000000000        1.0000000000000000        0.0000000000000000     
         0.0000000000000000        0.0000000000000000        1.0000000000000000     
         0.0000000000000000        1.0000000000000000        1.0000000000000000     
         0.0000000000000000       0.50000000000000000        0.0000000000000000     
         0.0000000000000000        0.0000000000000000       0.50000000000000000     
         0.0000000000000000       0.50000000000000000       0.50000000000000000     
         0.0000000000000000        1.0000000000000000       0.50000000000000000     
         0.0000000000000000       0.50000000000000000        1.0000000000000000     

 !NewElementMapDefinition
          37          73
         0.0000000000000000        0.0000000000000000        0.0000000000000000     
         0.0000000000000000        1.0000000000000000        0.0000000000000000     
         0.0000000000000000        0.0000000000000000        1.0000000000000000     
         0.0000000000000000        1.0000000000000000        1.0000000000000000     
         0.0000000000000000       0.50000000000000000        0.0000000000000000     
         0.0000000000000000        0.0000000000000000       0.50000000000000000     
         0.0000000000000000       0.50000000000000000       0.50000000000000000     
         0.0000000000000000        1.0000000000000000       0.50000000000000000     
         0.0000000000000000       0.50000000000000000        1.0000000000000000     

 !NewElementMapDefinition
          38          75
         0.0000000000000000        0.0000000000000000        0.0000000000000000     
         0.0000000000000000        1.0000000000000000        0.0000000000000000     
         0.0000000000000000        0.0000000000000000        1.0000000000000000     
         0.0000000000000000        1.0000000000000000        1.0000000000000000     
         0.0000000000000000       0.50000000000000000        0.0000000000000000     
         0.0000000000000000        0.0000000000000000       0.50000000000000000     
         0.0000000000000000       0.50000000000000000       0.50000000000000000     
         0.0000000000000000        1.0000000000000000       0.50000000000000000     
         0.0000000000000000       0.50000000000000000        1.0000000000000000     

 !NewElementMapDefinition
          39          77
         0.0000000000000000        0.0000000000000000        0.0000000000000000     
         0.0000000000000000        1.0000000000000000        0.0000000000000000     
         0.0000000000000000        0.0000000000000000        1.0000000000000000     
         0.0000000000000000        1.0000000000000000        1.0000000000000000     
         0.0000000000000000       0.50000000000000000        0.0000000000000000     
         0.0000000000000000        0.0000000000000000       0.50000000000000000     
         0.0000000000000000       0.50000000000000000       0.50000000000000000     
         0.0000000000000000        1.0000000000000000       0.50000000000000000     
         0.0000000000000000       0.50000000000000000        1.0000000000000000     

 !NewElementMapDefinition
          40          79
         0.0000000000000000        0.0000000000000000        0.0000000000000000     
         0.0000000000000000        1.0000000000000000        0.0000000000000000     
         0.0000000000000000        0.0000000000000000        1.0000000000000000     
         0.0000000000000000        1.0000000000000000        1.0000000000000000     
         0.0000000000000000       0.50000000000000000        0.0000000000000000     
         0.0000000000000000        0.0000000000000000       0.50000000000000000     
         0.0000000000000000       0.50000000000000000       0.50000000000000000     
         0.0000000000000000        1.0000000000000000       0.50000000000000000     
         0.0000000000000000       0.50000000000000000        1.0000000000000000     

 !NewElementMapDefinition
          41          81
         0.0000000000000000        0.0000000000000000        0.0000000000000000     
         0.0000000000000000        1.0000000000000000        0.0000000000000000     
         0.0000000000000000        0.0000000000000000        1.0000000000000000     
         0.0000000000000000        1.0000000000000000        1.0000000000000000     
         0.0000000000000000       0.50000000000000000        0.0000000000000000     
         0.0000000000000000        0.0000000000000000       0.50000000000000000     
         0.0000000000000000       0.50000000000000000       0.50000000000000000     
         0.0000000000000000        1.0000000000000000       0.50000000000000000     
         0.0000000000000000       0.50000000000000000        1.0000000000000000     

 !NewElementMapDefinition
          42          83
         0.0000000000000000        0.0000000000000000        0.0000000000000000     
         0.0000000000000000        1.0000000000000000        0.0000000000000000     
         0.0000000000000000        0.0000000000000000        1.0000000000000000     
         0.0000000000000000        1.0000000000000000        1.0000000000000000     
         0.0000000000000000       0.50000000000000000        0.0000000000000000     
         0.0000000000000000        0.0000000000000000       0.50000000000000000     
         0.0000000000000000       0.50000000000000000       0.50000000000000000     
         0.0000000000000000        1.0000000000000000       0.50000000000000000     
         0.0000000000000000       0.50000000000000000        1.0000000000000000     

 !NewElementMapDefinition
          43          85
         0.0000000000000000        0.0000000000000000        0.0000000000000000     
         0.0000000000000000        1.0000000000000000        0.0000000000000000     
         0.0000000000000000        0.0000000000000000        1.0000000000000000     
         0.0000000000000000        1.0000000000000000        1.0000000000000000     
         0.0000000000000000       0.50000000000000000        0.0000000000000000     
         0.0000000000000000        0.0000000000000000       0.50000000000000000     
         0.0000000000000000       0.50000000000000000       0.50000000000000000     
         0.0000000000000000        1.0000000000000000       0.50000000000000000     
         0.0000000000000000       0.50000000000000000        1.0000000000000000     

 !NewElementMapDefinition
          44          87
         0.0000000000000000        0.0000000000000000        0.0000000000000000     
         0.0000000000000000        1.0000000000000000        0.0000000000000000     
         0.0000000000000000        0.0000000000000000        1.0000000000000000     
         0.0000000000000000        1.0000000000000000        1.0000000000000000     
         0.0000000000000000       0.50000000000000000        0.0000000000000000     
         0.0000000000000000        0.0000000000000000       0.50000000000000000     
         0.0000000000000000       0.50000000000000000       0.50000000000000000     
         0.0000000000000000        1.0000000000000000       0.50000000000000000     
         0.0000000000000000       0.50000000000000000        1.0000000000000000     

 !NewElementMapDefinition
          45          89
         0.0000000000000000        0.0000000000000000        0.0000000000000000     
         0.0000000000000000        1.0000000000000000        0.0000000000000000     
         0.0000000000000000        0.0000000000000000        1.0000000000000000     
         0.0000000000000000        1.0000000000000000        1.0000000000000000     
         0.0000000000000000       0.50000000000000000        0.0000000000000000     
         0.0000000000000000        0.0000000000000000       0.50000000000000000     
         0.0000000000000000       0.50000000000000000       0.50000000000000000     
         0.0000000000000000        1.0000000000000000       0.50000000000000000     
         0.0000000000000000       0.50000000000000000        1.0000000000000000     

 !NewElementMapDefinition
          46          91
         0.0000000000000000        0.0000000000000000        0.0000000000000000     
         0.0000000000000000        1.0000000000000000        0.0000000000000000     
         0.0000000000000000        0.0000000000000000        1.0000000000000000     
         0.0000000000000000        1.0000000000000000        1.0000000000000000     
         0.0000000000000000       0.50000000000000000        0.0000000000000000     
         0.0000000000000000        0.0000000000000000       0.50000000000000000     
         0.0000000000000000       0.50000000000000000       0.50000000000000000     
         0.0000000000000000        1.0000000000000000       0.50000000000000000     
         0.0000000000000000       0.50000000000000000        1.0000000000000000     

 !NewElementMapDefinition
          47          93
         0.0000000000000000        0.0000000000000000        0.0000000000000000     
         0.0000000000000000        1.0000000000000000        0.0000000000000000     
         0.0000000000000000        0.0000000000000000        1.0000000000000000     
         0.0000000000000000        1.0000000000000000        1.0000000000000000     
         0.0000000000000000       0.50000000000000000        0.0000000000000000     
         0.0000000000000000        0.0000000000000000       0.50000000000000000     
         0.0000000000000000       0.50000000000000000       0.50000000000000000     
         0.0000000000000000        1.0000000000000000       0.50000000000000000     
         0.0000000000000000       0.50000000000000000        1.0000000000000000     

 !NewElementMapDefinition
          48          95
         0.0000000000000000        0.0000000000000000        0.0000000000000000     
         0.0000000000000000        1.0000000000000000        0.0000000000000000     
         0.0000000000000000        0.0000000000000000        1.0000000000000000     
         0.0000000000000000        1.0000000000000000        1.0000000000000000     
         0.0000000000000000       0.50000000000000000        0.0000000000000000     
         0.0000000000000000        0.0000000000000000       0.50000000000000000     
         0.0000000000000000       0.50000000000000000       0.50000000000000000     
         0.0000000000000000        1.0000000000000000       0.50000000000000000     
         0.0000000000000000       0.50000000000000000        1.0000000000000000     

 !NewElementMapDefinition
          49          97
         0.0000000000000000        0.0000000000000000        0.0000000000000000     
         0.0000000000000000        1.0000000000000000        0.0000000000000000     
         0.0000000000000000        0.0000000000000000        1.0000000000000000     
         0.0000000000000000        1.0000000000000000        1.0000000000000000     
         0.0000000000000000       0.50000000000000000        0.0000000000000000     
         0.0000000000000000        0.0000000000000000       0.50000000000000000     
         0.0000000000000000       0.50000000000000000       0.50000000000000000     
         0.0000000000000000        1.0000000000000000       0.50000000000000000     
         0.0000000000000000       0.50000000000000000        1.0000000000000000     

 !NewElementMapDefinition
          50          99
         0.0000000000000000        0.0000000000000000        0.0000000000000000     
         0.0000000000000000        1.0000000000000000        0.0000000000000000     
         0.0000000000000000        0.0000000000000000        1.0000000000000000     
         0.0000000000000000        1.0000000000000000        1.0000000000000000     
         0.0000000000000000       0.50000000000000000        0.0000000000000000     
         0.0000000000000000        0.0000000000000000       0.50000000000000000     
         0.0000000000000000       0.50000000000000000       0.50000000000000000     
         0.0000000000000000        1.0000000000000000       0.50000000000000000     
         0.0000000000000000       0.50000000000000000        1.0000000000000000     

 !NewElementMapDefinition
          51         101
         0.0000000000000000        0.0000000000000000        0.0000000000000000     
         0.0000000000000000        1.0000000000000000        0.0000000000000000     
         0.0000000000000000        0.0000000000000000        1.0000000000000000     
         0.0000000000000000        1.0000000000000000        1.0000000000000000     
         0.0000000000000000       0.50000000000000000        0.0000000000000000     
         0.0000000000000000        0.0000000000000000       0.50000000000000000     
         0.0000000000000000       0.50000000000000000       0.50000000000000000     
         0.0000000000000000        1.0000000000000000       0.50000000000000000     
         0.0000000000000000       0.50000000000000000        1.0000000000000000     

 !NewElementMapDefinition
          52         103
         0.0000000000000000        0.0000000000000000        0.0000000000000000     
         0.0000000000000000        1.0000000000000000        0.0000000000000000     
         0.0000000000000000        0.0000000000000000        1.0000000000000000     
         0.0000000000000000        1.0000000000000000        1.0000000000000000     
         0.0000000000000000       0.50000000000000000        0.0000000000000000     
         0.0000000000000000        0.0000000000000000       0.50000000000000000     
         0.0000000000000000       0.50000000000000000       0.50000000000000000     
         0.0000000000000000        1.0000000000000000       0.50000000000000000     
         0.0000000000000000       0.50000000000000000        1.0000000000000000     

 !NewElementMapDefinition
          53         105
         0.0000000000000000        0.0000000000000000        0.0000000000000000     
         0.0000000000000000        1.0000000000000000        0.0000000000000000     
         0.0000000000000000        0.0000000000000000        1.0000000000000000     
         0.0000000000000000        1.0000000000000000        1.0000000000000000     
         0.0000000000000000       0.50000000000000000        0.0000000000000000     
         0.0000000000000000        0.0000000000000000       0.50000000000000000     
         0.0000000000000000       0.50000000000000000       0.50000000000000000     
         0.0000000000000000        1.0000000000000000       0.50000000000000000     
         0.0000000000000000       0.50000000000000000        1.0000000000000000     

 !NewElementMapDefinition
          54         107
         0.0000000000000000        0.0000000000000000        0.0000000000000000     
         0.0000000000000000        1.0000000000000000        0.0000000000000000     
         0.0000000000000000        0.0000000000000000        1.0000000000000000     
         0.0000000000000000        1.0000000000000000        1.0000000000000000     
         0.0000000000000000       0.50000000000000000        0.0000000000000000     
         0.0000000000000000        0.0000000000000000       0.50000000000000000     
         0.0000000000000000       0.50000000000000000       0.50000000000000000     
         0.0000000000000000        1.0000000000000000       0.50000000000000000     
         0.0000000000000000       0.50000000000000000        1.0000000000000000     

 !NewElementMapDefinition
          55         109
         0.0000000000000000        0.0000000000000000        0.0000000000000000     
         0.0000000000000000        1.0000000000000000        0.0000000000000000     
         0.0000000000000000        0.0000000000000000        1.0000000000000000     
         0.0000000000000000        1.0000000000000000        1.0000000000000000     
         0.0000000000000000       0.50000000000000000        0.0000000000000000     
         0.0000000000000000        0.0000000000000000       0.50000000000000000     
         0.0000000000000000       0.50000000000000000       0.50000000000000000     
         0.0000000000000000        1.0000000000000000       0.50000000000000000     
         0.0000000000000000       0.50000000000000000        1.0000000000000000     

 !NewElementMapDefinition
          56         111
         0.0000000000000000        0.0000000000000000        0.0000000000000000     
         0.0000000000000000        1.0000000000000000        0.0000000000000000     
         0.0000000000000000        0.0000000000000000        1.0000000000000000     
         0.0000000000000000        1.0000000000000000        1.0000000000000000     
         0.0000000000000000       0.50000000000000000        0.0000000000000000     
         0.0000000000000000        0.0000000000000000       0.50000000000000000     
         0.0000000000000000       0.50000000000000000       0.50000000000000000     
         0.0000000000000000        1.0000000000000000       0.50000000000000000     
         0.0000000000000000       0.50000000000000000        1.0000000000000000     

 !NewElementMapDefinition
          57         113
         0.0000000000000000        0.0000000000000000        0.0000000000000000     
         0.0000000000000000        1.0000000000000000        0.0000000000000000     
         0.0000000000000000        0.0000000000000000        1.0000000000000000     
         0.0000000000000000        1.0000000000000000        1.0000000000000000     
         0.0000000000000000       0.50000000000000000        0.0000000000000000     
         0.0000000000000000        0.0000000000000000       0.50000000000000000     
         0.0000000000000000       0.50000000000000000       0.50000000000000000     
         0.0000000000000000        1.0000000000000000       0.50000000000000000     
         0.0000000000000000       0.50000000000000000        1.0000000000000000     

 !NewElementMapDefinition
          58         115
         0.0000000000000000        0.0000000000000000        0.0000000000000000     
         0.0000000000000000        1.0000000000000000        0.0000000000000000     
         0.0000000000000000        0.0000000000000000        1.0000000000000000     
         0.0000000000000000        1.0000000000000000        1.0000000000000000     
         0.0000000000000000       0.50000000000000000        0.0000000000000000     
         0.0000000000000000        0.0000000000000000       0.50000000000000000     
         0.0000000000000000       0.50000000000000000       0.50000000000000000     
         0.0000000000000000        1.0000000000000000       0.50000000000000000     
         0.0000000000000000       0.50000000000000000        1.0000000000000000     

 !NewElementMapDefinition
          59         117
         0.0000000000000000        0.0000000000000000        0.0000000000000000     
         0.0000000000000000        1.0000000000000000        0.0000000000000000     
         0.0000000000000000        0.0000000000000000        1.0000000000000000     
         0.0000000000000000        1.0000000000000000        1.0000000000000000     
         0.0000000000000000       0.50000000000000000        0.0000000000000000     
         0.0000000000000000        0.0000000000000000       0.50000000000000000     
         0.0000000000000000       0.50000000000000000       0.50000000000000000     
         0.0000000000000000        1.0000000000000000       0.50000000000000000     
         0.0000000000000000       0.50000000000000000        1.0000000000000000     

 !NewElementMapDefinition
          60         119
         0.0000000000000000        0.0000000000000000        0.0000000000000000     
         0.0000000000000000        1.0000000000000000        0.0000000000000000     
         0.0000000000000000        0.0000000000000000        1.0000000000000000     
         0.0000000000000000        1.0000000000000000        1.0000000000000000     
         0.0000000000000000       0.50000000000000000        0.0000000000000000     
         0.0000000000000000        0.0000000000000000       0.50000000000000000     
         0.0000000000000000       0.50000000000000000       0.50000000000000000     
         0.0000000000000000        1.0000000000000000       0.50000000000000000     
         0.0000000000000000       0.50000000000000000        1.0000000000000000     

 !NewElementMapDefinition
          61         121
         0.0000000000000000        0.0000000000000000        0.0000000000000000     
         0.0000000000000000        1.0000000000000000        0.0000000000000000     
         0.0000000000000000        0.0000000000000000        1.0000000000000000     
         0.0000000000000000        1.0000000000000000        1.0000000000000000     
         0.0000000000000000       0.50000000000000000        0.0000000000000000     
         0.0000000000000000        0.0000000000000000       0.50000000000000000     
         0.0000000000000000       0.50000000000000000       0.50000000000000000     
         0.0000000000000000        1.0000000000000000       0.50000000000000000     
         0.0000000000000000       0.50000000000000000        1.0000000000000000     

 !NewElementMapDefinition
          62         123
         0.0000000000000000        0.0000000000000000        0.0000000000000000     
         0.0000000000000000        1.0000000000000000        0.0000000000000000     
         0.0000000000000000        0.0000000000000000        1.0000000000000000     
         0.0000000000000000        1.0000000000000000        1.0000000000000000     
         0.0000000000000000       0.50000000000000000        0.0000000000000000     
         0.0000000000000000        0.0000000000000000       0.50000000000000000     
         0.0000000000000000       0.50000000000000000       0.50000000000000000     
         0.0000000000000000        1.0000000000000000       0.50000000000000000     
         0.0000000000000000       0.50000000000000000        1.0000000000000000     

 !NewElementMapDefinition
          63         125
         0.0000000000000000        0.0000000000000000        0.0000000000000000     
         0.0000000000000000        1.0000000000000000        0.0000000000000000     
         0.0000000000000000        0.0000000000000000        1.0000000000000000     
         0.0000000000000000        1.0000000000000000        1.0000000000000000     
         0.0000000000000000       0.50000000000000000        0.0000000000000000     
         0.0000000000000000        0.0000000000000000       0.50000000000000000     
         0.0000000000000000       0.50000000000000000       0.50000000000000000     
         0.0000000000000000        1.0000000000000000       0.50000000000000000     
         0.0000000000000000       0.50000000000000000        1.0000000000000000     

 !NewElementMapDefinition
          64         127
         0.0000000000000000        0.0000000000000000        0.0000000000000000     
         0.0000000000000000        1.0000000000000000        0.0000000000000000     
         0.0000000000000000        0.0000000000000000        1.0000000000000000     
         0.0000000000000000        1.0000000000000000        1.0000000000000000     
         0.0000000000000000       0.50000000000000000        0.0000000000000000     
         0.0000000000000000        0.0000000000000000       0.50000000000000000     
         0.0000000000000000       0.50000000000000000       0.50000000000000000     
         0.0000000000000000        1.0000000000000000       0.50000000000000000     
         0.0000000000000000       0.50000000000000000        1.0000000000000000     

 !NewElementMapDefinition
          65         129
         0.0000000000000000        0.0000000000000000        0.0000000000000000     
         0.0000000000000000        1.0000000000000000        0.0000000000000000     
         0.0000000000000000        0.0000000000000000        1.0000000000000000     
         0.0000000000000000        1.0000000000000000        1.0000000000000000     
         0.0000000000000000       0.50000000000000000        0.0000000000000000     
         0.0000000000000000        0.0000000000000000       0.50000000000000000     
         0.0000000000000000       0.50000000000000000       0.50000000000000000     
         0.0000000000000000        1.0000000000000000       0.50000000000000000     
         0.0000000000000000       0.50000000000000000        1.0000000000000000     

 !NewElementMapDefinition
          66         131
         0.0000000000000000        0.0000000000000000        0.0000000000000000     
         0.0000000000000000        1.0000000000000000        0.0000000000000000     
         0.0000000000000000        0.0000000000000000        1.0000000000000000     
         0.0000000000000000        1.0000000000000000        1.0000000000000000     
         0.0000000000000000       0.50000000000000000        0.0000000000000000     
         0.0000000000000000        0.0000000000000000       0.50000000000000000     
         0.0000000000000000       0.50000000000000000       0.50000000000000000     
         0.0000000000000000        1.0000000000000000       0.50000000000000000     
         0.0000000000000000       0.50000000000000000        1.0000000000000000     

 !NewElementMapDefinition
          67         133
         0.0000000000000000        0.0000000000000000        0.0000000000000000     
         0.0000000000000000        1.0000000000000000        0.0000000000000000     
         0.0000000000000000        0.0000000000000000        1.0000000000000000     
         0.0000000000000000        1.0000000000000000        1.0000000000000000     
         0.0000000000000000       0.50000000000000000        0.0000000000000000     
         0.0000000000000000        0.0000000000000000       0.50000000000000000     
         0.0000000000000000       0.50000000000000000       0.50000000000000000     
         0.0000000000000000        1.0000000000000000       0.50000000000000000     
         0.0000000000000000       0.50000000000000000        1.0000000000000000     

 !NewElementMapDefinition
          68         135
         0.0000000000000000        0.0000000000000000        0.0000000000000000     
         0.0000000000000000        1.0000000000000000        0.0000000000000000     
         0.0000000000000000        0.0000000000000000        1.0000000000000000     
         0.0000000000000000        1.0000000000000000        1.0000000000000000     
         0.0000000000000000       0.50000000000000000        0.0000000000000000     
         0.0000000000000000        0.0000000000000000       0.50000000000000000     
         0.0000000000000000       0.50000000000000000       0.50000000000000000     
         0.0000000000000000        1.0000000000000000       0.50000000000000000     
         0.0000000000000000       0.50000000000000000        1.0000000000000000     

 !NewElementMapDefinition
          69         137
         0.0000000000000000        0.0000000000000000        0.0000000000000000     
         0.0000000000000000        1.0000000000000000        0.0000000000000000     
         0.0000000000000000        0.0000000000000000        1.0000000000000000     
         0.0000000000000000        1.0000000000000000        1.0000000000000000     
         0.0000000000000000       0.50000000000000000        0.0000000000000000     
         0.0000000000000000        0.0000000000000000       0.50000000000000000     
         0.0000000000000000       0.50000000000000000       0.50000000000000000     
         0.0000000000000000        1.0000000000000000       0.50000000000000000     
         0.0000000000000000       0.50000000000000000        1.0000000000000000     

 !NewElementMapDefinition
          70         139
         0.0000000000000000        0.0000000000000000        0.0000000000000000     
         0.0000000000000000        1.0000000000000000        0.0000000000000000     
         0.0000000000000000        0.0000000000000000        1.0000000000000000     
         0.0000000000000000        1.0000000000000000        1.0000000000000000     
         0.0000000000000000       0.50000000000000000        0.0000000000000000     
         0.0000000000000000        0.0000000000000000       0.50000000000000000     
         0.0000000000000000       0.50000000000000000       0.50000000000000000     
         0.0000000000000000        1.0000000000000000       0.50000000000000000     
         0.0000000000000000       0.50000000000000000        1.0000000000000000     

 !NewElementMapDefinition
          71         141
         0.0000000000000000        0.0000000000000000        0.0000000000000000     
         0.0000000000000000        1.0000000000000000        0.0000000000000000     
         0.0000000000000000        0.0000000000000000        1.0000000000000000     
         0.0000000000000000        1.0000000000000000        1.0000000000000000     
         0.0000000000000000       0.50000000000000000        0.0000000000000000     
         0.0000000000000000        0.0000000000000000       0.50000000000000000     
         0.0000000000000000       0.50000000000000000       0.50000000000000000     
         0.0000000000000000        1.0000000000000000       0.50000000000000000     
         0.0000000000000000       0.50000000000000000        1.0000000000000000     

 !NewElementMapDefinition
          72         143
         0.0000000000000000        0.0000000000000000        0.0000000000000000     
         0.0000000000000000        1.0000000000000000        0.0000000000000000     
         0.0000000000000000        0.0000000000000000        1.0000000000000000     
         0.0000000000000000        1.0000000000000000        1.0000000000000000     
         0.0000000000000000       0.50000000000000000        0.0000000000000000     
         0.0000000000000000        0.0000000000000000       0.50000000000000000     
         0.0000000000000000       0.50000000000000000       0.50000000000000000     
         0.0000000000000000        1.0000000000000000       0.50000000000000000     
         0.0000000000000000       0.50000000000000000        1.0000000000000000     

 !NewElementMapDefinition
          73         145
         0.0000000000000000        0.0000000000000000        0.0000000000000000     
         0.0000000000000000        1.0000000000000000        0.0000000000000000     
         0.0000000000000000        0.0000000000000000        1.0000000000000000     
         0.0000000000000000        1.0000000000000000        1.0000000000000000     
         0.0000000000000000       0.50000000000000000        0.0000000000000000     
         0.0000000000000000        0.0000000000000000       0.50000000000000000     
         0.0000000000000000       0.50000000000000000       0.50000000000000000     
         0.0000000000000000        1.0000000000000000       0.50000000000000000     
         0.0000000000000000       0.50000000000000000        1.0000000000000000     

 !NewElementMapDefinition
          74         147
         0.0000000000000000        0.0000000000000000        0.0000000000000000     
         0.0000000000000000        1.0000000000000000        0.0000000000000000     
         0.0000000000000000        0.0000000000000000        1.0000000000000000     
         0.0000000000000000        1.0000000000000000        1.0000000000000000     
         0.0000000000000000       0.50000000000000000        0.0000000000000000     
         0.0000000000000000        0.0000000000000000       0.50000000000000000     
         0.0000000000000000       0.50000000000000000       0.50000000000000000     
         0.0000000000000000        1.0000000000000000       0.50000000000000000     
         0.0000000000000000       0.50000000000000000        1.0000000000000000     

 !NewElementMapDefinition
          75         149
         0.0000000000000000        0.0000000000000000        0.0000000000000000     
         0.0000000000000000        1.0000000000000000        0.0000000000000000     
         0.0000000000000000        0.0000000000000000        1.0000000000000000     
         0.0000000000000000        1.0000000000000000        1.0000000000000000     
         0.0000000000000000       0.50000000000000000        0.0000000000000000     
         0.0000000000000000        0.0000000000000000       0.50000000000000000     
         0.0000000000000000       0.50000000000000000       0.50000000000000000     
         0.0000000000000000        1.0000000000000000       0.50000000000000000     
         0.0000000000000000       0.50000000000000000        1.0000000000000000     

 !NewElementMapDefinition
          76         151
         0.0000000000000000        0.0000000000000000        0.0000000000000000     
         0.0000000000000000        1.0000000000000000        0.0000000000000000     
         0.0000000000000000        0.0000000000000000        1.0000000000000000     
         0.0000000000000000        1.0000000000000000        1.0000000000000000     
         0.0000000000000000       0.50000000000000000        0.0000000000000000     
         0.0000000000000000        0.0000000000000000       0.50000000000000000     
         0.0000000000000000       0.50000000000000000       0.50000000000000000     
         0.0000000000000000        1.0000000000000000       0.50000000000000000     
         0.0000000000000000       0.50000000000000000        1.0000000000000000     

 !NewElementMapDefinition
          77         153
         0.0000000000000000        0.0000000000000000        0.0000000000000000     
         0.0000000000000000        1.0000000000000000        0.0000000000000000     
         0.0000000000000000        0.0000000000000000        1.0000000000000000     
         0.0000000000000000        1.0000000000000000        1.0000000000000000     
         0.0000000000000000       0.50000000000000000        0.0000000000000000     
         0.0000000000000000        0.0000000000000000       0.50000000000000000     
         0.0000000000000000       0.50000000000000000       0.50000000000000000     
         0.0000000000000000        1.0000000000000000       0.50000000000000000     
         0.0000000000000000       0.50000000000000000        1.0000000000000000     

 !NewElementMapDefinition
          78         155
         0.0000000000000000        0.0000000000000000        0.0000000000000000     
         0.0000000000000000        1.0000000000000000        0.0000000000000000     
         0.0000000000000000        0.0000000000000000        1.0000000000000000     
         0.0000000000000000        1.0000000000000000        1.0000000000000000     
         0.0000000000000000       0.50000000000000000        0.0000000000000000     
         0.0000000000000000        0.0000000000000000       0.50000000000000000     
         0.0000000000000000       0.50000000000000000       0.50000000000000000     
         0.0000000000000000        1.0000000000000000       0.50000000000000000     
         0.0000000000000000       0.50000000000000000        1.0000000000000000     

 !NewElementMapDefinition
          79         157
         0.0000000000000000        0.0000000000000000        0.0000000000000000     
         0.0000000000000000        1.0000000000000000        0.0000000000000000     
         0.0000000000000000        0.0000000000000000        1.0000000000000000     
         0.0000000000000000        1.0000000000000000        1.0000000000000000     
         0.0000000000000000       0.50000000000000000        0.0000000000000000     
         0.0000000000000000        0.0000000000000000       0.50000000000000000     
         0.0000000000000000       0.50000000000000000       0.50000000000000000     
         0.0000000000000000        1.0000000000000000       0.50000000000000000     
         0.0000000000000000       0.50000000000000000        1.0000000000000000     

 !NewElementMapDefinition
          80         159
         0.0000000000000000        0.0000000000000000        0.0000000000000000     
         0.0000000000000000        1.0000000000000000        0.0000000000000000     
         0.0000000000000000        0.0000000000000000        1.0000000000000000     
         0.0000000000000000        1.0000000000000000        1.0000000000000000     
         0.0000000000000000       0.50000000000000000        0.0000000000000000     
         0.0000000000000000        0.0000000000000000       0.50000000000000000     
         0.0000000000000000       0.50000000000000000       0.50000000000000000     
         0.0000000000000000        1.0000000000000000       0.50000000000000000     
         0.0000000000000000       0.50000000000000000        1.0000000000000000     

 !NewElementMapDefinition
          81         161
         0.0000000000000000        0.0000000000000000        0.0000000000000000     
         0.0000000000000000        1.0000000000000000        0.0000000000000000     
         0.0000000000000000        0.0000000000000000        1.0000000000000000     
         0.0000000000000000        1.0000000000000000        1.0000000000000000     
         0.0000000000000000       0.50000000000000000        0.0000000000000000     
         0.0000000000000000        0.0000000000000000       0.50000000000000000     
         0.0000000000000000       0.50000000000000000       0.50000000000000000     
         0.0000000000000000        1.0000000000000000       0.50000000000000000     
         0.0000000000000000       0.50000000000000000        1.0000000000000000     

 !NewElementMapDefinition
          82         163
         0.0000000000000000        0.0000000000000000        0.0000000000000000     
         0.0000000000000000        1.0000000000000000        0.0000000000000000     
         0.0000000000000000        0.0000000000000000        1.0000000000000000     
         0.0000000000000000        1.0000000000000000        1.0000000000000000     
         0.0000000000000000       0.50000000000000000        0.0000000000000000     
         0.0000000000000000        0.0000000000000000       0.50000000000000000     
         0.0000000000000000       0.50000000000000000       0.50000000000000000     
         0.0000000000000000        1.0000000000000000       0.50000000000000000     
         0.0000000000000000       0.50000000000000000        1.0000000000000000     

 !NewElementMapDefinition
          83         165
         0.0000000000000000        0.0000000000000000        0.0000000000000000     
         0.0000000000000000        1.0000000000000000        0.0000000000000000     
         0.0000000000000000        0.0000000000000000        1.0000000000000000     
         0.0000000000000000        1.0000000000000000        1.0000000000000000     
         0.0000000000000000       0.50000000000000000        0.0000000000000000     
         0.0000000000000000        0.0000000000000000       0.50000000000000000     
         0.0000000000000000       0.50000000000000000       0.50000000000000000     
         0.0000000000000000        1.0000000000000000       0.50000000000000000     
         0.0000000000000000       0.50000000000000000        1.0000000000000000     

 !NewElementMapDefinition
          84         167
         0.0000000000000000        0.0000000000000000        0.0000000000000000     
         0.0000000000000000        1.0000000000000000        0.0000000000000000     
         0.0000000000000000        0.0000000000000000        1.0000000000000000     
         0.0000000000000000        1.0000000000000000        1.0000000000000000     
         0.0000000000000000       0.50000000000000000        0.0000000000000000     
         0.0000000000000000        0.0000000000000000       0.50000000000000000     
         0.0000000000000000       0.50000000000000000       0.50000000000000000     
         0.0000000000000000        1.0000000000000000       0.50000000000000000     
         0.0000000000000000       0.50000000000000000        1.0000000000000000     

 !NewElementMapDefinition
          85         169
         0.0000000000000000        0.0000000000000000        0.0000000000000000     
         0.0000000000000000        1.0000000000000000        0.0000000000000000     
         0.0000000000000000        0.0000000000000000        1.0000000000000000     
         0.0000000000000000        1.0000000000000000        1.0000000000000000     
         0.0000000000000000       0.50000000000000000        0.0000000000000000     
         0.0000000000000000        0.0000000000000000       0.50000000000000000     
         0.0000000000000000       0.50000000000000000       0.50000000000000000     
         0.0000000000000000        1.0000000000000000       0.50000000000000000     
         0.0000000000000000       0.50000000000000000        1.0000000000000000     

 !NewElementMapDefinition
          86         171
         0.0000000000000000        0.0000000000000000        0.0000000000000000     
         0.0000000000000000        1.0000000000000000        0.0000000000000000     
         0.0000000000000000        0.0000000000000000        1.0000000000000000     
         0.0000000000000000        1.0000000000000000        1.0000000000000000     
         0.0000000000000000       0.50000000000000000        0.0000000000000000     
         0.0000000000000000        0.0000000000000000       0.50000000000000000     
         0.0000000000000000       0.50000000000000000       0.50000000000000000     
         0.0000000000000000        1.0000000000000000       0.50000000000000000     
         0.0000000000000000       0.50000000000000000        1.0000000000000000     

 !NewElementMapDefinition
          87         173
         0.0000000000000000        0.0000000000000000        0.0000000000000000     
         0.0000000000000000        1.0000000000000000        0.0000000000000000     
         0.0000000000000000        0.0000000000000000        1.0000000000000000     
         0.0000000000000000        1.0000000000000000        1.0000000000000000     
         0.0000000000000000       0.50000000000000000        0.0000000000000000     
         0.0000000000000000        0.0000000000000000       0.50000000000000000     
         0.0000000000000000       0.50000000000000000       0.50000000000000000     
         0.0000000000000000        1.0000000000000000       0.50000000000000000     
         0.0000000000000000       0.50000000000000000        1.0000000000000000     

 !NewElementMapDefinition
          88         175
         0.0000000000000000        0.0000000000000000        0.0000000000000000     
         0.0000000000000000        1.0000000000000000        0.0000000000000000     
         0.0000000000000000        0.0000000000000000        1.0000000000000000     
         0.0000000000000000        1.0000000000000000        1.0000000000000000     
         0.0000000000000000       0.50000000000000000        0.0000000000000000     
         0.0000000000000000        0.0000000000000000       0.50000000000000000     
         0.0000000000000000       0.50000000000000000       0.50000000000000000     
         0.0000000000000000        1.0000000000000000       0.50000000000000000     
         0.0000000000000000       0.50000000000000000        1.0000000000000000     

 !NewElementMapDefinition
          89         177
         0.0000000000000000        0.0000000000000000        0.0000000000000000     
         0.0000000000000000        1.0000000000000000        0.0000000000000000     
         0.0000000000000000        0.0000000000000000        1.0000000000000000     
         0.0000000000000000        1.0000000000000000        1.0000000000000000     
         0.0000000000000000       0.50000000000000000        0.0000000000000000     
         0.0000000000000000        0.0000000000000000       0.50000000000000000     
         0.0000000000000000       0.50000000000000000       0.50000000000000000     
         0.0000000000000000        1.0000000000000000       0.50000000000000000     
         0.0000000000000000       0.50000000000000000        1.0000000000000000     

 !NewElementMapDefinition
          90         179
         0.0000000000000000        0.0000000000000000        0.0000000000000000     
         0.0000000000000000        1.0000000000000000        0.0000000000000000     
         0.0000000000000000        0.0000000000000000        1.0000000000000000     
         0.0000000000000000        1.0000000000000000        1.0000000000000000     
         0.0000000000000000       0.50000000000000000        0.0000000000000000     
         0.0000000000000000        0.0000000000000000       0.50000000000000000     
         0.0000000000000000       0.50000000000000000       0.50000000000000000     
         0.0000000000000000        1.0000000000000000       0.50000000000000000     
         0.0000000000000000       0.50000000000000000        1.0000000000000000     

 !NewElementMapDefinition
          91         181
         0.0000000000000000        0.0000000000000000        0.0000000000000000     
         0.0000000000000000        1.0000000000000000        0.0000000000000000     
         0.0000000000000000        0.0000000000000000        1.0000000000000000     
         0.0000000000000000        1.0000000000000000        1.0000000000000000     
         0.0000000000000000       0.50000000000000000        0.0000000000000000     
         0.0000000000000000        0.0000000000000000       0.50000000000000000     
         0.0000000000000000       0.50000000000000000       0.50000000000000000     
         0.0000000000000000        1.0000000000000000       0.50000000000000000     
         0.0000000000000000       0.50000000000000000        1.0000000000000000     

 !NewElementMapDefinition
          92         183
         0.0000000000000000        0.0000000000000000        0.0000000000000000     
         0.0000000000000000        1.0000000000000000        0.0000000000000000     
         0.0000000000000000        0.0000000000000000        1.0000000000000000     
         0.0000000000000000        1.0000000000000000        1.0000000000000000     
         0.0000000000000000       0.50000000000000000        0.0000000000000000     
         0.0000000000000000        0.0000000000000000       0.50000000000000000     
         0.0000000000000000       0.50000000000000000       0.50000000000000000     
         0.0000000000000000        1.0000000000000000       0.50000000000000000     
         0.0000000000000000       0.50000000000000000        1.0000000000000000     

 !NewElementMapDefinition
          93         185
         0.0000000000000000        0.0000000000000000        0.0000000000000000     
         0.0000000000000000        1.0000000000000000        0.0000000000000000     
         0.0000000000000000        0.0000000000000000        1.0000000000000000     
         0.0000000000000000        1.0000000000000000        1.0000000000000000     
         0.0000000000000000       0.50000000000000000        0.0000000000000000     
         0.0000000000000000        0.0000000000000000       0.50000000000000000     
         0.0000000000000000       0.50000000000000000       0.50000000000000000     
         0.0000000000000000        1.0000000000000000       0.50000000000000000     
         0.0000000000000000       0.50000000000000000        1.0000000000000000     

 !NewElementMapDefinition
          94         187
         0.0000000000000000        0.0000000000000000        0.0000000000000000     
         0.0000000000000000        1.0000000000000000        0.0000000000000000     
         0.0000000000000000        0.0000000000000000        1.0000000000000000     
         0.0000000000000000        1.0000000000000000        1.0000000000000000     
         0.0000000000000000       0.50000000000000000        0.0000000000000000     
         0.0000000000000000        0.0000000000000000       0.50000000000000000     
         0.0000000000000000       0.50000000000000000       0.50000000000000000     
         0.0000000000000000        1.0000000000000000       0.50000000000000000     
         0.0000000000000000       0.50000000000000000        1.0000000000000000     

 !NewElementMapDefinition
          95         189
         0.0000000000000000        0.0000000000000000        0.0000000000000000     
         0.0000000000000000        1.0000000000000000        0.0000000000000000     
         0.0000000000000000        0.0000000000000000        1.0000000000000000     
         0.0000000000000000        1.0000000000000000        1.0000000000000000     
         0.0000000000000000       0.50000000000000000        0.0000000000000000     
         0.0000000000000000        0.0000000000000000       0.50000000000000000     
         0.0000000000000000       0.50000000000000000       0.50000000000000000     
         0.0000000000000000        1.0000000000000000       0.50000000000000000     
         0.0000000000000000       0.50000000000000000        1.0000000000000000     

 !NewElementMapDefinition
          96         191
         0.0000000000000000        0.0000000000000000        0.0000000000000000     
         0.0000000000000000        1.0000000000000000        0.0000000000000000     
         0.0000000000000000        0.0000000000000000        1.0000000000000000     
         0.0000000000000000        1.0000000000000000        1.0000000000000000     
         0.0000000000000000       0.50000000000000000        0.0000000000000000     
         0.0000000000000000        0.0000000000000000       0.50000000000000000     
         0.0000000000000000       0.50000000000000000       0.50000000000000000     
         0.0000000000000000        1.0000000000000000       0.50000000000000000     
         0.0000000000000000       0.50000000000000000        1.0000000000000000     

 !NewElementMapDefinition
          97         193
         0.0000000000000000        0.0000000000000000        0.0000000000000000     
         0.0000000000000000        1.0000000000000000        0.0000000000000000     
         0.0000000000000000        0.0000000000000000        1.0000000000000000     
         0.0000000000000000        1.0000000000000000        1.0000000000000000     
         0.0000000000000000       0.50000000000000000        0.0000000000000000     
         0.0000000000000000        0.0000000000000000       0.50000000000000000     
         0.0000000000000000       0.50000000000000000       0.50000000000000000     
         0.0000000000000000        1.0000000000000000       0.50000000000000000     
         0.0000000000000000       0.50000000000000000        1.0000000000000000     

 !NewElementMapDefinition
          98         195
         0.0000000000000000        0.0000000000000000        0.0000000000000000     
         0.0000000000000000        1.0000000000000000        0.0000000000000000     
         0.0000000000000000        0.0000000000000000        1.0000000000000000     
         0.0000000000000000        1.0000000000000000        1.0000000000000000     
         0.0000000000000000       0.50000000000000000        0.0000000000000000     
         0.0000000000000000        0.0000000000000000       0.50000000000000000     
         0.0000000000000000       0.50000000000000000       0.50000000000000000     
         0.0000000000000000        1.0000000000000000       0.50000000000000000     
         0.0000000000000000       0.50000000000000000        1.0000000000000000     

 !NewElementMapDefinition
          99         197
         0.0000000000000000        0.0000000000000000        0.0000000000000000     
         0.0000000000000000        1.0000000000000000        0.0000000000000000     
         0.0000000000000000        0.0000000000000000        1.0000000000000000     
         0.0000000000000000        1.0000000000000000        1.0000000000000000     
         0.0000000000000000       0.50000000000000000        0.0000000000000000     
         0.0000000000000000        0.0000000000000000       0.50000000000000000     
         0.0000000000000000       0.50000000000000000       0.50000000000000000     
         0.0000000000000000        1.0000000000000000       0.50000000000000000     
         0.0000000000000000       0.50000000000000000        1.0000000000000000     

 !NewElementMapDefinition
         100         199
         0.0000000000000000        0.0000000000000000        0.0000000000000000     
         0.0000000000000000        1.0000000000000000        0.0000000000000000     
         0.0000000000000000        0.0000000000000000        1.0000000000000000     
         0.0000000000000000        1.0000000000000000        1.0000000000000000     
         0.0000000000000000       0.50000000000000000        0.0000000000000000     
         0.0000000000000000        0.0000000000000000       0.50000000000000000     
         0.0000000000000000       0.50000000000000000       0.50000000000000000     
         0.0000000000000000        1.0000000000000000       0.50000000000000000     
         0.0000000000000000       0.50000000000000000        1.0000000000000000     

 !NewElementMapDefinition
         101         201
         0.0000000000000000        0.0000000000000000        0.0000000000000000     
         0.0000000000000000        1.0000000000000000        0.0000000000000000     
         0.0000000000000000        0.0000000000000000        1.0000000000000000     
         0.0000000000000000        1.0000000000000000        1.0000000000000000     
         0.0000000000000000       0.50000000000000000        0.0000000000000000     
         0.0000000000000000        0.0000000000000000       0.50000000000000000     
         0.0000000000000000       0.50000000000000000       0.50000000000000000     
         0.0000000000000000        1.0000000000000000       0.50000000000000000     
         0.0000000000000000       0.50000000000000000        1.0000000000000000     

 !NewElementMapDefinition
         102         203
         0.0000000000000000        0.0000000000000000        0.0000000000000000     
         0.0000000000000000        1.0000000000000000        0.0000000000000000     
         0.0000000000000000        0.0000000000000000        1.0000000000000000     
         0.0000000000000000        1.0000000000000000        1.0000000000000000     
         0.0000000000000000       0.50000000000000000        0.0000000000000000     
         0.0000000000000000        0.0000000000000000       0.50000000000000000     
         0.0000000000000000       0.50000000000000000       0.50000000000000000     
         0.0000000000000000        1.0000000000000000       0.50000000000000000     
         0.0000000000000000       0.50000000000000000        1.0000000000000000     

 !NewElementMapDefinition
         103         205
         0.0000000000000000        0.0000000000000000        0.0000000000000000     
         0.0000000000000000        1.0000000000000000        0.0000000000000000     
         0.0000000000000000        0.0000000000000000        1.0000000000000000     
         0.0000000000000000        1.0000000000000000        1.0000000000000000     
         0.0000000000000000       0.50000000000000000        0.0000000000000000     
         0.0000000000000000        0.0000000000000000       0.50000000000000000     
         0.0000000000000000       0.50000000000000000       0.50000000000000000     
         0.0000000000000000        1.0000000000000000       0.50000000000000000     
         0.0000000000000000       0.50000000000000000        1.0000000000000000     

 !NewElementMapDefinition
         104         207
         0.0000000000000000        0.0000000000000000        0.0000000000000000     
         0.0000000000000000        1.0000000000000000        0.0000000000000000     
         0.0000000000000000        0.0000000000000000        1.0000000000000000     
         0.0000000000000000        1.0000000000000000        1.0000000000000000     
         0.0000000000000000       0.50000000000000000        0.0000000000000000     
         0.0000000000000000        0.0000000000000000       0.50000000000000000     
         0.0000000000000000       0.50000000000000000       0.50000000000000000     
         0.0000000000000000        1.0000000000000000       0.50000000000000000     
         0.0000000000000000       0.50000000000000000        1.0000000000000000     

 !NewElementMapDefinition
         105         209
         0.0000000000000000        0.0000000000000000        0.0000000000000000     
         0.0000000000000000        1.0000000000000000        0.0000000000000000     
         0.0000000000000000        0.0000000000000000        1.0000000000000000     
         0.0000000000000000        1.0000000000000000        1.0000000000000000     
         0.0000000000000000       0.50000000000000000        0.0000000000000000     
         0.0000000000000000        0.0000000000000000       0.50000000000000000     
         0.0000000000000000       0.50000000000000000       0.50000000000000000     
         0.0000000000000000        1.0000000000000000       0.50000000000000000     
         0.0000000000000000       0.50000000000000000        1.0000000000000000     

 !NewElementMapDefinition
         106         211
         0.0000000000000000        0.0000000000000000        0.0000000000000000     
         0.0000000000000000        1.0000000000000000        0.0000000000000000     
         0.0000000000000000        0.0000000000000000        1.0000000000000000     
         0.0000000000000000        1.0000000000000000        1.0000000000000000     
         0.0000000000000000       0.50000000000000000        0.0000000000000000     
         0.0000000000000000        0.0000000000000000       0.50000000000000000     
         0.0000000000000000       0.50000000000000000       0.50000000000000000     
         0.0000000000000000        1.0000000000000000       0.50000000000000000     
         0.0000000000000000       0.50000000000000000        1.0000000000000000     

 !NewElementMapDefinition
         107         213
         0.0000000000000000        0.0000000000000000        0.0000000000000000     
         0.0000000000000000        1.0000000000000000        0.0000000000000000     
         0.0000000000000000        0.0000000000000000        1.0000000000000000     
         0.0000000000000000        1.0000000000000000        1.0000000000000000     
         0.0000000000000000       0.50000000000000000        0.0000000000000000     
         0.0000000000000000        0.0000000000000000       0.50000000000000000     
         0.0000000000000000       0.50000000000000000       0.50000000000000000     
         0.0000000000000000        1.0000000000000000       0.50000000000000000     
         0.0000000000000000       0.50000000000000000        1.0000000000000000     

 !NewElementMapDefinition
         108         215
         0.0000000000000000        0.0000000000000000        0.0000000000000000     
         0.0000000000000000        1.0000000000000000        0.0000000000000000     
         0.0000000000000000        0.0000000000000000        1.0000000000000000     
         0.0000000000000000        1.0000000000000000        1.0000000000000000     
         0.0000000000000000       0.50000000000000000        0.0000000000000000     
         0.0000000000000000        0.0000000000000000       0.50000000000000000     
         0.0000000000000000       0.50000000000000000       0.50000000000000000     
         0.0000000000000000        1.0000000000000000       0.50000000000000000     
         0.0000000000000000       0.50000000000000000        1.0000000000000000     

 !NewElementMapDefinition
         109         217
         0.0000000000000000        0.0000000000000000        0.0000000000000000     
         0.0000000000000000        1.0000000000000000        0.0000000000000000     
         0.0000000000000000        0.0000000000000000        1.0000000000000000     
         0.0000000000000000        1.0000000000000000        1.0000000000000000     
         0.0000000000000000       0.50000000000000000        0.0000000000000000     
         0.0000000000000000        0.0000000000000000       0.50000000000000000     
         0.0000000000000000       0.50000000000000000       0.50000000000000000     
         0.0000000000000000        1.0000000000000000       0.50000000000000000     
         0.0000000000000000       0.50000000000000000        1.0000000000000000     

 !NewElementMapDefinition
         110         219
         0.0000000000000000        0.0000000000000000        0.0000000000000000     
         0.0000000000000000        1.0000000000000000        0.0000000000000000     
         0.0000000000000000        0.0000000000000000        1.0000000000000000     
         0.0000000000000000        1.0000000000000000        1.0000000000000000     
         0.0000000000000000       0.50000000000000000        0.0000000000000000     
         0.0000000000000000        0.0000000000000000       0.50000000000000000     
         0.0000000000000000       0.50000000000000000       0.50000000000000000     
         0.0000000000000000        1.0000000000000000       0.50000000000000000     
         0.0000000000000000       0.50000000000000000        1.0000000000000000     

 !NewElementMapDefinition
         111         221
         0.0000000000000000        0.0000000000000000        0.0000000000000000     
         0.0000000000000000        1.0000000000000000        0.0000000000000000     
         0.0000000000000000        0.0000000000000000        1.0000000000000000     
         0.0000000000000000        1.0000000000000000        1.0000000000000000     
         0.0000000000000000       0.50000000000000000        0.0000000000000000     
         0.0000000000000000        0.0000000000000000       0.50000000000000000     
         0.0000000000000000       0.50000000000000000       0.50000000000000000     
         0.0000000000000000        1.0000000000000000       0.50000000000000000     
         0.0000000000000000       0.50000000000000000        1.0000000000000000     

 !NewElementMapDefinition
         112         223
         0.0000000000000000        0.0000000000000000        0.0000000000000000     
         0.0000000000000000        1.0000000000000000        0.0000000000000000     
         0.0000000000000000        0.0000000000000000        1.0000000000000000     
         0.0000000000000000        1.0000000000000000        1.0000000000000000     
         0.0000000000000000       0.50000000000000000        0.0000000000000000     
         0.0000000000000000        0.0000000000000000       0.50000000000000000     
         0.0000000000000000       0.50000000000000000       0.50000000000000000     
         0.0000000000000000        1.0000000000000000       0.50000000000000000     
         0.0000000000000000       0.50000000000000000        1.0000000000000000     

 !NewElementMapDefinition
         113         225
         0.0000000000000000        0.0000000000000000        0.0000000000000000     
         0.0000000000000000        1.0000000000000000        0.0000000000000000     
         0.0000000000000000        0.0000000000000000        1.0000000000000000     
         0.0000000000000000        1.0000000000000000        1.0000000000000000     
         0.0000000000000000       0.50000000000000000        0.0000000000000000     
         0.0000000000000000        0.0000000000000000       0.50000000000000000     
         0.0000000000000000       0.50000000000000000       0.50000000000000000     
         0.0000000000000000        1.0000000000000000       0.50000000000000000     
         0.0000000000000000       0.50000000000000000        1.0000000000000000     

 !NewElementMapDefinition
         114         227
         0.0000000000000000        0.0000000000000000        0.0000000000000000     
         0.0000000000000000        1.0000000000000000        0.0000000000000000     
         0.0000000000000000        0.0000000000000000        1.0000000000000000     
         0.0000000000000000        1.0000000000000000        1.0000000000000000     
         0.0000000000000000       0.50000000000000000        0.0000000000000000     
         0.0000000000000000        0.0000000000000000       0.50000000000000000     
         0.0000000000000000       0.50000000000000000       0.50000000000000000     
         0.0000000000000000        1.0000000000000000       0.50000000000000000     
         0.0000000000000000       0.50000000000000000        1.0000000000000000     

 !NewElementMapDefinition
         115         229
         0.0000000000000000        0.0000000000000000        0.0000000000000000     
         0.0000000000000000        1.0000000000000000        0.0000000000000000     
         0.0000000000000000        0.0000000000000000        1.0000000000000000     
         0.0000000000000000        1.0000000000000000        1.0000000000000000     
         0.0000000000000000       0.50000000000000000        0.0000000000000000     
         0.0000000000000000        0.0000000000000000       0.50000000000000000     
         0.0000000000000000       0.50000000000000000       0.50000000000000000     
         0.0000000000000000        1.0000000000000000       0.50000000000000000     
         0.0000000000000000       0.50000000000000000        1.0000000000000000     

 !NewElementMapDefinition
         116         231
         0.0000000000000000        0.0000000000000000        0.0000000000000000     
         0.0000000000000000        1.0000000000000000        0.0000000000000000     
         0.0000000000000000        0.0000000000000000        1.0000000000000000     
         0.0000000000000000        1.0000000000000000        1.0000000000000000     
         0.0000000000000000       0.50000000000000000        0.0000000000000000     
         0.0000000000000000        0.0000000000000000       0.50000000000000000     
         0.0000000000000000       0.50000000000000000       0.50000000000000000     
         0.0000000000000000        1.0000000000000000       0.50000000000000000     
         0.0000000000000000       0.50000000000000000        1.0000000000000000     

 !NewElementMapDefinition
         117         233
         0.0000000000000000        0.0000000000000000        0.0000000000000000     
         0.0000000000000000        1.0000000000000000        0.0000000000000000     
         0.0000000000000000        0.0000000000000000        1.0000000000000000     
         0.0000000000000000        1.0000000000000000        1.0000000000000000     
         0.0000000000000000       0.50000000000000000        0.0000000000000000     
         0.0000000000000000        0.0000000000000000       0.50000000000000000     
         0.0000000000000000       0.50000000000000000       0.50000000000000000     
         0.0000000000000000        1.0000000000000000       0.50000000000000000     
         0.0000000000000000       0.50000000000000000        1.0000000000000000     

 !NewElementMapDefinition
         118         235
         0.0000000000000000        0.0000000000000000        0.0000000000000000     
         0.0000000000000000        1.0000000000000000        0.0000000000000000     
         0.0000000000000000        0.0000000000000000        1.0000000000000000     
         0.0000000000000000        1.0000000000000000        1.0000000000000000     
         0.0000000000000000       0.50000000000000000        0.0000000000000000     
         0.0000000000000000        0.0000000000000000       0.50000000000000000     
         0.0000000000000000       0.50000000000000000       0.50000000000000000     
         0.0000000000000000        1.0000000000000000       0.50000000000000000     
         0.0000000000000000       0.50000000000000000        1.0000000000000000     

 !NewElementMapDefinition
         119         237
         0.0000000000000000        0.0000000000000000        0.0000000000000000     
         0.0000000000000000        1.0000000000000000        0.0000000000000000     
         0.0000000000000000        0.0000000000000000        1.0000000000000000     
         0.0000000000000000        1.0000000000000000        1.0000000000000000     
         0.0000000000000000       0.50000000000000000        0.0000000000000000     
         0.0000000000000000        0.0000000000000000       0.50000000000000000     
         0.0000000000000000       0.50000000000000000       0.50000000000000000     
         0.0000000000000000        1.0000000000000000       0.50000000000000000     
         0.0000000000000000       0.50000000000000000        1.0000000000000000     

 !NewElementMapDefinition
         120         239
         0.0000000000000000        0.0000000000000000        0.0000000000000000     
         0.0000000000000000        1.0000000000000000        0.0000000000000000     
         0.0000000000000000        0.0000000000000000        1.0000000000000000     
         0.0000000000000000        1.0000000000000000        1.0000000000000000     
         0.0000000000000000       0.50000000000000000        0.0000000000000000     
         0.0000000000000000        0.0000000000000000       0.50000000000000000     
         0.0000000000000000       0.50000000000000000       0.50000000000000000     
         0.0000000000000000        1.0000000000000000       0.50000000000000000     
         0.0000000000000000       0.50000000000000000        1.0000000000000000     

 !NewElementMapDefinition
         121         241
         0.0000000000000000        0.0000000000000000        0.0000000000000000     
         0.0000000000000000        1.0000000000000000        0.0000000000000000     
         0.0000000000000000        0.0000000000000000        1.0000000000000000     
         0.0000000000000000        1.0000000000000000        1.0000000000000000     
         0.0000000000000000       0.50000000000000000        0.0000000000000000     
         0.0000000000000000        0.0000000000000000       0.50000000000000000     
         0.0000000000000000       0.50000000000000000       0.50000000000000000     
         0.0000000000000000        1.0000000000000000       0.50000000000000000     
         0.0000000000000000       0.50000000000000000        1.0000000000000000     

 !NewElementMapDefinition
         122         243
         0.0000000000000000        0.0000000000000000        0.0000000000000000     
         0.0000000000000000        1.0000000000000000        0.0000000000000000     
         0.0000000000000000        0.0000000000000000        1.0000000000000000     
         0.0000000000000000        1.0000000000000000        1.0000000000000000     
         0.0000000000000000       0.50000000000000000        0.0000000000000000     
         0.0000000000000000        0.0000000000000000       0.50000000000000000     
         0.0000000000000000       0.50000000000000000       0.50000000000000000     
         0.0000000000000000        1.0000000000000000       0.50000000000000000     
         0.0000000000000000       0.50000000000000000        1.0000000000000000     

 !NewElementMapDefinition
         123         245
         0.0000000000000000        0.0000000000000000        0.0000000000000000     
         0.0000000000000000        1.0000000000000000        0.0000000000000000     
         0.0000000000000000        0.0000000000000000        1.0000000000000000     
         0.0000000000000000        1.0000000000000000        1.0000000000000000     
         0.0000000000000000       0.50000000000000000        0.0000000000000000     
         0.0000000000000000        0.0000000000000000       0.50000000000000000     
         0.0000000000000000       0.50000000000000000       0.50000000000000000     
         0.0000000000000000        1.0000000000000000       0.50000000000000000     
         0.0000000000000000       0.50000000000000000        1.0000000000000000     

 !NewElementMapDefinition
         124         247
         0.0000000000000000        0.0000000000000000        0.0000000000000000     
         0.0000000000000000        1.0000000000000000        0.0000000000000000     
         0.0000000000000000        0.0000000000000000        1.0000000000000000     
         0.0000000000000000        1.0000000000000000        1.0000000000000000     
         0.0000000000000000       0.50000000000000000        0.0000000000000000     
         0.0000000000000000        0.0000000000000000       0.50000000000000000     
         0.0000000000000000       0.50000000000000000       0.50000000000000000     
         0.0000000000000000        1.0000000000000000       0.50000000000000000     
         0.0000000000000000       0.50000000000000000        1.0000000000000000     

 !NewElementMapDefinition
         125         249
         0.0000000000000000        0.0000000000000000        0.0000000000000000     
         0.0000000000000000        1.0000000000000000        0.0000000000000000     
         0.0000000000000000        0.0000000000000000        1.0000000000000000     
         0.0000000000000000        1.0000000000000000        1.0000000000000000     
         0.0000000000000000       0.50000000000000000        0.0000000000000000     
         0.0000000000000000        0.0000000000000000       0.50000000000000000     
         0.0000000000000000       0.50000000000000000       0.50000000000000000     
         0.0000000000000000        1.0000000000000000       0.50000000000000000     
         0.0000000000000000       0.50000000000000000        1.0000000000000000     

 !NewElementMapDefinition
         126         251
         0.0000000000000000        0.0000000000000000        0.0000000000000000     
         0.0000000000000000        1.0000000000000000        0.0000000000000000     
         0.0000000000000000        0.0000000000000000        1.0000000000000000     
         0.0000000000000000        1.0000000000000000        1.0000000000000000     
         0.0000000000000000       0.50000000000000000        0.0000000000000000     
         0.0000000000000000        0.0000000000000000       0.50000000000000000     
         0.0000000000000000       0.50000000000000000       0.50000000000000000     
         0.0000000000000000        1.0000000000000000       0.50000000000000000     
         0.0000000000000000       0.50000000000000000        1.0000000000000000     

 !NewElementMapDefinition
         127         253
         0.0000000000000000        0.0000000000000000        0.0000000000000000     
         0.0000000000000000        1.0000000000000000        0.0000000000000000     
         0.0000000000000000        0.0000000000000000        1.0000000000000000     
         0.0000000000000000        1.0000000000000000        1.0000000000000000     
         0.0000000000000000       0.50000000000000000        0.0000000000000000     
         0.0000000000000000        0.0000000000000000       0.50000000000000000     
         0.0000000000000000       0.50000000000000000       0.50000000000000000     
         0.0000000000000000        1.0000000000000000       0.50000000000000000     
         0.0000000000000000       0.50000000000000000        1.0000000000000000     

 !NewElementMapDefinition
         128         255
         0.0000000000000000        0.0000000000000000        0.0000000000000000     
         0.0000000000000000        1.0000000000000000        0.0000000000000000     
         0.0000000000000000        0.0000000000000000        1.0000000000000000     
         0.0000000000000000        1.0000000000000000        1.0000000000000000     
         0.0000000000000000       0.50000000000000000        0.0000000000000000     
         0.0000000000000000        0.0000000000000000       0.50000000000000000     
         0.0000000000000000       0.50000000000000000       0.50000000000000000     
         0.0000000000000000        1.0000000000000000       0.50000000000000000     
         0.0000000000000000       0.50000000000000000        1.0000000000000000     

 !NewElementMapDefinition
         129         257
         0.0000000000000000        0.0000000000000000        0.0000000000000000     
         0.0000000000000000        1.0000000000000000        0.0000000000000000     
         0.0000000000000000        0.0000000000000000        1.0000000000000000     
         0.0000000000000000        1.0000000000000000        1.0000000000000000     
         0.0000000000000000       0.50000000000000000        0.0000000000000000     
         0.0000000000000000        0.0000000000000000       0.50000000000000000     
         0.0000000000000000       0.50000000000000000       0.50000000000000000     
         0.0000000000000000        1.0000000000000000       0.50000000000000000     
         0.0000000000000000       0.50000000000000000        1.0000000000000000     

 !NewElementMapDefinition
         130         259
         0.0000000000000000        0.0000000000000000        0.0000000000000000     
         0.0000000000000000        1.0000000000000000        0.0000000000000000     
         0.0000000000000000        0.0000000000000000        1.0000000000000000     
         0.0000000000000000        1.0000000000000000        1.0000000000000000     
         0.0000000000000000       0.50000000000000000        0.0000000000000000     
         0.0000000000000000        0.0000000000000000       0.50000000000000000     
         0.0000000000000000       0.50000000000000000       0.50000000000000000     
         0.0000000000000000        1.0000000000000000       0.50000000000000000     
         0.0000000000000000       0.50000000000000000        1.0000000000000000     

 !NewElementMapDefinition
         131         261
         0.0000000000000000        0.0000000000000000        0.0000000000000000     
         0.0000000000000000        1.0000000000000000        0.0000000000000000     
         0.0000000000000000        0.0000000000000000        1.0000000000000000     
         0.0000000000000000        1.0000000000000000        1.0000000000000000     
         0.0000000000000000       0.50000000000000000        0.0000000000000000     
         0.0000000000000000        0.0000000000000000       0.50000000000000000     
         0.0000000000000000       0.50000000000000000       0.50000000000000000     
         0.0000000000000000        1.0000000000000000       0.50000000000000000     
         0.0000000000000000       0.50000000000000000        1.0000000000000000     

 !NewElementMapDefinition
         132         263
         0.0000000000000000        0.0000000000000000        0.0000000000000000     
         0.0000000000000000        1.0000000000000000        0.0000000000000000     
         0.0000000000000000        0.0000000000000000        1.0000000000000000     
         0.0000000000000000        1.0000000000000000        1.0000000000000000     
         0.0000000000000000       0.50000000000000000        0.0000000000000000     
         0.0000000000000000        0.0000000000000000       0.50000000000000000     
         0.0000000000000000       0.50000000000000000       0.50000000000000000     
         0.0000000000000000        1.0000000000000000       0.50000000000000000     
         0.0000000000000000       0.50000000000000000        1.0000000000000000     

 !NewElementMapDefinition
         133         265
         0.0000000000000000        0.0000000000000000        0.0000000000000000     
         0.0000000000000000        1.0000000000000000        0.0000000000000000     
         0.0000000000000000        0.0000000000000000        1.0000000000000000     
         0.0000000000000000        1.0000000000000000        1.0000000000000000     
         0.0000000000000000       0.50000000000000000        0.0000000000000000     
         0.0000000000000000        0.0000000000000000       0.50000000000000000     
         0.0000000000000000       0.50000000000000000       0.50000000000000000     
         0.0000000000000000        1.0000000000000000       0.50000000000000000     
         0.0000000000000000       0.50000000000000000        1.0000000000000000     

 !NewElementMapDefinition
         134         267
         0.0000000000000000        0.0000000000000000        0.0000000000000000     
         0.0000000000000000        1.0000000000000000        0.0000000000000000     
         0.0000000000000000        0.0000000000000000        1.0000000000000000     
         0.0000000000000000        1.0000000000000000        1.0000000000000000     
         0.0000000000000000       0.50000000000000000        0.0000000000000000     
         0.0000000000000000        0.0000000000000000       0.50000000000000000     
         0.0000000000000000       0.50000000000000000       0.50000000000000000     
         0.0000000000000000        1.0000000000000000       0.50000000000000000     
         0.0000000000000000       0.50000000000000000        1.0000000000000000     

 !NewElementMapDefinition
         135         269
         0.0000000000000000        0.0000000000000000        0.0000000000000000     
         0.0000000000000000        1.0000000000000000        0.0000000000000000     
         0.0000000000000000        0.0000000000000000        1.0000000000000000     
         0.0000000000000000        1.0000000000000000        1.0000000000000000     
         0.0000000000000000       0.50000000000000000        0.0000000000000000     
         0.0000000000000000        0.0000000000000000       0.50000000000000000     
         0.0000000000000000       0.50000000000000000       0.50000000000000000     
         0.0000000000000000        1.0000000000000000       0.50000000000000000     
         0.0000000000000000       0.50000000000000000        1.0000000000000000     

 !NewElementMapDefinition
         136         271
         0.0000000000000000        0.0000000000000000        0.0000000000000000     
         0.0000000000000000        1.0000000000000000        0.0000000000000000     
         0.0000000000000000        0.0000000000000000        1.0000000000000000     
         0.0000000000000000        1.0000000000000000        1.0000000000000000     
         0.0000000000000000       0.50000000000000000        0.0000000000000000     
         0.0000000000000000        0.0000000000000000       0.50000000000000000     
         0.0000000000000000       0.50000000000000000       0.50000000000000000     
         0.0000000000000000        1.0000000000000000       0.50000000000000000     
         0.0000000000000000       0.50000000000000000        1.0000000000000000     

 !NewElementMapDefinition
         137         273
         0.0000000000000000        0.0000000000000000        0.0000000000000000     
         0.0000000000000000        1.0000000000000000        0.0000000000000000     
         0.0000000000000000        0.0000000000000000        1.0000000000000000     
         0.0000000000000000        1.0000000000000000        1.0000000000000000     
         0.0000000000000000       0.50000000000000000        0.0000000000000000     
         0.0000000000000000        0.0000000000000000       0.50000000000000000     
         0.0000000000000000       0.50000000000000000       0.50000000000000000     
         0.0000000000000000        1.0000000000000000       0.50000000000000000     
         0.0000000000000000       0.50000000000000000        1.0000000000000000     

 !NewElementMapDefinition
         138         275
         0.0000000000000000        0.0000000000000000        0.0000000000000000     
         0.0000000000000000        1.0000000000000000        0.0000000000000000     
         0.0000000000000000        0.0000000000000000        1.0000000000000000     
         0.0000000000000000        1.0000000000000000        1.0000000000000000     
         0.0000000000000000       0.50000000000000000        0.0000000000000000     
         0.0000000000000000        0.0000000000000000       0.50000000000000000     
         0.0000000000000000       0.50000000000000000       0.50000000000000000     
         0.0000000000000000        1.0000000000000000       0.50000000000000000     
         0.0000000000000000       0.50000000000000000        1.0000000000000000     

 !NewElementMapDefinition
         139         277
         0.0000000000000000        0.0000000000000000        0.0000000000000000     
         0.0000000000000000        1.0000000000000000        0.0000000000000000     
         0.0000000000000000        0.0000000000000000        1.0000000000000000     
         0.0000000000000000        1.0000000000000000        1.0000000000000000     
         0.0000000000000000       0.50000000000000000        0.0000000000000000     
         0.0000000000000000        0.0000000000000000       0.50000000000000000     
         0.0000000000000000       0.50000000000000000       0.50000000000000000     
         0.0000000000000000        1.0000000000000000       0.50000000000000000     
         0.0000000000000000       0.50000000000000000        1.0000000000000000     

 !NewElementMapDefinition
         140         279
         0.0000000000000000        0.0000000000000000        0.0000000000000000     
         0.0000000000000000        1.0000000000000000        0.0000000000000000     
         0.0000000000000000        0.0000000000000000        1.0000000000000000     
         0.0000000000000000        1.0000000000000000        1.0000000000000000     
         0.0000000000000000       0.50000000000000000        0.0000000000000000     
         0.0000000000000000        0.0000000000000000       0.50000000000000000     
         0.0000000000000000       0.50000000000000000       0.50000000000000000     
         0.0000000000000000        1.0000000000000000       0.50000000000000000     
         0.0000000000000000       0.50000000000000000        1.0000000000000000     

 !NewElementMapDefinition
         141         281
         0.0000000000000000        0.0000000000000000        0.0000000000000000     
         0.0000000000000000        1.0000000000000000        0.0000000000000000     
         0.0000000000000000        0.0000000000000000        1.0000000000000000     
         0.0000000000000000        1.0000000000000000        1.0000000000000000     
         0.0000000000000000       0.50000000000000000        0.0000000000000000     
         0.0000000000000000        0.0000000000000000       0.50000000000000000     
         0.0000000000000000       0.50000000000000000       0.50000000000000000     
         0.0000000000000000        1.0000000000000000       0.50000000000000000     
         0.0000000000000000       0.50000000000000000        1.0000000000000000     

 !NewElementMapDefinition
         142         283
         0.0000000000000000        0.0000000000000000        0.0000000000000000     
         0.0000000000000000        1.0000000000000000        0.0000000000000000     
         0.0000000000000000        0.0000000000000000        1.0000000000000000     
         0.0000000000000000        1.0000000000000000        1.0000000000000000     
         0.0000000000000000       0.50000000000000000        0.0000000000000000     
         0.0000000000000000        0.0000000000000000       0.50000000000000000     
         0.0000000000000000       0.50000000000000000       0.50000000000000000     
         0.0000000000000000        1.0000000000000000       0.50000000000000000     
         0.0000000000000000       0.50000000000000000        1.0000000000000000     

 !NewElementMapDefinition
         143         285
         0.0000000000000000        0.0000000000000000        0.0000000000000000     
         0.0000000000000000        1.0000000000000000        0.0000000000000000     
         0.0000000000000000        0.0000000000000000        1.0000000000000000     
         0.0000000000000000        1.0000000000000000        1.0000000000000000     
         0.0000000000000000       0.50000000000000000        0.0000000000000000     
         0.0000000000000000        0.0000000000000000       0.50000000000000000     
         0.0000000000000000       0.50000000000000000       0.50000000000000000     
         0.0000000000000000        1.0000000000000000       0.50000000000000000     
         0.0000000000000000       0.50000000000000000        1.0000000000000000     

 !NewElementMapDefinition
         144         287
         0.0000000000000000        0.0000000000000000        0.0000000000000000     
         0.0000000000000000        1.0000000000000000        0.0000000000000000     
         0.0000000000000000        0.0000000000000000        1.0000000000000000     
         0.0000000000000000        1.0000000000000000        1.0000000000000000     
         0.0000000000000000       0.50000000000000000        0.0000000000000000     
         0.0000000000000000        0.0000000000000000       0.50000000000000000     
         0.0000000000000000       0.50000000000000000       0.50000000000000000     
         0.0000000000000000        1.0000000000000000       0.50000000000000000     
         0.0000000000000000       0.50000000000000000        1.0000000000000000     

 !NewElementMapDefinition
         145         289
         0.0000000000000000        0.0000000000000000        0.0000000000000000     
         0.0000000000000000        1.0000000000000000        0.0000000000000000     
         0.0000000000000000        0.0000000000000000        1.0000000000000000     
         0.0000000000000000        1.0000000000000000        1.0000000000000000     
         0.0000000000000000       0.50000000000000000        0.0000000000000000     
         0.0000000000000000        0.0000000000000000       0.50000000000000000     
         0.0000000000000000       0.50000000000000000       0.50000000000000000     
         0.0000000000000000        1.0000000000000000       0.50000000000000000     
         0.0000000000000000       0.50000000000000000        1.0000000000000000     

 !NewElementMapDefinition
         146         291
         0.0000000000000000        0.0000000000000000        0.0000000000000000     
         0.0000000000000000        1.0000000000000000        0.0000000000000000     
         0.0000000000000000        0.0000000000000000        1.0000000000000000     
         0.0000000000000000        1.0000000000000000        1.0000000000000000     
         0.0000000000000000       0.50000000000000000        0.0000000000000000     
         0.0000000000000000        0.0000000000000000       0.50000000000000000     
         0.0000000000000000       0.50000000000000000       0.50000000000000000     
         0.0000000000000000        1.0000000000000000       0.50000000000000000     
         0.0000000000000000       0.50000000000000000        1.0000000000000000     

 !NewElementMapDefinition
         147         293
         0.0000000000000000        0.0000000000000000        0.0000000000000000     
         0.0000000000000000        1.0000000000000000        0.0000000000000000     
         0.0000000000000000        0.0000000000000000        1.0000000000000000     
         0.0000000000000000        1.0000000000000000        1.0000000000000000     
         0.0000000000000000       0.50000000000000000        0.0000000000000000     
         0.0000000000000000        0.0000000000000000       0.50000000000000000     
         0.0000000000000000       0.50000000000000000       0.50000000000000000     
         0.0000000000000000        1.0000000000000000       0.50000000000000000     
         0.0000000000000000       0.50000000000000000        1.0000000000000000     

 !NewElementMapDefinition
         148         295
         0.0000000000000000        0.0000000000000000        0.0000000000000000     
         0.0000000000000000        1.0000000000000000        0.0000000000000000     
         0.0000000000000000        0.0000000000000000        1.0000000000000000     
         0.0000000000000000        1.0000000000000000        1.0000000000000000     
         0.0000000000000000       0.50000000000000000        0.0000000000000000     
         0.0000000000000000        0.0000000000000000       0.50000000000000000     
         0.0000000000000000       0.50000000000000000       0.50000000000000000     
         0.0000000000000000        1.0000000000000000       0.50000000000000000     
         0.0000000000000000       0.50000000000000000        1.0000000000000000     

 !NewElementMapDefinition
         149         297
         0.0000000000000000        0.0000000000000000        0.0000000000000000     
         0.0000000000000000        1.0000000000000000        0.0000000000000000     
         0.0000000000000000        0.0000000000000000        1.0000000000000000     
         0.0000000000000000        1.0000000000000000        1.0000000000000000     
         0.0000000000000000       0.50000000000000000        0.0000000000000000     
         0.0000000000000000        0.0000000000000000       0.50000000000000000     
         0.0000000000000000       0.50000000000000000       0.50000000000000000     
         0.0000000000000000        1.0000000000000000       0.50000000000000000     
         0.0000000000000000       0.50000000000000000        1.0000000000000000     

 !NewElementMapDefinition
         150         299
         0.0000000000000000        0.0000000000000000        0.0000000000000000     
         0.0000000000000000        1.0000000000000000        0.0000000000000000     
         0.0000000000000000        0.0000000000000000        1.0000000000000000     
         0.0000000000000000        1.0000000000000000        1.0000000000000000     
         0.0000000000000000       0.50000000000000000        0.0000000000000000     
         0.0000000000000000        0.0000000000000000       0.50000000000000000     
         0.0000000000000000       0.50000000000000000       0.50000000000000000     
         0.0000000000000000        1.0000000000000000       0.50000000000000000     
         0.0000000000000000       0.50000000000000000        1.0000000000000000     

 !NewElementMapDefinition
         151         301
         0.0000000000000000        0.0000000000000000        0.0000000000000000     
         0.0000000000000000        1.0000000000000000        0.0000000000000000     
         0.0000000000000000        0.0000000000000000        1.0000000000000000     
         0.0000000000000000        1.0000000000000000        1.0000000000000000     
         0.0000000000000000       0.50000000000000000        0.0000000000000000     
         0.0000000000000000        0.0000000000000000       0.50000000000000000     
         0.0000000000000000       0.50000000000000000       0.50000000000000000     
         0.0000000000000000        1.0000000000000000       0.50000000000000000     
         0.0000000000000000       0.50000000000000000        1.0000000000000000     

 !NewElementMapDefinition
         152         303
         0.0000000000000000        0.0000000000000000        0.0000000000000000     
         0.0000000000000000        1.0000000000000000        0.0000000000000000     
         0.0000000000000000        0.0000000000000000        1.0000000000000000     
         0.0000000000000000        1.0000000000000000        1.0000000000000000     
         0.0000000000000000       0.50000000000000000        0.0000000000000000     
         0.0000000000000000        0.0000000000000000       0.50000000000000000     
         0.0000000000000000       0.50000000000000000       0.50000000000000000     
         0.0000000000000000        1.0000000000000000       0.50000000000000000     
         0.0000000000000000       0.50000000000000000        1.0000000000000000     

 !NewElementMapDefinition
         153         305
         0.0000000000000000        0.0000000000000000        0.0000000000000000     
         0.0000000000000000        1.0000000000000000        0.0000000000000000     
         0.0000000000000000        0.0000000000000000        1.0000000000000000     
         0.0000000000000000        1.0000000000000000        1.0000000000000000     
         0.0000000000000000       0.50000000000000000        0.0000000000000000     
         0.0000000000000000        0.0000000000000000       0.50000000000000000     
         0.0000000000000000       0.50000000000000000       0.50000000000000000     
         0.0000000000000000        1.0000000000000000       0.50000000000000000     
         0.0000000000000000       0.50000000000000000        1.0000000000000000     

 !NewElementMapDefinition
         154         307
         0.0000000000000000        0.0000000000000000        0.0000000000000000     
         0.0000000000000000        1.0000000000000000        0.0000000000000000     
         0.0000000000000000        0.0000000000000000        1.0000000000000000     
         0.0000000000000000        1.0000000000000000        1.0000000000000000     
         0.0000000000000000       0.50000000000000000        0.0000000000000000     
         0.0000000000000000        0.0000000000000000       0.50000000000000000     
         0.0000000000000000       0.50000000000000000       0.50000000000000000     
         0.0000000000000000        1.0000000000000000       0.50000000000000000     
         0.0000000000000000       0.50000000000000000        1.0000000000000000     

 !NewElementMapDefinition
         155         309
         0.0000000000000000        0.0000000000000000        0.0000000000000000     
         0.0000000000000000        1.0000000000000000        0.0000000000000000     
         0.0000000000000000        0.0000000000000000        1.0000000000000000     
         0.0000000000000000        1.0000000000000000        1.0000000000000000     
         0.0000000000000000       0.50000000000000000        0.0000000000000000     
         0.0000000000000000        0.0000000000000000       0.50000000000000000     
         0.0000000000000000       0.50000000000000000       0.50000000000000000     
         0.0000000000000000        1.0000000000000000       0.50000000000000000     
         0.0000000000000000       0.50000000000000000        1.0000000000000000     

 !NewElementMapDefinition
         156         311
         0.0000000000000000        0.0000000000000000        0.0000000000000000     
         0.0000000000000000        1.0000000000000000        0.0000000000000000     
         0.0000000000000000        0.0000000000000000        1.0000000000000000     
         0.0000000000000000        1.0000000000000000        1.0000000000000000     
         0.0000000000000000       0.50000000000000000        0.0000000000000000     
         0.0000000000000000        0.0000000000000000       0.50000000000000000     
         0.0000000000000000       0.50000000000000000       0.50000000000000000     
         0.0000000000000000        1.0000000000000000       0.50000000000000000     
         0.0000000000000000       0.50000000000000000        1.0000000000000000     

 !NewElementMapDefinition
         157         313
         0.0000000000000000        0.0000000000000000        0.0000000000000000     
         0.0000000000000000        1.0000000000000000        0.0000000000000000     
         0.0000000000000000        0.0000000000000000        1.0000000000000000     
         0.0000000000000000        1.0000000000000000        1.0000000000000000     
         0.0000000000000000       0.50000000000000000        0.0000000000000000     
         0.0000000000000000        0.0000000000000000       0.50000000000000000     
         0.0000000000000000       0.50000000000000000       0.50000000000000000     
         0.0000000000000000        1.0000000000000000       0.50000000000000000     
         0.0000000000000000       0.50000000000000000        1.0000000000000000     

 !NewElementMapDefinition
         158         315
         0.0000000000000000        0.0000000000000000        0.0000000000000000     
         0.0000000000000000        1.0000000000000000        0.0000000000000000     
         0.0000000000000000        0.0000000000000000        1.0000000000000000     
         0.0000000000000000        1.0000000000000000        1.0000000000000000     
         0.0000000000000000       0.50000000000000000        0.0000000000000000     
         0.0000000000000000        0.0000000000000000       0.50000000000000000     
         0.0000000000000000       0.50000000000000000       0.50000000000000000     
         0.0000000000000000        1.0000000000000000       0.50000000000000000     
         0.0000000000000000       0.50000000000000000        1.0000000000000000     

 !NewElementMapDefinition
         159         317
         0.0000000000000000        0.0000000000000000        0.0000000000000000     
         0.0000000000000000        1.0000000000000000        0.0000000000000000     
         0.0000000000000000        0.0000000000000000        1.0000000000000000     
         0.0000000000000000        1.0000000000000000        1.0000000000000000     
         0.0000000000000000       0.50000000000000000        0.0000000000000000     
         0.0000000000000000        0.0000000000000000       0.50000000000000000     
         0.0000000000000000       0.50000000000000000       0.50000000000000000     
         0.0000000000000000        1.0000000000000000       0.50000000000000000     
         0.0000000000000000       0.50000000000000000        1.0000000000000000     

 !NewElementMapDefinition
         160         319
         0.0000000000000000        0.0000000000000000        0.0000000000000000     
         0.0000000000000000        1.0000000000000000        0.0000000000000000     
         0.0000000000000000        0.0000000000000000        1.0000000000000000     
         0.0000000000000000        1.0000000000000000        1.0000000000000000     
         0.0000000000000000       0.50000000000000000        0.0000000000000000     
         0.0000000000000000        0.0000000000000000       0.50000000000000000     
         0.0000000000000000       0.50000000000000000       0.50000000000000000     
         0.0000000000000000        1.0000000000000000       0.50000000000000000     
         0.0000000000000000       0.50000000000000000        1.0000000000000000     

 !NewElementMapDefinition
         161         321
         0.0000000000000000        0.0000000000000000        0.0000000000000000     
         0.0000000000000000        1.0000000000000000        0.0000000000000000     
         0.0000000000000000        0.0000000000000000        1.0000000000000000     
         0.0000000000000000        1.0000000000000000        1.0000000000000000     
         0.0000000000000000       0.50000000000000000        0.0000000000000000     
         0.0000000000000000        0.0000000000000000       0.50000000000000000     
         0.0000000000000000       0.50000000000000000       0.50000000000000000     
         0.0000000000000000        1.0000000000000000       0.50000000000000000     
         0.0000000000000000       0.50000000000000000        1.0000000000000000     

 !NewElementMapDefinition
         162         323
         0.0000000000000000        0.0000000000000000        0.0000000000000000     
         0.0000000000000000        1.0000000000000000        0.0000000000000000     
         0.0000000000000000        0.0000000000000000        1.0000000000000000     
         0.0000000000000000        1.0000000000000000        1.0000000000000000     
         0.0000000000000000       0.50000000000000000        0.0000000000000000     
         0.0000000000000000        0.0000000000000000       0.50000000000000000     
         0.0000000000000000       0.50000000000000000       0.50000000000000000     
         0.0000000000000000        1.0000000000000000       0.50000000000000000     
         0.0000000000000000       0.50000000000000000        1.0000000000000000     

 !NewElementMapDefinition
         163         325
         0.0000000000000000        0.0000000000000000        0.0000000000000000     
         0.0000000000000000        1.0000000000000000        0.0000000000000000     
         0.0000000000000000        0.0000000000000000        1.0000000000000000     
         0.0000000000000000        1.0000000000000000        1.0000000000000000     
         0.0000000000000000       0.50000000000000000        0.0000000000000000     
         0.0000000000000000        0.0000000000000000       0.50000000000000000     
         0.0000000000000000       0.50000000000000000       0.50000000000000000     
         0.0000000000000000        1.0000000000000000       0.50000000000000000     
         0.0000000000000000       0.50000000000000000        1.0000000000000000     

 !NewElementMapDefinition
         164         327
         0.0000000000000000        0.0000000000000000        0.0000000000000000     
         0.0000000000000000        1.0000000000000000        0.0000000000000000     
         0.0000000000000000        0.0000000000000000        1.0000000000000000     
         0.0000000000000000        1.0000000000000000        1.0000000000000000     
         0.0000000000000000       0.50000000000000000        0.0000000000000000     
         0.0000000000000000        0.0000000000000000       0.50000000000000000     
         0.0000000000000000       0.50000000000000000       0.50000000000000000     
         0.0000000000000000        1.0000000000000000       0.50000000000000000     
         0.0000000000000000       0.50000000000000000        1.0000000000000000     

 !NewElementMapDefinition
         165         329
         0.0000000000000000        0.0000000000000000        0.0000000000000000     
         0.0000000000000000        1.0000000000000000        0.0000000000000000     
         0.0000000000000000        0.0000000000000000        1.0000000000000000     
         0.0000000000000000        1.0000000000000000        1.0000000000000000     
         0.0000000000000000       0.50000000000000000        0.0000000000000000     
         0.0000000000000000        0.0000000000000000       0.50000000000000000     
         0.0000000000000000       0.50000000000000000       0.50000000000000000     
         0.0000000000000000        1.0000000000000000       0.50000000000000000     
         0.0000000000000000       0.50000000000000000        1.0000000000000000     

 !NewElementMapDefinition
         166         331
         0.0000000000000000        0.0000000000000000        0.0000000000000000     
         0.0000000000000000        1.0000000000000000        0.0000000000000000     
         0.0000000000000000        0.0000000000000000        1.0000000000000000     
         0.0000000000000000        1.0000000000000000        1.0000000000000000     
         0.0000000000000000       0.50000000000000000        0.0000000000000000     
         0.0000000000000000        0.0000000000000000       0.50000000000000000     
         0.0000000000000000       0.50000000000000000       0.50000000000000000     
         0.0000000000000000        1.0000000000000000       0.50000000000000000     
         0.0000000000000000       0.50000000000000000        1.0000000000000000     

 !NewElementMapDefinition
         167         333
         0.0000000000000000        0.0000000000000000        0.0000000000000000     
         0.0000000000000000        1.0000000000000000        0.0000000000000000     
         0.0000000000000000        0.0000000000000000        1.0000000000000000     
         0.0000000000000000        1.0000000000000000        1.0000000000000000     
         0.0000000000000000       0.50000000000000000        0.0000000000000000     
         0.0000000000000000        0.0000000000000000       0.50000000000000000     
         0.0000000000000000       0.50000000000000000       0.50000000000000000     
         0.0000000000000000        1.0000000000000000       0.50000000000000000     
         0.0000000000000000       0.50000000000000000        1.0000000000000000     

 !NewElementMapDefinition
         168         335
         0.0000000000000000        0.0000000000000000        0.0000000000000000     
         0.0000000000000000        1.0000000000000000        0.0000000000000000     
         0.0000000000000000        0.0000000000000000        1.0000000000000000     
         0.0000000000000000        1.0000000000000000        1.0000000000000000     
         0.0000000000000000       0.50000000000000000        0.0000000000000000     
         0.0000000000000000        0.0000000000000000       0.50000000000000000     
         0.0000000000000000       0.50000000000000000       0.50000000000000000     
         0.0000000000000000        1.0000000000000000       0.50000000000000000     
         0.0000000000000000       0.50000000000000000        1.0000000000000000     

 !NewElementMapDefinition
         169         337
         0.0000000000000000        0.0000000000000000        0.0000000000000000     
         0.0000000000000000        1.0000000000000000        0.0000000000000000     
         0.0000000000000000        0.0000000000000000        1.0000000000000000     
         0.0000000000000000        1.0000000000000000        1.0000000000000000     
         0.0000000000000000       0.50000000000000000        0.0000000000000000     
         0.0000000000000000        0.0000000000000000       0.50000000000000000     
         0.0000000000000000       0.50000000000000000       0.50000000000000000     
         0.0000000000000000        1.0000000000000000       0.50000000000000000     
         0.0000000000000000       0.50000000000000000        1.0000000000000000     

 !NewElementMapDefinition
         170         339
         0.0000000000000000        0.0000000000000000        0.0000000000000000     
         0.0000000000000000        1.0000000000000000        0.0000000000000000     
         0.0000000000000000        0.0000000000000000        1.0000000000000000     
         0.0000000000000000        1.0000000000000000        1.0000000000000000     
         0.0000000000000000       0.50000000000000000        0.0000000000000000     
         0.0000000000000000        0.0000000000000000       0.50000000000000000     
         0.0000000000000000       0.50000000000000000       0.50000000000000000     
         0.0000000000000000        1.0000000000000000       0.50000000000000000     
         0.0000000000000000       0.50000000000000000        1.0000000000000000     

 !NewElementMapDefinition
         171         341
         0.0000000000000000        0.0000000000000000        0.0000000000000000     
         0.0000000000000000        1.0000000000000000        0.0000000000000000     
         0.0000000000000000        0.0000000000000000        1.0000000000000000     
         0.0000000000000000        1.0000000000000000        1.0000000000000000     
         0.0000000000000000       0.50000000000000000        0.0000000000000000     
         0.0000000000000000        0.0000000000000000       0.50000000000000000     
         0.0000000000000000       0.50000000000000000       0.50000000000000000     
         0.0000000000000000        1.0000000000000000       0.50000000000000000     
         0.0000000000000000       0.50000000000000000        1.0000000000000000     

 !NewElementMapDefinition
         172         343
         0.0000000000000000        0.0000000000000000        0.0000000000000000     
         0.0000000000000000        1.0000000000000000        0.0000000000000000     
         0.0000000000000000        0.0000000000000000        1.0000000000000000     
         0.0000000000000000        1.0000000000000000        1.0000000000000000     
         0.0000000000000000       0.50000000000000000        0.0000000000000000     
         0.0000000000000000        0.0000000000000000       0.50000000000000000     
         0.0000000000000000       0.50000000000000000       0.50000000000000000     
         0.0000000000000000        1.0000000000000000       0.50000000000000000     
         0.0000000000000000       0.50000000000000000        1.0000000000000000     

 !NewElementMapDefinition
         173         345
         0.0000000000000000        0.0000000000000000        0.0000000000000000     
         0.0000000000000000        1.0000000000000000        0.0000000000000000     
         0.0000000000000000        0.0000000000000000        1.0000000000000000     
         0.0000000000000000        1.0000000000000000        1.0000000000000000     
         0.0000000000000000       0.50000000000000000        0.0000000000000000     
         0.0000000000000000        0.0000000000000000       0.50000000000000000     
         0.0000000000000000       0.50000000000000000       0.50000000000000000     
         0.0000000000000000        1.0000000000000000       0.50000000000000000     
         0.0000000000000000       0.50000000000000000        1.0000000000000000     

 !NewElementMapDefinition
         174         347
         0.0000000000000000        0.0000000000000000        0.0000000000000000     
         0.0000000000000000        1.0000000000000000        0.0000000000000000     
         0.0000000000000000        0.0000000000000000        1.0000000000000000     
         0.0000000000000000        1.0000000000000000        1.0000000000000000     
         0.0000000000000000       0.50000000000000000        0.0000000000000000     
         0.0000000000000000        0.0000000000000000       0.50000000000000000     
         0.0000000000000000       0.50000000000000000       0.50000000000000000     
         0.0000000000000000        1.0000000000000000       0.50000000000000000     
         0.0000000000000000       0.50000000000000000        1.0000000000000000     

 !NewElementMapDefinition
         175         349
         0.0000000000000000        0.0000000000000000        0.0000000000000000     
         0.0000000000000000        1.0000000000000000        0.0000000000000000     
         0.0000000000000000        0.0000000000000000        1.0000000000000000     
         0.0000000000000000        1.0000000000000000        1.0000000000000000     
         0.0000000000000000       0.50000000000000000        0.0000000000000000     
         0.0000000000000000        0.0000000000000000       0.50000000000000000     
         0.0000000000000000       0.50000000000000000       0.50000000000000000     
         0.0000000000000000        1.0000000000000000       0.50000000000000000     
         0.0000000000000000       0.50000000000000000        1.0000000000000000     

 !NewElementMapDefinition
         176         351
         0.0000000000000000        0.0000000000000000        0.0000000000000000     
         0.0000000000000000        1.0000000000000000        0.0000000000000000     
         0.0000000000000000        0.0000000000000000        1.0000000000000000     
         0.0000000000000000        1.0000000000000000        1.0000000000000000     
         0.0000000000000000       0.50000000000000000        0.0000000000000000     
         0.0000000000000000        0.0000000000000000       0.50000000000000000     
         0.0000000000000000       0.50000000000000000       0.50000000000000000     
         0.0000000000000000        1.0000000000000000       0.50000000000000000     
         0.0000000000000000       0.50000000000000000        1.0000000000000000     

 !NewElementMapDefinition
         177         353
         0.0000000000000000        0.0000000000000000        0.0000000000000000     
         0.0000000000000000        1.0000000000000000        0.0000000000000000     
         0.0000000000000000        0.0000000000000000        1.0000000000000000     
         0.0000000000000000        1.0000000000000000        1.0000000000000000     
         0.0000000000000000       0.50000000000000000        0.0000000000000000     
         0.0000000000000000        0.0000000000000000       0.50000000000000000     
         0.0000000000000000       0.50000000000000000       0.50000000000000000     
         0.0000000000000000        1.0000000000000000       0.50000000000000000     
         0.0000000000000000       0.50000000000000000        1.0000000000000000     

 !NewElementMapDefinition
         178         355
         0.0000000000000000        0.0000000000000000        0.0000000000000000     
         0.0000000000000000        1.0000000000000000        0.0000000000000000     
         0.0000000000000000        0.0000000000000000        1.0000000000000000     
         0.0000000000000000        1.0000000000000000        1.0000000000000000     
         0.0000000000000000       0.50000000000000000        0.0000000000000000     
         0.0000000000000000        0.0000000000000000       0.50000000000000000     
         0.0000000000000000       0.50000000000000000       0.50000000000000000     
         0.0000000000000000        1.0000000000000000       0.50000000000000000     
         0.0000000000000000       0.50000000000000000        1.0000000000000000     

 !NewElementMapDefinition
         179         357
         0.0000000000000000        0.0000000000000000        0.0000000000000000     
         0.0000000000000000        1.0000000000000000        0.0000000000000000     
         0.0000000000000000        0.0000000000000000        1.0000000000000000     
         0.0000000000000000        1.0000000000000000        1.0000000000000000     
         0.0000000000000000       0.50000000000000000        0.0000000000000000     
         0.0000000000000000        0.0000000000000000       0.50000000000000000     
         0.0000000000000000       0.50000000000000000       0.50000000000000000     
         0.0000000000000000        1.0000000000000000       0.50000000000000000     
         0.0000000000000000       0.50000000000000000        1.0000000000000000     

 !NewElementMapDefinition
         180         359
         0.0000000000000000        0.0000000000000000        0.0000000000000000     
         0.0000000000000000        1.0000000000000000        0.0000000000000000     
         0.0000000000000000        0.0000000000000000        1.0000000000000000     
         0.0000000000000000        1.0000000000000000        1.0000000000000000     
         0.0000000000000000       0.50000000000000000        0.0000000000000000     
         0.0000000000000000        0.0000000000000000       0.50000000000000000     
         0.0000000000000000       0.50000000000000000       0.50000000000000000     
         0.0000000000000000        1.0000000000000000       0.50000000000000000     
         0.0000000000000000       0.50000000000000000        1.0000000000000000     

 !NewElementMapDefinition
         181         361
         0.0000000000000000        0.0000000000000000        0.0000000000000000     
         0.0000000000000000        1.0000000000000000        0.0000000000000000     
         0.0000000000000000        0.0000000000000000        1.0000000000000000     
         0.0000000000000000        1.0000000000000000        1.0000000000000000     
         0.0000000000000000       0.50000000000000000        0.0000000000000000     
         0.0000000000000000        0.0000000000000000       0.50000000000000000     
         0.0000000000000000       0.50000000000000000       0.50000000000000000     
         0.0000000000000000        1.0000000000000000       0.50000000000000000     
         0.0000000000000000       0.50000000000000000        1.0000000000000000     

 !NewElementMapDefinition
         182         363
         0.0000000000000000        0.0000000000000000        0.0000000000000000     
         0.0000000000000000        1.0000000000000000        0.0000000000000000     
         0.0000000000000000        0.0000000000000000        1.0000000000000000     
         0.0000000000000000        1.0000000000000000        1.0000000000000000     
         0.0000000000000000       0.50000000000000000        0.0000000000000000     
         0.0000000000000000        0.0000000000000000       0.50000000000000000     
         0.0000000000000000       0.50000000000000000       0.50000000000000000     
         0.0000000000000000        1.0000000000000000       0.50000000000000000     
         0.0000000000000000       0.50000000000000000        1.0000000000000000     

 !NewElementMapDefinition
         183         365
         0.0000000000000000        0.0000000000000000        0.0000000000000000     
         0.0000000000000000        1.0000000000000000        0.0000000000000000     
         0.0000000000000000        0.0000000000000000        1.0000000000000000     
         0.0000000000000000        1.0000000000000000        1.0000000000000000     
         0.0000000000000000       0.50000000000000000        0.0000000000000000     
         0.0000000000000000        0.0000000000000000       0.50000000000000000     
         0.0000000000000000       0.50000000000000000       0.50000000000000000     
         0.0000000000000000        1.0000000000000000       0.50000000000000000     
         0.0000000000000000       0.50000000000000000        1.0000000000000000     

 !NewElementMapDefinition
         184         367
         0.0000000000000000        0.0000000000000000        0.0000000000000000     
         0.0000000000000000        1.0000000000000000        0.0000000000000000     
         0.0000000000000000        0.0000000000000000        1.0000000000000000     
         0.0000000000000000        1.0000000000000000        1.0000000000000000     
         0.0000000000000000       0.50000000000000000        0.0000000000000000     
         0.0000000000000000        0.0000000000000000       0.50000000000000000     
         0.0000000000000000       0.50000000000000000       0.50000000000000000     
         0.0000000000000000        1.0000000000000000       0.50000000000000000     
         0.0000000000000000       0.50000000000000000        1.0000000000000000     

 !NewElementMapDefinition
         185         369
         0.0000000000000000        0.0000000000000000        0.0000000000000000     
         0.0000000000000000        1.0000000000000000        0.0000000000000000     
         0.0000000000000000        0.0000000000000000        1.0000000000000000     
         0.0000000000000000        1.0000000000000000        1.0000000000000000     
         0.0000000000000000       0.50000000000000000        0.0000000000000000     
         0.0000000000000000        0.0000000000000000       0.50000000000000000     
         0.0000000000000000       0.50000000000000000       0.50000000000000000     
         0.0000000000000000        1.0000000000000000       0.50000000000000000     
         0.0000000000000000       0.50000000000000000        1.0000000000000000     

 !NewElementMapDefinition
         186         371
         0.0000000000000000        0.0000000000000000        0.0000000000000000     
         0.0000000000000000        1.0000000000000000        0.0000000000000000     
         0.0000000000000000        0.0000000000000000        1.0000000000000000     
         0.0000000000000000        1.0000000000000000        1.0000000000000000     
         0.0000000000000000       0.50000000000000000        0.0000000000000000     
         0.0000000000000000        0.0000000000000000       0.50000000000000000     
         0.0000000000000000       0.50000000000000000       0.50000000000000000     
         0.0000000000000000        1.0000000000000000       0.50000000000000000     
         0.0000000000000000       0.50000000000000000        1.0000000000000000     

 !NewElementMapDefinition
         187         373
         0.0000000000000000        0.0000000000000000        0.0000000000000000     
         0.0000000000000000        1.0000000000000000        0.0000000000000000     
         0.0000000000000000        0.0000000000000000        1.0000000000000000     
         0.0000000000000000        1.0000000000000000        1.0000000000000000     
         0.0000000000000000       0.50000000000000000        0.0000000000000000     
         0.0000000000000000        0.0000000000000000       0.50000000000000000     
         0.0000000000000000       0.50000000000000000       0.50000000000000000     
         0.0000000000000000        1.0000000000000000       0.50000000000000000     
         0.0000000000000000       0.50000000000000000        1.0000000000000000     

 !NewElementMapDefinition
         188         375
         0.0000000000000000        0.0000000000000000        0.0000000000000000     
         0.0000000000000000        1.0000000000000000        0.0000000000000000     
         0.0000000000000000        0.0000000000000000        1.0000000000000000     
         0.0000000000000000        1.0000000000000000        1.0000000000000000     
         0.0000000000000000       0.50000000000000000        0.0000000000000000     
         0.0000000000000000        0.0000000000000000       0.50000000000000000     
         0.0000000000000000       0.50000000000000000       0.50000000000000000     
         0.0000000000000000        1.0000000000000000       0.50000000000000000     
         0.0000000000000000       0.50000000000000000        1.0000000000000000     

 !NewElementMapDefinition
         189         377
         0.0000000000000000        0.0000000000000000        0.0000000000000000     
         0.0000000000000000        1.0000000000000000        0.0000000000000000     
         0.0000000000000000        0.0000000000000000        1.0000000000000000     
         0.0000000000000000        1.0000000000000000        1.0000000000000000     
         0.0000000000000000       0.50000000000000000        0.0000000000000000     
         0.0000000000000000        0.0000000000000000       0.50000000000000000     
         0.0000000000000000       0.50000000000000000       0.50000000000000000     
         0.0000000000000000        1.0000000000000000       0.50000000000000000     
         0.0000000000000000       0.50000000000000000        1.0000000000000000     

 !NewElementMapDefinition
         190         379
         0.0000000000000000        0.0000000000000000        0.0000000000000000     
         0.0000000000000000        1.0000000000000000        0.0000000000000000     
         0.0000000000000000        0.0000000000000000        1.0000000000000000     
         0.0000000000000000        1.0000000000000000        1.0000000000000000     
         0.0000000000000000       0.50000000000000000        0.0000000000000000     
         0.0000000000000000        0.0000000000000000       0.50000000000000000     
         0.0000000000000000       0.50000000000000000       0.50000000000000000     
         0.0000000000000000        1.0000000000000000       0.50000000000000000     
         0.0000000000000000       0.50000000000000000        1.0000000000000000     

 !NewElementMapDefinition
         191         381
         0.0000000000000000        0.0000000000000000        0.0000000000000000     
         0.0000000000000000        1.0000000000000000        0.0000000000000000     
         0.0000000000000000        0.0000000000000000        1.0000000000000000     
         0.0000000000000000        1.0000000000000000        1.0000000000000000     
         0.0000000000000000       0.50000000000000000        0.0000000000000000     
         0.0000000000000000        0.0000000000000000       0.50000000000000000     
         0.0000000000000000       0.50000000000000000       0.50000000000000000     
         0.0000000000000000        1.0000000000000000       0.50000000000000000     
         0.0000000000000000       0.50000000000000000        1.0000000000000000     

 !NewElementMapDefinition
         192         383
         0.0000000000000000        0.0000000000000000        0.0000000000000000     
         0.0000000000000000        1.0000000000000000        0.0000000000000000     
         0.0000000000000000        0.0000000000000000        1.0000000000000000     
         0.0000000000000000        1.0000000000000000        1.0000000000000000     
         0.0000000000000000       0.50000000000000000        0.0000000000000000     
         0.0000000000000000        0.0000000000000000       0.50000000000000000     
         0.0000000000000000       0.50000000000000000       0.50000000000000000     
         0.0000000000000000        1.0000000000000000       0.50000000000000000     
         0.0000000000000000       0.50000000000000000        1.0000000000000000     

 !NewElementMapDefinition
         193         385
         0.0000000000000000        0.0000000000000000        0.0000000000000000     
         0.0000000000000000        1.0000000000000000        0.0000000000000000     
         0.0000000000000000        0.0000000000000000        1.0000000000000000     
         0.0000000000000000        1.0000000000000000        1.0000000000000000     
         0.0000000000000000       0.50000000000000000        0.0000000000000000     
         0.0000000000000000        0.0000000000000000       0.50000000000000000     
         0.0000000000000000       0.50000000000000000       0.50000000000000000     
         0.0000000000000000        1.0000000000000000       0.50000000000000000     
         0.0000000000000000       0.50000000000000000        1.0000000000000000     

 !NewElementMapDefinition
         194         387
         0.0000000000000000        0.0000000000000000        0.0000000000000000     
         0.0000000000000000        1.0000000000000000        0.0000000000000000     
         0.0000000000000000        0.0000000000000000        1.0000000000000000     
         0.0000000000000000        1.0000000000000000        1.0000000000000000     
         0.0000000000000000       0.50000000000000000        0.0000000000000000     
         0.0000000000000000        0.0000000000000000       0.50000000000000000     
         0.0000000000000000       0.50000000000000000       0.50000000000000000     
         0.0000000000000000        1.0000000000000000       0.50000000000000000     
         0.0000000000000000       0.50000000000000000        1.0000000000000000     

 !NewElementMapDefinition
         195         389
         0.0000000000000000        0.0000000000000000        0.0000000000000000     
         0.0000000000000000        1.0000000000000000        0.0000000000000000     
         0.0000000000000000        0.0000000000000000        1.0000000000000000     
         0.0000000000000000        1.0000000000000000        1.0000000000000000     
         0.0000000000000000       0.50000000000000000        0.0000000000000000     
         0.0000000000000000        0.0000000000000000       0.50000000000000000     
         0.0000000000000000       0.50000000000000000       0.50000000000000000     
         0.0000000000000000        1.0000000000000000       0.50000000000000000     
         0.0000000000000000       0.50000000000000000        1.0000000000000000     

 !NewElementMapDefinition
         196         391
         0.0000000000000000        0.0000000000000000        0.0000000000000000     
         0.0000000000000000        1.0000000000000000        0.0000000000000000     
         0.0000000000000000        0.0000000000000000        1.0000000000000000     
         0.0000000000000000        1.0000000000000000        1.0000000000000000     
         0.0000000000000000       0.50000000000000000        0.0000000000000000     
         0.0000000000000000        0.0000000000000000       0.50000000000000000     
         0.0000000000000000       0.50000000000000000       0.50000000000000000     
         0.0000000000000000        1.0000000000000000       0.50000000000000000     
         0.0000000000000000       0.50000000000000000        1.0000000000000000     

 !NewElementMapDefinition
         197         393
         0.0000000000000000        0.0000000000000000        0.0000000000000000     
         0.0000000000000000        1.0000000000000000        0.0000000000000000     
         0.0000000000000000        0.0000000000000000        1.0000000000000000     
         0.0000000000000000        1.0000000000000000        1.0000000000000000     
         0.0000000000000000       0.50000000000000000        0.0000000000000000     
         0.0000000000000000        0.0000000000000000       0.50000000000000000     
         0.0000000000000000       0.50000000000000000       0.50000000000000000     
         0.0000000000000000        1.0000000000000000       0.50000000000000000     
         0.0000000000000000       0.50000000000000000        1.0000000000000000     

 !NewElementMapDefinition
         198         395
         0.0000000000000000        0.0000000000000000        0.0000000000000000     
         0.0000000000000000        1.0000000000000000        0.0000000000000000     
         0.0000000000000000        0.0000000000000000        1.0000000000000000     
         0.0000000000000000        1.0000000000000000        1.0000000000000000     
         0.0000000000000000       0.50000000000000000        0.0000000000000000     
         0.0000000000000000        0.0000000000000000       0.50000000000000000     
         0.0000000000000000       0.50000000000000000       0.50000000000000000     
         0.0000000000000000        1.0000000000000000       0.50000000000000000     
         0.0000000000000000       0.50000000000000000        1.0000000000000000     

 !NewElementMapDefinition
         199         397
         0.0000000000000000        0.0000000000000000        0.0000000000000000     
         0.0000000000000000        1.0000000000000000        0.0000000000000000     
         0.0000000000000000        0.0000000000000000        1.0000000000000000     
         0.0000000000000000        1.0000000000000000        1.0000000000000000     
         0.0000000000000000       0.50000000000000000        0.0000000000000000     
         0.0000000000000000        0.0000000000000000       0.50000000000000000     
         0.0000000000000000       0.50000000000000000       0.50000000000000000     
         0.0000000000000000        1.0000000000000000       0.50000000000000000     
         0.0000000000000000       0.50000000000000000        1.0000000000000000     

 !NewElementMapDefinition
         200         399
         0.0000000000000000        0.0000000000000000        0.0000000000000000     
         0.0000000000000000        1.0000000000000000        0.0000000000000000     
         0.0000000000000000        0.0000000000000000        1.0000000000000000     
         0.0000000000000000        1.0000000000000000        1.0000000000000000     
         0.0000000000000000       0.50000000000000000        0.0000000000000000     
         0.0000000000000000        0.0000000000000000       0.50000000000000000     
         0.0000000000000000       0.50000000000000000       0.50000000000000000     
         0.0000000000000000        1.0000000000000000       0.50000000000000000     
         0.0000000000000000       0.50000000000000000        1.0000000000000000     

 !NewElementMapDefinition
         201         401
         0.0000000000000000        0.0000000000000000        0.0000000000000000     
         0.0000000000000000        1.0000000000000000        0.0000000000000000     
         0.0000000000000000        0.0000000000000000        1.0000000000000000     
         0.0000000000000000        1.0000000000000000        1.0000000000000000     
         0.0000000000000000       0.50000000000000000        0.0000000000000000     
         0.0000000000000000        0.0000000000000000       0.50000000000000000     
         0.0000000000000000       0.50000000000000000       0.50000000000000000     
         0.0000000000000000        1.0000000000000000       0.50000000000000000     
         0.0000000000000000       0.50000000000000000        1.0000000000000000     

 !NewElementMapDefinition
         202         403
         0.0000000000000000        0.0000000000000000        0.0000000000000000     
         0.0000000000000000        1.0000000000000000        0.0000000000000000     
         0.0000000000000000        0.0000000000000000        1.0000000000000000     
         0.0000000000000000        1.0000000000000000        1.0000000000000000     
         0.0000000000000000       0.50000000000000000        0.0000000000000000     
         0.0000000000000000        0.0000000000000000       0.50000000000000000     
         0.0000000000000000       0.50000000000000000       0.50000000000000000     
         0.0000000000000000        1.0000000000000000       0.50000000000000000     
         0.0000000000000000       0.50000000000000000        1.0000000000000000     

 !NewElementMapDefinition
         203         405
         0.0000000000000000        0.0000000000000000        0.0000000000000000     
         0.0000000000000000        1.0000000000000000        0.0000000000000000     
         0.0000000000000000        0.0000000000000000        1.0000000000000000     
         0.0000000000000000        1.0000000000000000        1.0000000000000000     
         0.0000000000000000       0.50000000000000000        0.0000000000000000     
         0.0000000000000000        0.0000000000000000       0.50000000000000000     
         0.0000000000000000       0.50000000000000000       0.50000000000000000     
         0.0000000000000000        1.0000000000000000       0.50000000000000000     
         0.0000000000000000       0.50000000000000000        1.0000000000000000     

 !NewElementMapDefinition
         204         407
         0.0000000000000000        0.0000000000000000        0.0000000000000000     
         0.0000000000000000        1.0000000000000000        0.0000000000000000     
         0.0000000000000000        0.0000000000000000        1.0000000000000000     
         0.0000000000000000        1.0000000000000000        1.0000000000000000     
         0.0000000000000000       0.50000000000000000        0.0000000000000000     
         0.0000000000000000        0.0000000000000000       0.50000000000000000     
         0.0000000000000000       0.50000000000000000       0.50000000000000000     
         0.0000000000000000        1.0000000000000000       0.50000000000000000     
         0.0000000000000000       0.50000000000000000        1.0000000000000000     

 !NewElementMapDefinition
         205         409
         0.0000000000000000        0.0000000000000000        0.0000000000000000     
         0.0000000000000000        1.0000000000000000        0.0000000000000000     
         0.0000000000000000        0.0000000000000000        1.0000000000000000     
         0.0000000000000000        1.0000000000000000        1.0000000000000000     
         0.0000000000000000       0.50000000000000000        0.0000000000000000     
         0.0000000000000000        0.0000000000000000       0.50000000000000000     
         0.0000000000000000       0.50000000000000000       0.50000000000000000     
         0.0000000000000000        1.0000000000000000       0.50000000000000000     
         0.0000000000000000       0.50000000000000000        1.0000000000000000     

 !NewElementMapDefinition
         206         411
         0.0000000000000000        0.0000000000000000        0.0000000000000000     
         0.0000000000000000        1.0000000000000000        0.0000000000000000     
         0.0000000000000000        0.0000000000000000        1.0000000000000000     
         0.0000000000000000        1.0000000000000000        1.0000000000000000     
         0.0000000000000000       0.50000000000000000        0.0000000000000000     
         0.0000000000000000        0.0000000000000000       0.50000000000000000     
         0.0000000000000000       0.50000000000000000       0.50000000000000000     
         0.0000000000000000        1.0000000000000000       0.50000000000000000     
         0.0000000000000000       0.50000000000000000        1.0000000000000000     

 !NewElementMapDefinition
         207         413
         0.0000000000000000        0.0000000000000000        0.0000000000000000     
         0.0000000000000000        1.0000000000000000        0.0000000000000000     
         0.0000000000000000        0.0000000000000000        1.0000000000000000     
         0.0000000000000000        1.0000000000000000        1.0000000000000000     
         0.0000000000000000       0.50000000000000000        0.0000000000000000     
         0.0000000000000000        0.0000000000000000       0.50000000000000000     
         0.0000000000000000       0.50000000000000000       0.50000000000000000     
         0.0000000000000000        1.0000000000000000       0.50000000000000000     
         0.0000000000000000       0.50000000000000000        1.0000000000000000     

 !NewElementMapDefinition
         208         415
         0.0000000000000000        0.0000000000000000        0.0000000000000000     
         0.0000000000000000        1.0000000000000000        0.0000000000000000     
         0.0000000000000000        0.0000000000000000        1.0000000000000000     
         0.0000000000000000        1.0000000000000000        1.0000000000000000     
         0.0000000000000000       0.50000000000000000        0.0000000000000000     
         0.0000000000000000        0.0000000000000000       0.50000000000000000     
         0.0000000000000000       0.50000000000000000       0.50000000000000000     
         0.0000000000000000        1.0000000000000000       0.50000000000000000     
         0.0000000000000000       0.50000000000000000        1.0000000000000000     

 !NewElementMapDefinition
         209         417
         0.0000000000000000        0.0000000000000000        0.0000000000000000     
         0.0000000000000000        1.0000000000000000        0.0000000000000000     
         0.0000000000000000        0.0000000000000000        1.0000000000000000     
         0.0000000000000000        1.0000000000000000        1.0000000000000000     
         0.0000000000000000       0.50000000000000000        0.0000000000000000     
         0.0000000000000000        0.0000000000000000       0.50000000000000000     
         0.0000000000000000       0.50000000000000000       0.50000000000000000     
         0.0000000000000000        1.0000000000000000       0.50000000000000000     
         0.0000000000000000       0.50000000000000000        1.0000000000000000     

 !NewElementMapDefinition
         210         419
         0.0000000000000000        0.0000000000000000        0.0000000000000000     
         0.0000000000000000        1.0000000000000000        0.0000000000000000     
         0.0000000000000000        0.0000000000000000        1.0000000000000000     
         0.0000000000000000        1.0000000000000000        1.0000000000000000     
         0.0000000000000000       0.50000000000000000        0.0000000000000000     
         0.0000000000000000        0.0000000000000000       0.50000000000000000     
         0.0000000000000000       0.50000000000000000       0.50000000000000000     
         0.0000000000000000        1.0000000000000000       0.50000000000000000     
         0.0000000000000000       0.50000000000000000        1.0000000000000000     

 !NewElementMapDefinition
         211         421
         0.0000000000000000        0.0000000000000000        0.0000000000000000     
         0.0000000000000000        1.0000000000000000        0.0000000000000000     
         0.0000000000000000        0.0000000000000000        1.0000000000000000     
         0.0000000000000000        1.0000000000000000        1.0000000000000000     
         0.0000000000000000       0.50000000000000000        0.0000000000000000     
         0.0000000000000000        0.0000000000000000       0.50000000000000000     
         0.0000000000000000       0.50000000000000000       0.50000000000000000     
         0.0000000000000000        1.0000000000000000       0.50000000000000000     
         0.0000000000000000       0.50000000000000000        1.0000000000000000     

 !NewElementMapDefinition
         212         423
         0.0000000000000000        0.0000000000000000        0.0000000000000000     
         0.0000000000000000        1.0000000000000000        0.0000000000000000     
         0.0000000000000000        0.0000000000000000        1.0000000000000000     
         0.0000000000000000        1.0000000000000000        1.0000000000000000     
         0.0000000000000000       0.50000000000000000        0.0000000000000000     
         0.0000000000000000        0.0000000000000000       0.50000000000000000     
         0.0000000000000000       0.50000000000000000       0.50000000000000000     
         0.0000000000000000        1.0000000000000000       0.50000000000000000     
         0.0000000000000000       0.50000000000000000        1.0000000000000000     

 !NewElementMapDefinition
         213         425
         0.0000000000000000        0.0000000000000000        0.0000000000000000     
         0.0000000000000000        1.0000000000000000        0.0000000000000000     
         0.0000000000000000        0.0000000000000000        1.0000000000000000     
         0.0000000000000000        1.0000000000000000        1.0000000000000000     
         0.0000000000000000       0.50000000000000000        0.0000000000000000     
         0.0000000000000000        0.0000000000000000       0.50000000000000000     
         0.0000000000000000       0.50000000000000000       0.50000000000000000     
         0.0000000000000000        1.0000000000000000       0.50000000000000000     
         0.0000000000000000       0.50000000000000000        1.0000000000000000     

 !NewElementMapDefinition
         214         427
         0.0000000000000000        0.0000000000000000        0.0000000000000000     
         0.0000000000000000        1.0000000000000000        0.0000000000000000     
         0.0000000000000000        0.0000000000000000        1.0000000000000000     
         0.0000000000000000        1.0000000000000000        1.0000000000000000     
         0.0000000000000000       0.50000000000000000        0.0000000000000000     
         0.0000000000000000        0.0000000000000000       0.50000000000000000     
         0.0000000000000000       0.50000000000000000       0.50000000000000000     
         0.0000000000000000        1.0000000000000000       0.50000000000000000     
         0.0000000000000000       0.50000000000000000        1.0000000000000000     

 !NewElementMapDefinition
         215         429
         0.0000000000000000        0.0000000000000000        0.0000000000000000     
         0.0000000000000000        1.0000000000000000        0.0000000000000000     
         0.0000000000000000        0.0000000000000000        1.0000000000000000     
         0.0000000000000000        1.0000000000000000        1.0000000000000000     
         0.0000000000000000       0.50000000000000000        0.0000000000000000     
         0.0000000000000000        0.0000000000000000       0.50000000000000000     
         0.0000000000000000       0.50000000000000000       0.50000000000000000     
         0.0000000000000000        1.0000000000000000       0.50000000000000000     
         0.0000000000000000       0.50000000000000000        1.0000000000000000     

 !NewElementMapDefinition
         216         431
         0.0000000000000000        0.0000000000000000        0.0000000000000000     
         0.0000000000000000        1.0000000000000000        0.0000000000000000     
         0.0000000000000000        0.0000000000000000        1.0000000000000000     
         0.0000000000000000        1.0000000000000000        1.0000000000000000     
         0.0000000000000000       0.50000000000000000        0.0000000000000000     
         0.0000000000000000        0.0000000000000000       0.50000000000000000     
         0.0000000000000000       0.50000000000000000       0.50000000000000000     
         0.0000000000000000        1.0000000000000000       0.50000000000000000     
         0.0000000000000000       0.50000000000000000        1.0000000000000000     

 !NewElementMapDefinition
         217         433
         0.0000000000000000        0.0000000000000000        0.0000000000000000     
         0.0000000000000000        1.0000000000000000        0.0000000000000000     
         0.0000000000000000        0.0000000000000000        1.0000000000000000     
         0.0000000000000000        1.0000000000000000        1.0000000000000000     
         0.0000000000000000       0.50000000000000000        0.0000000000000000     
         0.0000000000000000        0.0000000000000000       0.50000000000000000     
         0.0000000000000000       0.50000000000000000       0.50000000000000000     
         0.0000000000000000        1.0000000000000000       0.50000000000000000     
         0.0000000000000000       0.50000000000000000        1.0000000000000000     

 !NewElementMapDefinition
         218         435
         0.0000000000000000        0.0000000000000000        0.0000000000000000     
         0.0000000000000000        1.0000000000000000        0.0000000000000000     
         0.0000000000000000        0.0000000000000000        1.0000000000000000     
         0.0000000000000000        1.0000000000000000        1.0000000000000000     
         0.0000000000000000       0.50000000000000000        0.0000000000000000     
         0.0000000000000000        0.0000000000000000       0.50000000000000000     
         0.0000000000000000       0.50000000000000000       0.50000000000000000     
         0.0000000000000000        1.0000000000000000       0.50000000000000000     
         0.0000000000000000       0.50000000000000000        1.0000000000000000     

 !NewElementMapDefinition
         219         437
         0.0000000000000000        0.0000000000000000        0.0000000000000000     
         0.0000000000000000        1.0000000000000000        0.0000000000000000     
         0.0000000000000000        0.0000000000000000        1.0000000000000000     
         0.0000000000000000        1.0000000000000000        1.0000000000000000     
         0.0000000000000000       0.50000000000000000        0.0000000000000000     
         0.0000000000000000        0.0000000000000000       0.50000000000000000     
         0.0000000000000000       0.50000000000000000       0.50000000000000000     
         0.0000000000000000        1.0000000000000000       0.50000000000000000     
         0.0000000000000000       0.50000000000000000        1.0000000000000000     

 !NewElementMapDefinition
         220         439
         0.0000000000000000        0.0000000000000000        0.0000000000000000     
         0.0000000000000000        1.0000000000000000        0.0000000000000000     
         0.0000000000000000        0.0000000000000000        1.0000000000000000     
         0.0000000000000000        1.0000000000000000        1.0000000000000000     
         0.0000000000000000       0.50000000000000000        0.0000000000000000     
         0.0000000000000000        0.0000000000000000       0.50000000000000000     
         0.0000000000000000       0.50000000000000000       0.50000000000000000     
         0.0000000000000000        1.0000000000000000       0.50000000000000000     
         0.0000000000000000       0.50000000000000000        1.0000000000000000     

 !NewElementMapDefinition
         221         441
         0.0000000000000000        0.0000000000000000        0.0000000000000000     
         0.0000000000000000        1.0000000000000000        0.0000000000000000     
         0.0000000000000000        0.0000000000000000        1.0000000000000000     
         0.0000000000000000        1.0000000000000000        1.0000000000000000     
         0.0000000000000000       0.50000000000000000        0.0000000000000000     
         0.0000000000000000        0.0000000000000000       0.50000000000000000     
         0.0000000000000000       0.50000000000000000       0.50000000000000000     
         0.0000000000000000        1.0000000000000000       0.50000000000000000     
         0.0000000000000000       0.50000000000000000        1.0000000000000000     

 !NewElementMapDefinition
         222         443
         0.0000000000000000        0.0000000000000000        0.0000000000000000     
         0.0000000000000000        1.0000000000000000        0.0000000000000000     
         0.0000000000000000        0.0000000000000000        1.0000000000000000     
         0.0000000000000000        1.0000000000000000        1.0000000000000000     
         0.0000000000000000       0.50000000000000000        0.0000000000000000     
         0.0000000000000000        0.0000000000000000       0.50000000000000000     
         0.0000000000000000       0.50000000000000000       0.50000000000000000     
         0.0000000000000000        1.0000000000000000       0.50000000000000000     
         0.0000000000000000       0.50000000000000000        1.0000000000000000     

 !NewElementMapDefinition
         223         445
         0.0000000000000000        0.0000000000000000        0.0000000000000000     
         0.0000000000000000        1.0000000000000000        0.0000000000000000     
         0.0000000000000000        0.0000000000000000        1.0000000000000000     
         0.0000000000000000        1.0000000000000000        1.0000000000000000     
         0.0000000000000000       0.50000000000000000        0.0000000000000000     
         0.0000000000000000        0.0000000000000000       0.50000000000000000     
         0.0000000000000000       0.50000000000000000       0.50000000000000000     
         0.0000000000000000        1.0000000000000000       0.50000000000000000     
         0.0000000000000000       0.50000000000000000        1.0000000000000000     

 !NewElementMapDefinition
         224         447
         0.0000000000000000        0.0000000000000000        0.0000000000000000     
         0.0000000000000000        1.0000000000000000        0.0000000000000000     
         0.0000000000000000        0.0000000000000000        1.0000000000000000     
         0.0000000000000000        1.0000000000000000        1.0000000000000000     
         0.0000000000000000       0.50000000000000000        0.0000000000000000     
         0.0000000000000000        0.0000000000000000       0.50000000000000000     
         0.0000000000000000       0.50000000000000000       0.50000000000000000     
         0.0000000000000000        1.0000000000000000       0.50000000000000000     
         0.0000000000000000       0.50000000000000000        1.0000000000000000     

 !NewElementMapDefinition
         225         449
         0.0000000000000000        0.0000000000000000        0.0000000000000000     
         0.0000000000000000        1.0000000000000000        0.0000000000000000     
         0.0000000000000000        0.0000000000000000        1.0000000000000000     
         0.0000000000000000        1.0000000000000000        1.0000000000000000     
         0.0000000000000000       0.50000000000000000        0.0000000000000000     
         0.0000000000000000        0.0000000000000000       0.50000000000000000     
         0.0000000000000000       0.50000000000000000       0.50000000000000000     
         0.0000000000000000        1.0000000000000000       0.50000000000000000     
         0.0000000000000000       0.50000000000000000        1.0000000000000000     

 !NewElementMapDefinition
         226         451
         0.0000000000000000        0.0000000000000000        0.0000000000000000     
         0.0000000000000000        1.0000000000000000        0.0000000000000000     
         0.0000000000000000        0.0000000000000000        1.0000000000000000     
         0.0000000000000000        1.0000000000000000        1.0000000000000000     
         0.0000000000000000       0.50000000000000000        0.0000000000000000     
         0.0000000000000000        0.0000000000000000       0.50000000000000000     
         0.0000000000000000       0.50000000000000000       0.50000000000000000     
         0.0000000000000000        1.0000000000000000       0.50000000000000000     
         0.0000000000000000       0.50000000000000000        1.0000000000000000     

 !NewElementMapDefinition
         227         453
         0.0000000000000000        0.0000000000000000        0.0000000000000000     
         0.0000000000000000        1.0000000000000000        0.0000000000000000     
         0.0000000000000000        0.0000000000000000        1.0000000000000000     
         0.0000000000000000        1.0000000000000000        1.0000000000000000     
         0.0000000000000000       0.50000000000000000        0.0000000000000000     
         0.0000000000000000        0.0000000000000000       0.50000000000000000     
         0.0000000000000000       0.50000000000000000       0.50000000000000000     
         0.0000000000000000        1.0000000000000000       0.50000000000000000     
         0.0000000000000000       0.50000000000000000        1.0000000000000000     

 !NewElementMapDefinition
         228         455
         0.0000000000000000        0.0000000000000000        0.0000000000000000     
         0.0000000000000000        1.0000000000000000        0.0000000000000000     
         0.0000000000000000        0.0000000000000000        1.0000000000000000     
         0.0000000000000000        1.0000000000000000        1.0000000000000000     
         0.0000000000000000       0.50000000000000000        0.0000000000000000     
         0.0000000000000000        0.0000000000000000       0.50000000000000000     
         0.0000000000000000       0.50000000000000000       0.50000000000000000     
         0.0000000000000000        1.0000000000000000       0.50000000000000000     
         0.0000000000000000       0.50000000000000000        1.0000000000000000     

 !NewElementMapDefinition
         229         457
         0.0000000000000000        0.0000000000000000        0.0000000000000000     
         0.0000000000000000        1.0000000000000000        0.0000000000000000     
         0.0000000000000000        0.0000000000000000        1.0000000000000000     
         0.0000000000000000        1.0000000000000000        1.0000000000000000     
         0.0000000000000000       0.50000000000000000        0.0000000000000000     
         0.0000000000000000        0.0000000000000000       0.50000000000000000     
         0.0000000000000000       0.50000000000000000       0.50000000000000000     
         0.0000000000000000        1.0000000000000000       0.50000000000000000     
         0.0000000000000000       0.50000000000000000        1.0000000000000000     

 !NewElementMapDefinition
         230         459
         0.0000000000000000        0.0000000000000000        0.0000000000000000     
         0.0000000000000000        1.0000000000000000        0.0000000000000000     
         0.0000000000000000        0.0000000000000000        1.0000000000000000     
         0.0000000000000000        1.0000000000000000        1.0000000000000000     
         0.0000000000000000       0.50000000000000000        0.0000000000000000     
         0.0000000000000000        0.0000000000000000       0.50000000000000000     
         0.0000000000000000       0.50000000000000000       0.50000000000000000     
         0.0000000000000000        1.0000000000000000       0.50000000000000000     
         0.0000000000000000       0.50000000000000000        1.0000000000000000     

 !NewElementMapDefinition
         231         461
         0.0000000000000000        0.0000000000000000        0.0000000000000000     
         0.0000000000000000        1.0000000000000000        0.0000000000000000     
         0.0000000000000000        0.0000000000000000        1.0000000000000000     
         0.0000000000000000        1.0000000000000000        1.0000000000000000     
         0.0000000000000000       0.50000000000000000        0.0000000000000000     
         0.0000000000000000        0.0000000000000000       0.50000000000000000     
         0.0000000000000000       0.50000000000000000       0.50000000000000000     
         0.0000000000000000        1.0000000000000000       0.50000000000000000     
         0.0000000000000000       0.50000000000000000        1.0000000000000000     

 !NewElementMapDefinition
         232         463
         0.0000000000000000        0.0000000000000000        0.0000000000000000     
         0.0000000000000000        1.0000000000000000        0.0000000000000000     
         0.0000000000000000        0.0000000000000000        1.0000000000000000     
         0.0000000000000000        1.0000000000000000        1.0000000000000000     
         0.0000000000000000       0.50000000000000000        0.0000000000000000     
         0.0000000000000000        0.0000000000000000       0.50000000000000000     
         0.0000000000000000       0.50000000000000000       0.50000000000000000     
         0.0000000000000000        1.0000000000000000       0.50000000000000000     
         0.0000000000000000       0.50000000000000000        1.0000000000000000     

 !NewElementMapDefinition
         233         465
         0.0000000000000000        0.0000000000000000        0.0000000000000000     
         0.0000000000000000        1.0000000000000000        0.0000000000000000     
         0.0000000000000000        0.0000000000000000        1.0000000000000000     
         0.0000000000000000        1.0000000000000000        1.0000000000000000     
         0.0000000000000000       0.50000000000000000        0.0000000000000000     
         0.0000000000000000        0.0000000000000000       0.50000000000000000     
         0.0000000000000000       0.50000000000000000       0.50000000000000000     
         0.0000000000000000        1.0000000000000000       0.50000000000000000     
         0.0000000000000000       0.50000000000000000        1.0000000000000000     

 !NewElementMapDefinition
         234         467
         0.0000000000000000        0.0000000000000000        0.0000000000000000     
         0.0000000000000000        1.0000000000000000        0.0000000000000000     
         0.0000000000000000        0.0000000000000000        1.0000000000000000     
         0.0000000000000000        1.0000000000000000        1.0000000000000000     
         0.0000000000000000       0.50000000000000000        0.0000000000000000     
         0.0000000000000000        0.0000000000000000       0.50000000000000000     
         0.0000000000000000       0.50000000000000000       0.50000000000000000     
         0.0000000000000000        1.0000000000000000       0.50000000000000000     
         0.0000000000000000       0.50000000000000000        1.0000000000000000     

 !NewElementMapDefinition
         235         469
         0.0000000000000000        0.0000000000000000        0.0000000000000000     
         0.0000000000000000        1.0000000000000000        0.0000000000000000     
         0.0000000000000000        0.0000000000000000        1.0000000000000000     
         0.0000000000000000        1.0000000000000000        1.0000000000000000     
         0.0000000000000000       0.50000000000000000        0.0000000000000000     
         0.0000000000000000        0.0000000000000000       0.50000000000000000     
         0.0000000000000000       0.50000000000000000       0.50000000000000000     
         0.0000000000000000        1.0000000000000000       0.50000000000000000     
         0.0000000000000000       0.50000000000000000        1.0000000000000000     

 !NewElementMapDefinition
         236         471
         0.0000000000000000        0.0000000000000000        0.0000000000000000     
         0.0000000000000000        1.0000000000000000        0.0000000000000000     
         0.0000000000000000        0.0000000000000000        1.0000000000000000     
         0.0000000000000000        1.0000000000000000        1.0000000000000000     
         0.0000000000000000       0.50000000000000000        0.0000000000000000     
         0.0000000000000000        0.0000000000000000       0.50000000000000000     
         0.0000000000000000       0.50000000000000000       0.50000000000000000     
         0.0000000000000000        1.0000000000000000       0.50000000000000000     
         0.0000000000000000       0.50000000000000000        1.0000000000000000     

 !NewElementMapDefinition
         237         473
         0.0000000000000000        0.0000000000000000        0.0000000000000000     
         0.0000000000000000        1.0000000000000000        0.0000000000000000     
         0.0000000000000000        0.0000000000000000        1.0000000000000000     
         0.0000000000000000        1.0000000000000000        1.0000000000000000     
         0.0000000000000000       0.50000000000000000        0.0000000000000000     
         0.0000000000000000        0.0000000000000000       0.50000000000000000     
         0.0000000000000000       0.50000000000000000       0.50000000000000000     
         0.0000000000000000        1.0000000000000000       0.50000000000000000     
         0.0000000000000000       0.50000000000000000        1.0000000000000000     

 !NewElementMapDefinition
         238         475
         0.0000000000000000        0.0000000000000000        0.0000000000000000     
         0.0000000000000000        1.0000000000000000        0.0000000000000000     
         0.0000000000000000        0.0000000000000000        1.0000000000000000     
         0.0000000000000000        1.0000000000000000        1.0000000000000000     
         0.0000000000000000       0.50000000000000000        0.0000000000000000     
         0.0000000000000000        0.0000000000000000       0.50000000000000000     
         0.0000000000000000       0.50000000000000000       0.50000000000000000     
         0.0000000000000000        1.0000000000000000       0.50000000000000000     
         0.0000000000000000       0.50000000000000000        1.0000000000000000     

 !NewElementMapDefinition
         239         477
         0.0000000000000000        0.0000000000000000        0.0000000000000000     
         0.0000000000000000        1.0000000000000000        0.0000000000000000     
         0.0000000000000000        0.0000000000000000        1.0000000000000000     
         0.0000000000000000        1.0000000000000000        1.0000000000000000     
         0.0000000000000000       0.50000000000000000        0.0000000000000000     
         0.0000000000000000        0.0000000000000000       0.50000000000000000     
         0.0000000000000000       0.50000000000000000       0.50000000000000000     
         0.0000000000000000        1.0000000000000000       0.50000000000000000     
         0.0000000000000000       0.50000000000000000        1.0000000000000000     

 !NewElementMapDefinition
         240         479
         0.0000000000000000        0.0000000000000000        0.0000000000000000     
         0.0000000000000000        1.0000000000000000        0.0000000000000000     
         0.0000000000000000        0.0000000000000000        1.0000000000000000     
         0.0000000000000000        1.0000000000000000        1.0000000000000000     
         0.0000000000000000       0.50000000000000000        0.0000000000000000     
         0.0000000000000000        0.0000000000000000       0.50000000000000000     
         0.0000000000000000       0.50000000000000000       0.50000000000000000     
         0.0000000000000000        1.0000000000000000       0.50000000000000000     
         0.0000000000000000       0.50000000000000000        1.0000000000000000     

 !NewElementMapDefinition
         241         481
         0.0000000000000000        0.0000000000000000        0.0000000000000000     
         0.0000000000000000        1.0000000000000000        0.0000000000000000     
         0.0000000000000000        0.0000000000000000        1.0000000000000000     
         0.0000000000000000        1.0000000000000000        1.0000000000000000     
         0.0000000000000000       0.50000000000000000        0.0000000000000000     
         0.0000000000000000        0.0000000000000000       0.50000000000000000     
         0.0000000000000000       0.50000000000000000       0.50000000000000000     
         0.0000000000000000        1.0000000000000000       0.50000000000000000     
         0.0000000000000000       0.50000000000000000        1.0000000000000000     

 !NewElementMapDefinition
         242         483
         0.0000000000000000        0.0000000000000000        0.0000000000000000     
         0.0000000000000000        1.0000000000000000        0.0000000000000000     
         0.0000000000000000        0.0000000000000000        1.0000000000000000     
         0.0000000000000000        1.0000000000000000        1.0000000000000000     
         0.0000000000000000       0.50000000000000000        0.0000000000000000     
         0.0000000000000000        0.0000000000000000       0.50000000000000000     
         0.0000000000000000       0.50000000000000000       0.50000000000000000     
         0.0000000000000000        1.0000000000000000       0.50000000000000000     
         0.0000000000000000       0.50000000000000000        1.0000000000000000     

 !NewElementMapDefinition
         243         485
         0.0000000000000000        0.0000000000000000        0.0000000000000000     
         0.0000000000000000        1.0000000000000000        0.0000000000000000     
         0.0000000000000000        0.0000000000000000        1.0000000000000000     
         0.0000000000000000        1.0000000000000000        1.0000000000000000     
         0.0000000000000000       0.50000000000000000        0.0000000000000000     
         0.0000000000000000        0.0000000000000000       0.50000000000000000     
         0.0000000000000000       0.50000000000000000       0.50000000000000000     
         0.0000000000000000        1.0000000000000000       0.50000000000000000     
         0.0000000000000000       0.50000000000000000        1.0000000000000000     

 !NewElementMapDefinition
         244         487
         0.0000000000000000        0.0000000000000000        0.0000000000000000     
         0.0000000000000000        1.0000000000000000        0.0000000000000000     
         0.0000000000000000        0.0000000000000000        1.0000000000000000     
         0.0000000000000000        1.0000000000000000        1.0000000000000000     
         0.0000000000000000       0.50000000000000000        0.0000000000000000     
         0.0000000000000000        0.0000000000000000       0.50000000000000000     
         0.0000000000000000       0.50000000000000000       0.50000000000000000     
         0.0000000000000000        1.0000000000000000       0.50000000000000000     
         0.0000000000000000       0.50000000000000000        1.0000000000000000     

 !NewElementMapDefinition
         245         489
         0.0000000000000000        0.0000000000000000        0.0000000000000000     
         0.0000000000000000        1.0000000000000000        0.0000000000000000     
         0.0000000000000000        0.0000000000000000        1.0000000000000000     
         0.0000000000000000        1.0000000000000000        1.0000000000000000     
         0.0000000000000000       0.50000000000000000        0.0000000000000000     
         0.0000000000000000        0.0000000000000000       0.50000000000000000     
         0.0000000000000000       0.50000000000000000       0.50000000000000000     
         0.0000000000000000        1.0000000000000000       0.50000000000000000     
         0.0000000000000000       0.50000000000000000        1.0000000000000000     

 !NewElementMapDefinition
         246         491
         0.0000000000000000        0.0000000000000000        0.0000000000000000     
         0.0000000000000000        1.0000000000000000        0.0000000000000000     
         0.0000000000000000        0.0000000000000000        1.0000000000000000     
         0.0000000000000000        1.0000000000000000        1.0000000000000000     
         0.0000000000000000       0.50000000000000000        0.0000000000000000     
         0.0000000000000000        0.0000000000000000       0.50000000000000000     
         0.0000000000000000       0.50000000000000000       0.50000000000000000     
         0.0000000000000000        1.0000000000000000       0.50000000000000000     
         0.0000000000000000       0.50000000000000000        1.0000000000000000     

 !NewElementMapDefinition
         247         493
         0.0000000000000000        0.0000000000000000        0.0000000000000000     
         0.0000000000000000        1.0000000000000000        0.0000000000000000     
         0.0000000000000000        0.0000000000000000        1.0000000000000000     
         0.0000000000000000        1.0000000000000000        1.0000000000000000     
         0.0000000000000000       0.50000000000000000        0.0000000000000000     
         0.0000000000000000        0.0000000000000000       0.50000000000000000     
         0.0000000000000000       0.50000000000000000       0.50000000000000000     
         0.0000000000000000        1.0000000000000000       0.50000000000000000     
         0.0000000000000000       0.50000000000000000        1.0000000000000000     

 !NewElementMapDefinition
         248         495
         0.0000000000000000        0.0000000000000000        0.0000000000000000     
         0.0000000000000000        1.0000000000000000        0.0000000000000000     
         0.0000000000000000        0.0000000000000000        1.0000000000000000     
         0.0000000000000000        1.0000000000000000        1.0000000000000000     
         0.0000000000000000       0.50000000000000000        0.0000000000000000     
         0.0000000000000000        0.0000000000000000       0.50000000000000000     
         0.0000000000000000       0.50000000000000000       0.50000000000000000     
         0.0000000000000000        1.0000000000000000       0.50000000000000000     
         0.0000000000000000       0.50000000000000000        1.0000000000000000     

 !NewElementMapDefinition
         249         497
         0.0000000000000000        0.0000000000000000        0.0000000000000000     
         0.0000000000000000        1.0000000000000000        0.0000000000000000     
         0.0000000000000000        0.0000000000000000        1.0000000000000000     
         0.0000000000000000        1.0000000000000000        1.0000000000000000     
         0.0000000000000000       0.50000000000000000        0.0000000000000000     
         0.0000000000000000        0.0000000000000000       0.50000000000000000     
         0.0000000000000000       0.50000000000000000       0.50000000000000000     
         0.0000000000000000        1.0000000000000000       0.50000000000000000     
         0.0000000000000000       0.50000000000000000        1.0000000000000000     

 !NewElementMapDefinition
         250         499
         0.0000000000000000        0.0000000000000000        0.0000000000000000     
         0.0000000000000000        1.0000000000000000        0.0000000000000000     
         0.0000000000000000        0.0000000000000000        1.0000000000000000     
         0.0000000000000000        1.0000000000000000        1.0000000000000000     
         0.0000000000000000       0.50000000000000000        0.0000000000000000     
         0.0000000000000000        0.0000000000000000       0.50000000000000000     
         0.0000000000000000       0.50000000000000000       0.50000000000000000     
         0.0000000000000000        1.0000000000000000       0.50000000000000000     
         0.0000000000000000       0.50000000000000000        1.0000000000000000     

 !NewElementMapDefinition
         251         501
         0.0000000000000000        0.0000000000000000        0.0000000000000000     
         0.0000000000000000        1.0000000000000000        0.0000000000000000     
         0.0000000000000000        0.0000000000000000        1.0000000000000000     
         0.0000000000000000        1.0000000000000000        1.0000000000000000     
         0.0000000000000000       0.50000000000000000        0.0000000000000000     
         0.0000000000000000        0.0000000000000000       0.50000000000000000     
         0.0000000000000000       0.50000000000000000       0.50000000000000000     
         0.0000000000000000        1.0000000000000000       0.50000000000000000     
         0.0000000000000000       0.50000000000000000        1.0000000000000000     

 !NewElementMapDefinition
         252         503
         0.0000000000000000        0.0000000000000000        0.0000000000000000     
         0.0000000000000000        1.0000000000000000        0.0000000000000000     
         0.0000000000000000        0.0000000000000000        1.0000000000000000     
         0.0000000000000000        1.0000000000000000        1.0000000000000000     
         0.0000000000000000       0.50000000000000000        0.0000000000000000     
         0.0000000000000000        0.0000000000000000       0.50000000000000000     
         0.0000000000000000       0.50000000000000000       0.50000000000000000     
         0.0000000000000000        1.0000000000000000       0.50000000000000000     
         0.0000000000000000       0.50000000000000000        1.0000000000000000     

 !NewElementMapDefinition
         253         505
         0.0000000000000000        0.0000000000000000        0.0000000000000000     
         0.0000000000000000        1.0000000000000000        0.0000000000000000     
         0.0000000000000000        0.0000000000000000        1.0000000000000000     
         0.0000000000000000        1.0000000000000000        1.0000000000000000     
         0.0000000000000000       0.50000000000000000        0.0000000000000000     
         0.0000000000000000        0.0000000000000000       0.50000000000000000     
         0.0000000000000000       0.50000000000000000       0.50000000000000000     
         0.0000000000000000        1.0000000000000000       0.50000000000000000     
         0.0000000000000000       0.50000000000000000        1.0000000000000000     

 !NewElementMapDefinition
         254         507
         0.0000000000000000        0.0000000000000000        0.0000000000000000     
         0.0000000000000000        1.0000000000000000        0.0000000000000000     
         0.0000000000000000        0.0000000000000000        1.0000000000000000     
         0.0000000000000000        1.0000000000000000        1.0000000000000000     
         0.0000000000000000       0.50000000000000000        0.0000000000000000     
         0.0000000000000000        0.0000000000000000       0.50000000000000000     
         0.0000000000000000       0.50000000000000000       0.50000000000000000     
         0.0000000000000000        1.0000000000000000       0.50000000000000000     
         0.0000000000000000       0.50000000000000000        1.0000000000000000     

 !NewElementMapDefinition
         255         509
         0.0000000000000000        0.0000000000000000        0.0000000000000000     
         0.0000000000000000        1.0000000000000000        0.0000000000000000     
         0.0000000000000000        0.0000000000000000        1.0000000000000000     
         0.0000000000000000        1.0000000000000000        1.0000000000000000     
         0.0000000000000000       0.50000000000000000        0.0000000000000000     
         0.0000000000000000        0.0000000000000000       0.50000000000000000     
         0.0000000000000000       0.50000000000000000       0.50000000000000000     
         0.0000000000000000        1.0000000000000000       0.50000000000000000     
         0.0000000000000000       0.50000000000000000        1.0000000000000000     

 !NewElementMapDefinition
         256         511
         0.0000000000000000        0.0000000000000000        0.0000000000000000     
         0.0000000000000000        1.0000000000000000        0.0000000000000000     
         0.0000000000000000        0.0000000000000000        1.0000000000000000     
         0.0000000000000000        1.0000000000000000        1.0000000000000000     
         0.0000000000000000       0.50000000000000000        0.0000000000000000     
         0.0000000000000000        0.0000000000000000       0.50000000000000000     
         0.0000000000000000       0.50000000000000000       0.50000000000000000     
         0.0000000000000000        1.0000000000000000       0.50000000000000000     
         0.0000000000000000       0.50000000000000000        1.0000000000000000     

 !NewElementMapDefinition
         257         513
         0.0000000000000000        0.0000000000000000        0.0000000000000000     
         0.0000000000000000        1.0000000000000000        0.0000000000000000     
         0.0000000000000000        0.0000000000000000        1.0000000000000000     
         0.0000000000000000        1.0000000000000000        1.0000000000000000     
         0.0000000000000000       0.50000000000000000        0.0000000000000000     
         0.0000000000000000        0.0000000000000000       0.50000000000000000     
         0.0000000000000000       0.50000000000000000       0.50000000000000000     
         0.0000000000000000        1.0000000000000000       0.50000000000000000     
         0.0000000000000000       0.50000000000000000        1.0000000000000000     

 !NewElementMapDefinition
         258         515
         0.0000000000000000        0.0000000000000000        0.0000000000000000     
         0.0000000000000000        1.0000000000000000        0.0000000000000000     
         0.0000000000000000        0.0000000000000000        1.0000000000000000     
         0.0000000000000000        1.0000000000000000        1.0000000000000000     
         0.0000000000000000       0.50000000000000000        0.0000000000000000     
         0.0000000000000000        0.0000000000000000       0.50000000000000000     
         0.0000000000000000       0.50000000000000000       0.50000000000000000     
         0.0000000000000000        1.0000000000000000       0.50000000000000000     
         0.0000000000000000       0.50000000000000000        1.0000000000000000     

 !NewElementMapDefinition
         259         517
         0.0000000000000000        0.0000000000000000        0.0000000000000000     
         0.0000000000000000        1.0000000000000000        0.0000000000000000     
         0.0000000000000000        0.0000000000000000        1.0000000000000000     
         0.0000000000000000        1.0000000000000000        1.0000000000000000     
         0.0000000000000000       0.50000000000000000        0.0000000000000000     
         0.0000000000000000        0.0000000000000000       0.50000000000000000     
         0.0000000000000000       0.50000000000000000       0.50000000000000000     
         0.0000000000000000        1.0000000000000000       0.50000000000000000     
         0.0000000000000000       0.50000000000000000        1.0000000000000000     

 !NewElementMapDefinition
         260         519
         0.0000000000000000        0.0000000000000000        0.0000000000000000     
         0.0000000000000000        1.0000000000000000        0.0000000000000000     
         0.0000000000000000        0.0000000000000000        1.0000000000000000     
         0.0000000000000000        1.0000000000000000        1.0000000000000000     
         0.0000000000000000       0.50000000000000000        0.0000000000000000     
         0.0000000000000000        0.0000000000000000       0.50000000000000000     
         0.0000000000000000       0.50000000000000000       0.50000000000000000     
         0.0000000000000000        1.0000000000000000       0.50000000000000000     
         0.0000000000000000       0.50000000000000000        1.0000000000000000     

 !NewElementMapDefinition
         261         521
         0.0000000000000000        0.0000000000000000        0.0000000000000000     
         0.0000000000000000        1.0000000000000000        0.0000000000000000     
         0.0000000000000000        0.0000000000000000        1.0000000000000000     
         0.0000000000000000        1.0000000000000000        1.0000000000000000     
         0.0000000000000000       0.50000000000000000        0.0000000000000000     
         0.0000000000000000        0.0000000000000000       0.50000000000000000     
         0.0000000000000000       0.50000000000000000       0.50000000000000000     
         0.0000000000000000        1.0000000000000000       0.50000000000000000     
         0.0000000000000000       0.50000000000000000        1.0000000000000000     

 !NewElementMapDefinition
         262         523
         0.0000000000000000        0.0000000000000000        0.0000000000000000     
         0.0000000000000000        1.0000000000000000        0.0000000000000000     
         0.0000000000000000        0.0000000000000000        1.0000000000000000     
         0.0000000000000000        1.0000000000000000        1.0000000000000000     
         0.0000000000000000       0.50000000000000000        0.0000000000000000     
         0.0000000000000000        0.0000000000000000       0.50000000000000000     
         0.0000000000000000       0.50000000000000000       0.50000000000000000     
         0.0000000000000000        1.0000000000000000       0.50000000000000000     
         0.0000000000000000       0.50000000000000000        1.0000000000000000     

 !NewElementMapDefinition
         263         525
         0.0000000000000000        0.0000000000000000        0.0000000000000000     
         0.0000000000000000        1.0000000000000000        0.0000000000000000     
         0.0000000000000000        0.0000000000000000        1.0000000000000000     
         0.0000000000000000        1.0000000000000000        1.0000000000000000     
         0.0000000000000000       0.50000000000000000        0.0000000000000000     
         0.0000000000000000        0.0000000000000000       0.50000000000000000     
         0.0000000000000000       0.50000000000000000       0.50000000000000000     
         0.0000000000000000        1.0000000000000000       0.50000000000000000     
         0.0000000000000000       0.50000000000000000        1.0000000000000000     

 !NewElementMapDefinition
         264         527
         0.0000000000000000        0.0000000000000000        0.0000000000000000     
         0.0000000000000000        1.0000000000000000        0.0000000000000000     
         0.0000000000000000        0.0000000000000000        1.0000000000000000     
         0.0000000000000000        1.0000000000000000        1.0000000000000000     
         0.0000000000000000       0.50000000000000000        0.0000000000000000     
         0.0000000000000000        0.0000000000000000       0.50000000000000000     
         0.0000000000000000       0.50000000000000000       0.50000000000000000     
         0.0000000000000000        1.0000000000000000       0.50000000000000000     
         0.0000000000000000       0.50000000000000000        1.0000000000000000     

 !NewElementMapDefinition
         265         529
         0.0000000000000000        0.0000000000000000        0.0000000000000000     
         0.0000000000000000        1.0000000000000000        0.0000000000000000     
         0.0000000000000000        0.0000000000000000        1.0000000000000000     
         0.0000000000000000        1.0000000000000000        1.0000000000000000     
         0.0000000000000000       0.50000000000000000        0.0000000000000000     
         0.0000000000000000        0.0000000000000000       0.50000000000000000     
         0.0000000000000000       0.50000000000000000       0.50000000000000000     
         0.0000000000000000        1.0000000000000000       0.50000000000000000     
         0.0000000000000000       0.50000000000000000        1.0000000000000000     

 !NewElementMapDefinition
         266         531
         0.0000000000000000        0.0000000000000000        0.0000000000000000     
         0.0000000000000000        1.0000000000000000        0.0000000000000000     
         0.0000000000000000        0.0000000000000000        1.0000000000000000     
         0.0000000000000000        1.0000000000000000        1.0000000000000000     
         0.0000000000000000       0.50000000000000000        0.0000000000000000     
         0.0000000000000000        0.0000000000000000       0.50000000000000000     
         0.0000000000000000       0.50000000000000000       0.50000000000000000     
         0.0000000000000000        1.0000000000000000       0.50000000000000000     
         0.0000000000000000       0.50000000000000000        1.0000000000000000     

 !NewElementMapDefinition
         267         533
         0.0000000000000000        0.0000000000000000        0.0000000000000000     
         0.0000000000000000        1.0000000000000000        0.0000000000000000     
         0.0000000000000000        0.0000000000000000        1.0000000000000000     
         0.0000000000000000        1.0000000000000000        1.0000000000000000     
         0.0000000000000000       0.50000000000000000        0.0000000000000000     
         0.0000000000000000        0.0000000000000000       0.50000000000000000     
         0.0000000000000000       0.50000000000000000       0.50000000000000000     
         0.0000000000000000        1.0000000000000000       0.50000000000000000     
         0.0000000000000000       0.50000000000000000        1.0000000000000000     

 !NewElementMapDefinition
         268         535
         0.0000000000000000        0.0000000000000000        0.0000000000000000     
         0.0000000000000000        1.0000000000000000        0.0000000000000000     
         0.0000000000000000        0.0000000000000000        1.0000000000000000     
         0.0000000000000000        1.0000000000000000        1.0000000000000000     
         0.0000000000000000       0.50000000000000000        0.0000000000000000     
         0.0000000000000000        0.0000000000000000       0.50000000000000000     
         0.0000000000000000       0.50000000000000000       0.50000000000000000     
         0.0000000000000000        1.0000000000000000       0.50000000000000000     
         0.0000000000000000       0.50000000000000000        1.0000000000000000     

 !NewElementMapDefinition
         269         537
         0.0000000000000000        0.0000000000000000        0.0000000000000000     
         0.0000000000000000        1.0000000000000000        0.0000000000000000     
         0.0000000000000000        0.0000000000000000        1.0000000000000000     
         0.0000000000000000        1.0000000000000000        1.0000000000000000     
         0.0000000000000000       0.50000000000000000        0.0000000000000000     
         0.0000000000000000        0.0000000000000000       0.50000000000000000     
         0.0000000000000000       0.50000000000000000       0.50000000000000000     
         0.0000000000000000        1.0000000000000000       0.50000000000000000     
         0.0000000000000000       0.50000000000000000        1.0000000000000000     

 !NewElementMapDefinition
         270         539
         0.0000000000000000        0.0000000000000000        0.0000000000000000     
         0.0000000000000000        1.0000000000000000        0.0000000000000000     
         0.0000000000000000        0.0000000000000000        1.0000000000000000     
         0.0000000000000000        1.0000000000000000        1.0000000000000000     
         0.0000000000000000       0.50000000000000000        0.0000000000000000     
         0.0000000000000000        0.0000000000000000       0.50000000000000000     
         0.0000000000000000       0.50000000000000000       0.50000000000000000     
         0.0000000000000000        1.0000000000000000       0.50000000000000000     
         0.0000000000000000       0.50000000000000000        1.0000000000000000     

 !NewElementMapDefinition
         271         541
         0.0000000000000000        0.0000000000000000        0.0000000000000000     
         0.0000000000000000        1.0000000000000000        0.0000000000000000     
         0.0000000000000000        0.0000000000000000        1.0000000000000000     
         0.0000000000000000        1.0000000000000000        1.0000000000000000     
         0.0000000000000000       0.50000000000000000        0.0000000000000000     
         0.0000000000000000        0.0000000000000000       0.50000000000000000     
         0.0000000000000000       0.50000000000000000       0.50000000000000000     
         0.0000000000000000        1.0000000000000000       0.50000000000000000     
         0.0000000000000000       0.50000000000000000        1.0000000000000000     

 !NewElementMapDefinition
         272         543
         0.0000000000000000        0.0000000000000000        0.0000000000000000     
         0.0000000000000000        1.0000000000000000        0.0000000000000000     
         0.0000000000000000        0.0000000000000000        1.0000000000000000     
         0.0000000000000000        1.0000000000000000        1.0000000000000000     
         0.0000000000000000       0.50000000000000000        0.0000000000000000     
         0.0000000000000000        0.0000000000000000       0.50000000000000000     
         0.0000000000000000       0.50000000000000000       0.50000000000000000     
         0.0000000000000000        1.0000000000000000       0.50000000000000000     
         0.0000000000000000       0.50000000000000000        1.0000000000000000     

 !NewElementMapDefinition
         273         545
         0.0000000000000000        0.0000000000000000        0.0000000000000000     
         0.0000000000000000        1.0000000000000000        0.0000000000000000     
         0.0000000000000000        0.0000000000000000        1.0000000000000000     
         0.0000000000000000        1.0000000000000000        1.0000000000000000     
         0.0000000000000000       0.50000000000000000        0.0000000000000000     
         0.0000000000000000        0.0000000000000000       0.50000000000000000     
         0.0000000000000000       0.50000000000000000       0.50000000000000000     
         0.0000000000000000        1.0000000000000000       0.50000000000000000     
         0.0000000000000000       0.50000000000000000        1.0000000000000000     

 !NewElementMapDefinition
         274         547
         0.0000000000000000        0.0000000000000000        0.0000000000000000     
         0.0000000000000000        1.0000000000000000        0.0000000000000000     
         0.0000000000000000        0.0000000000000000        1.0000000000000000     
         0.0000000000000000        1.0000000000000000        1.0000000000000000     
         0.0000000000000000       0.50000000000000000        0.0000000000000000     
         0.0000000000000000        0.0000000000000000       0.50000000000000000     
         0.0000000000000000       0.50000000000000000       0.50000000000000000     
         0.0000000000000000        1.0000000000000000       0.50000000000000000     
         0.0000000000000000       0.50000000000000000        1.0000000000000000     

 !NewElementMapDefinition
         275         549
         0.0000000000000000        0.0000000000000000        0.0000000000000000     
         0.0000000000000000        1.0000000000000000        0.0000000000000000     
         0.0000000000000000        0.0000000000000000        1.0000000000000000     
         0.0000000000000000        1.0000000000000000        1.0000000000000000     
         0.0000000000000000       0.50000000000000000        0.0000000000000000     
         0.0000000000000000        0.0000000000000000       0.50000000000000000     
         0.0000000000000000       0.50000000000000000       0.50000000000000000     
         0.0000000000000000        1.0000000000000000       0.50000000000000000     
         0.0000000000000000       0.50000000000000000        1.0000000000000000     

 !NewElementMapDefinition
         276         551
         0.0000000000000000        0.0000000000000000        0.0000000000000000     
         0.0000000000000000        1.0000000000000000        0.0000000000000000     
         0.0000000000000000        0.0000000000000000        1.0000000000000000     
         0.0000000000000000        1.0000000000000000        1.0000000000000000     
         0.0000000000000000       0.50000000000000000        0.0000000000000000     
         0.0000000000000000        0.0000000000000000       0.50000000000000000     
         0.0000000000000000       0.50000000000000000       0.50000000000000000     
         0.0000000000000000        1.0000000000000000       0.50000000000000000     
         0.0000000000000000       0.50000000000000000        1.0000000000000000     

 !NewElementMapDefinition
         277         553
         0.0000000000000000        0.0000000000000000        0.0000000000000000     
         0.0000000000000000        1.0000000000000000        0.0000000000000000     
         0.0000000000000000        0.0000000000000000        1.0000000000000000     
         0.0000000000000000        1.0000000000000000        1.0000000000000000     
         0.0000000000000000       0.50000000000000000        0.0000000000000000     
         0.0000000000000000        0.0000000000000000       0.50000000000000000     
         0.0000000000000000       0.50000000000000000       0.50000000000000000     
         0.0000000000000000        1.0000000000000000       0.50000000000000000     
         0.0000000000000000       0.50000000000000000        1.0000000000000000     

 !NewElementMapDefinition
         278         555
         0.0000000000000000        0.0000000000000000        0.0000000000000000     
         0.0000000000000000        1.0000000000000000        0.0000000000000000     
         0.0000000000000000        0.0000000000000000        1.0000000000000000     
         0.0000000000000000        1.0000000000000000        1.0000000000000000     
         0.0000000000000000       0.50000000000000000        0.0000000000000000     
         0.0000000000000000        0.0000000000000000       0.50000000000000000     
         0.0000000000000000       0.50000000000000000       0.50000000000000000     
         0.0000000000000000        1.0000000000000000       0.50000000000000000     
         0.0000000000000000       0.50000000000000000        1.0000000000000000     

 !NewElementMapDefinition
         279         557
         0.0000000000000000        0.0000000000000000        0.0000000000000000     
         0.0000000000000000        1.0000000000000000        0.0000000000000000     
         0.0000000000000000        0.0000000000000000        1.0000000000000000     
         0.0000000000000000        1.0000000000000000        1.0000000000000000     
         0.0000000000000000       0.50000000000000000        0.0000000000000000     
         0.0000000000000000        0.0000000000000000       0.50000000000000000     
         0.0000000000000000       0.50000000000000000       0.50000000000000000     
         0.0000000000000000        1.0000000000000000       0.50000000000000000     
         0.0000000000000000       0.50000000000000000        1.0000000000000000     

 !NewElementMapDefinition
         280         559
         0.0000000000000000        0.0000000000000000        0.0000000000000000     
         0.0000000000000000        1.0000000000000000        0.0000000000000000     
         0.0000000000000000        0.0000000000000000        1.0000000000000000     
         0.0000000000000000        1.0000000000000000        1.0000000000000000     
         0.0000000000000000       0.50000000000000000        0.0000000000000000     
         0.0000000000000000        0.0000000000000000       0.50000000000000000     
         0.0000000000000000       0.50000000000000000       0.50000000000000000     
         0.0000000000000000        1.0000000000000000       0.50000000000000000     
         0.0000000000000000       0.50000000000000000        1.0000000000000000     

 !NewElementMapDefinition
         281         561
         0.0000000000000000        0.0000000000000000        0.0000000000000000     
         0.0000000000000000        1.0000000000000000        0.0000000000000000     
         0.0000000000000000        0.0000000000000000        1.0000000000000000     
         0.0000000000000000        1.0000000000000000        1.0000000000000000     
         0.0000000000000000       0.50000000000000000        0.0000000000000000     
         0.0000000000000000        0.0000000000000000       0.50000000000000000     
         0.0000000000000000       0.50000000000000000       0.50000000000000000     
         0.0000000000000000        1.0000000000000000       0.50000000000000000     
         0.0000000000000000       0.50000000000000000        1.0000000000000000     

 !NewElementMapDefinition
         282         563
         0.0000000000000000        0.0000000000000000        0.0000000000000000     
         0.0000000000000000        1.0000000000000000        0.0000000000000000     
         0.0000000000000000        0.0000000000000000        1.0000000000000000     
         0.0000000000000000        1.0000000000000000        1.0000000000000000     
         0.0000000000000000       0.50000000000000000        0.0000000000000000     
         0.0000000000000000        0.0000000000000000       0.50000000000000000     
         0.0000000000000000       0.50000000000000000       0.50000000000000000     
         0.0000000000000000        1.0000000000000000       0.50000000000000000     
         0.0000000000000000       0.50000000000000000        1.0000000000000000     

 !NewElementMapDefinition
         283         565
         0.0000000000000000        0.0000000000000000        0.0000000000000000     
         0.0000000000000000        1.0000000000000000        0.0000000000000000     
         0.0000000000000000        0.0000000000000000        1.0000000000000000     
         0.0000000000000000        1.0000000000000000        1.0000000000000000     
         0.0000000000000000       0.50000000000000000        0.0000000000000000     
         0.0000000000000000        0.0000000000000000       0.50000000000000000     
         0.0000000000000000       0.50000000000000000       0.50000000000000000     
         0.0000000000000000        1.0000000000000000       0.50000000000000000     
         0.0000000000000000       0.50000000000000000        1.0000000000000000     

 !NewElementMapDefinition
         284         567
         0.0000000000000000        0.0000000000000000        0.0000000000000000     
         0.0000000000000000        1.0000000000000000        0.0000000000000000     
         0.0000000000000000        0.0000000000000000        1.0000000000000000     
         0.0000000000000000        1.0000000000000000        1.0000000000000000     
         0.0000000000000000       0.50000000000000000        0.0000000000000000     
         0.0000000000000000        0.0000000000000000       0.50000000000000000     
         0.0000000000000000       0.50000000000000000       0.50000000000000000     
         0.0000000000000000        1.0000000000000000       0.50000000000000000     
         0.0000000000000000       0.50000000000000000        1.0000000000000000     

 !NewElementMapDefinition
         285         569
         0.0000000000000000        0.0000000000000000        0.0000000000000000     
         0.0000000000000000        1.0000000000000000        0.0000000000000000     
         0.0000000000000000        0.0000000000000000        1.0000000000000000     
         0.0000000000000000        1.0000000000000000        1.0000000000000000     
         0.0000000000000000       0.50000000000000000        0.0000000000000000     
         0.0000000000000000        0.0000000000000000       0.50000000000000000     
         0.0000000000000000       0.50000000000000000       0.50000000000000000     
         0.0000000000000000        1.0000000000000000       0.50000000000000000     
         0.0000000000000000       0.50000000000000000        1.0000000000000000     

 !NewElementMapDefinition
         286         571
         0.0000000000000000        0.0000000000000000        0.0000000000000000     
         0.0000000000000000        1.0000000000000000        0.0000000000000000     
         0.0000000000000000        0.0000000000000000        1.0000000000000000     
         0.0000000000000000        1.0000000000000000        1.0000000000000000     
         0.0000000000000000       0.50000000000000000        0.0000000000000000     
         0.0000000000000000        0.0000000000000000       0.50000000000000000     
         0.0000000000000000       0.50000000000000000       0.50000000000000000     
         0.0000000000000000        1.0000000000000000       0.50000000000000000     
         0.0000000000000000       0.50000000000000000        1.0000000000000000     

 !NewElementMapDefinition
         287         573
         0.0000000000000000        0.0000000000000000        0.0000000000000000     
         0.0000000000000000        1.0000000000000000        0.0000000000000000     
         0.0000000000000000        0.0000000000000000        1.0000000000000000     
         0.0000000000000000        1.0000000000000000        1.0000000000000000     
         0.0000000000000000       0.50000000000000000        0.0000000000000000     
         0.0000000000000000        0.0000000000000000       0.50000000000000000     
         0.0000000000000000       0.50000000000000000       0.50000000000000000     
         0.0000000000000000        1.0000000000000000       0.50000000000000000     
         0.0000000000000000       0.50000000000000000        1.0000000000000000     

 !NewElementMapDefinition
         288         575
         0.0000000000000000        0.0000000000000000        0.0000000000000000     
         0.0000000000000000        1.0000000000000000        0.0000000000000000     
         0.0000000000000000        0.0000000000000000        1.0000000000000000     
         0.0000000000000000        1.0000000000000000        1.0000000000000000     
         0.0000000000000000       0.50000000000000000        0.0000000000000000     
         0.0000000000000000        0.0000000000000000       0.50000000000000000     
         0.0000000000000000       0.50000000000000000       0.50000000000000000     
         0.0000000000000000        1.0000000000000000       0.50000000000000000     
         0.0000000000000000       0.50000000000000000        1.0000000000000000     

 !NewElementMapDefinition
         289         577
         0.0000000000000000        0.0000000000000000        0.0000000000000000     
         0.0000000000000000        1.0000000000000000        0.0000000000000000     
         0.0000000000000000        0.0000000000000000        1.0000000000000000     
         0.0000000000000000        1.0000000000000000        1.0000000000000000     
         0.0000000000000000       0.50000000000000000        0.0000000000000000     
         0.0000000000000000        0.0000000000000000       0.50000000000000000     
         0.0000000000000000       0.50000000000000000       0.50000000000000000     
         0.0000000000000000        1.0000000000000000       0.50000000000000000     
         0.0000000000000000       0.50000000000000000        1.0000000000000000     

 !NewElementMapDefinition
         290         579
         0.0000000000000000        0.0000000000000000        0.0000000000000000     
         0.0000000000000000        1.0000000000000000        0.0000000000000000     
         0.0000000000000000        0.0000000000000000        1.0000000000000000     
         0.0000000000000000        1.0000000000000000        1.0000000000000000     
         0.0000000000000000       0.50000000000000000        0.0000000000000000     
         0.0000000000000000        0.0000000000000000       0.50000000000000000     
         0.0000000000000000       0.50000000000000000       0.50000000000000000     
         0.0000000000000000        1.0000000000000000       0.50000000000000000     
         0.0000000000000000       0.50000000000000000        1.0000000000000000     

 !NewElementMapDefinition
         291         581
         0.0000000000000000        0.0000000000000000        0.0000000000000000     
         0.0000000000000000        1.0000000000000000        0.0000000000000000     
         0.0000000000000000        0.0000000000000000        1.0000000000000000     
         0.0000000000000000        1.0000000000000000        1.0000000000000000     
         0.0000000000000000       0.50000000000000000        0.0000000000000000     
         0.0000000000000000        0.0000000000000000       0.50000000000000000     
         0.0000000000000000       0.50000000000000000       0.50000000000000000     
         0.0000000000000000        1.0000000000000000       0.50000000000000000     
         0.0000000000000000       0.50000000000000000        1.0000000000000000     

 !NewElementMapDefinition
         292         583
         0.0000000000000000        0.0000000000000000        0.0000000000000000     
         0.0000000000000000        1.0000000000000000        0.0000000000000000     
         0.0000000000000000        0.0000000000000000        1.0000000000000000     
         0.0000000000000000        1.0000000000000000        1.0000000000000000     
         0.0000000000000000       0.50000000000000000        0.0000000000000000     
         0.0000000000000000        0.0000000000000000       0.50000000000000000     
         0.0000000000000000       0.50000000000000000       0.50000000000000000     
         0.0000000000000000        1.0000000000000000       0.50000000000000000     
         0.0000000000000000       0.50000000000000000        1.0000000000000000     

 !NewElementMapDefinition
         293         585
         0.0000000000000000        0.0000000000000000        0.0000000000000000     
         0.0000000000000000        1.0000000000000000        0.0000000000000000     
         0.0000000000000000        0.0000000000000000        1.0000000000000000     
         0.0000000000000000        1.0000000000000000        1.0000000000000000     
         0.0000000000000000       0.50000000000000000        0.0000000000000000     
         0.0000000000000000        0.0000000000000000       0.50000000000000000     
         0.0000000000000000       0.50000000000000000       0.50000000000000000     
         0.0000000000000000        1.0000000000000000       0.50000000000000000     
         0.0000000000000000       0.50000000000000000        1.0000000000000000     

 !NewElementMapDefinition
         294         587
         0.0000000000000000        0.0000000000000000        0.0000000000000000     
         0.0000000000000000        1.0000000000000000        0.0000000000000000     
         0.0000000000000000        0.0000000000000000        1.0000000000000000     
         0.0000000000000000        1.0000000000000000        1.0000000000000000     
         0.0000000000000000       0.50000000000000000        0.0000000000000000     
         0.0000000000000000        0.0000000000000000       0.50000000000000000     
         0.0000000000000000       0.50000000000000000       0.50000000000000000     
         0.0000000000000000        1.0000000000000000       0.50000000000000000     
         0.0000000000000000       0.50000000000000000        1.0000000000000000     

 !NewElementMapDefinition
         295         589
         0.0000000000000000        0.0000000000000000        0.0000000000000000     
         0.0000000000000000        1.0000000000000000        0.0000000000000000     
         0.0000000000000000        0.0000000000000000        1.0000000000000000     
         0.0000000000000000        1.0000000000000000        1.0000000000000000     
         0.0000000000000000       0.50000000000000000        0.0000000000000000     
         0.0000000000000000        0.0000000000000000       0.50000000000000000     
         0.0000000000000000       0.50000000000000000       0.50000000000000000     
         0.0000000000000000        1.0000000000000000       0.50000000000000000     
         0.0000000000000000       0.50000000000000000        1.0000000000000000     

 !NewElementMapDefinition
         296         591
         0.0000000000000000        0.0000000000000000        0.0000000000000000     
         0.0000000000000000        1.0000000000000000        0.0000000000000000     
         0.0000000000000000        0.0000000000000000        1.0000000000000000     
         0.0000000000000000        1.0000000000000000        1.0000000000000000     
         0.0000000000000000       0.50000000000000000        0.0000000000000000     
         0.0000000000000000        0.0000000000000000       0.50000000000000000     
         0.0000000000000000       0.50000000000000000       0.50000000000000000     
         0.0000000000000000        1.0000000000000000       0.50000000000000000     
         0.0000000000000000       0.50000000000000000        1.0000000000000000     

 !NewElementMapDefinition
         297         593
         0.0000000000000000        0.0000000000000000        0.0000000000000000     
         0.0000000000000000        1.0000000000000000        0.0000000000000000     
         0.0000000000000000        0.0000000000000000        1.0000000000000000     
         0.0000000000000000        1.0000000000000000        1.0000000000000000     
         0.0000000000000000       0.50000000000000000        0.0000000000000000     
         0.0000000000000000        0.0000000000000000       0.50000000000000000     
         0.0000000000000000       0.50000000000000000       0.50000000000000000     
         0.0000000000000000        1.0000000000000000       0.50000000000000000     
         0.0000000000000000       0.50000000000000000        1.0000000000000000     

 !NewElementMapDefinition
         298         595
         0.0000000000000000        0.0000000000000000        0.0000000000000000     
         0.0000000000000000        1.0000000000000000        0.0000000000000000     
         0.0000000000000000        0.0000000000000000        1.0000000000000000     
         0.0000000000000000        1.0000000000000000        1.0000000000000000     
         0.0000000000000000       0.50000000000000000        0.0000000000000000     
         0.0000000000000000        0.0000000000000000       0.50000000000000000     
         0.0000000000000000       0.50000000000000000       0.50000000000000000     
         0.0000000000000000        1.0000000000000000       0.50000000000000000     
         0.0000000000000000       0.50000000000000000        1.0000000000000000     

 !NewElementMapDefinition
         299         597
         0.0000000000000000        0.0000000000000000        0.0000000000000000     
         0.0000000000000000        1.0000000000000000        0.0000000000000000     
         0.0000000000000000        0.0000000000000000        1.0000000000000000     
         0.0000000000000000        1.0000000000000000        1.0000000000000000     
         0.0000000000000000       0.50000000000000000        0.0000000000000000     
         0.0000000000000000        0.0000000000000000       0.50000000000000000     
         0.0000000000000000       0.50000000000000000       0.50000000000000000     
         0.0000000000000000        1.0000000000000000       0.50000000000000000     
         0.0000000000000000       0.50000000000000000        1.0000000000000000     

 !NewElementMapDefinition
         300         599
         0.0000000000000000        0.0000000000000000        0.0000000000000000     
         0.0000000000000000        1.0000000000000000        0.0000000000000000     
         0.0000000000000000        0.0000000000000000        1.0000000000000000     
         0.0000000000000000        1.0000000000000000        1.0000000000000000     
         0.0000000000000000       0.50000000000000000        0.0000000000000000     
         0.0000000000000000        0.0000000000000000       0.50000000000000000     
         0.0000000000000000       0.50000000000000000       0.50000000000000000     
         0.0000000000000000        1.0000000000000000       0.50000000000000000     
         0.0000000000000000       0.50000000000000000        1.0000000000000000     

 !NewElementMapDefinition
         301         601
         0.0000000000000000        0.0000000000000000        0.0000000000000000     
         0.0000000000000000        1.0000000000000000        0.0000000000000000     
         0.0000000000000000        0.0000000000000000        1.0000000000000000     
         0.0000000000000000        1.0000000000000000        1.0000000000000000     
         0.0000000000000000       0.50000000000000000        0.0000000000000000     
         0.0000000000000000        0.0000000000000000       0.50000000000000000     
         0.0000000000000000       0.50000000000000000       0.50000000000000000     
         0.0000000000000000        1.0000000000000000       0.50000000000000000     
         0.0000000000000000       0.50000000000000000        1.0000000000000000     

 !NewElementMapDefinition
         302         603
         0.0000000000000000        0.0000000000000000        0.0000000000000000     
         0.0000000000000000        1.0000000000000000        0.0000000000000000     
         0.0000000000000000        0.0000000000000000        1.0000000000000000     
         0.0000000000000000        1.0000000000000000        1.0000000000000000     
         0.0000000000000000       0.50000000000000000        0.0000000000000000     
         0.0000000000000000        0.0000000000000000       0.50000000000000000     
         0.0000000000000000       0.50000000000000000       0.50000000000000000     
         0.0000000000000000        1.0000000000000000       0.50000000000000000     
         0.0000000000000000       0.50000000000000000        1.0000000000000000     

 !NewElementMapDefinition
         303         605
         0.0000000000000000        0.0000000000000000        0.0000000000000000     
         0.0000000000000000        1.0000000000000000        0.0000000000000000     
         0.0000000000000000        0.0000000000000000        1.0000000000000000     
         0.0000000000000000        1.0000000000000000        1.0000000000000000     
         0.0000000000000000       0.50000000000000000        0.0000000000000000     
         0.0000000000000000        0.0000000000000000       0.50000000000000000     
         0.0000000000000000       0.50000000000000000       0.50000000000000000     
         0.0000000000000000        1.0000000000000000       0.50000000000000000     
         0.0000000000000000       0.50000000000000000        1.0000000000000000     

 !NewElementMapDefinition
         304         607
         0.0000000000000000        0.0000000000000000        0.0000000000000000     
         0.0000000000000000        1.0000000000000000        0.0000000000000000     
         0.0000000000000000        0.0000000000000000        1.0000000000000000     
         0.0000000000000000        1.0000000000000000        1.0000000000000000     
         0.0000000000000000       0.50000000000000000        0.0000000000000000     
         0.0000000000000000        0.0000000000000000       0.50000000000000000     
         0.0000000000000000       0.50000000000000000       0.50000000000000000     
         0.0000000000000000        1.0000000000000000       0.50000000000000000     
         0.0000000000000000       0.50000000000000000        1.0000000000000000     

 !NewElementMapDefinition
         305         609
         0.0000000000000000        0.0000000000000000        0.0000000000000000     
         0.0000000000000000        1.0000000000000000        0.0000000000000000     
         0.0000000000000000        0.0000000000000000        1.0000000000000000     
         0.0000000000000000        1.0000000000000000        1.0000000000000000     
         0.0000000000000000       0.50000000000000000        0.0000000000000000     
         0.0000000000000000        0.0000000000000000       0.50000000000000000     
         0.0000000000000000       0.50000000000000000       0.50000000000000000     
         0.0000000000000000        1.0000000000000000       0.50000000000000000     
         0.0000000000000000       0.50000000000000000        1.0000000000000000     

 !NewElementMapDefinition
         306         611
         0.0000000000000000        0.0000000000000000        0.0000000000000000     
         0.0000000000000000        1.0000000000000000        0.0000000000000000     
         0.0000000000000000        0.0000000000000000        1.0000000000000000     
         0.0000000000000000        1.0000000000000000        1.0000000000000000     
         0.0000000000000000       0.50000000000000000        0.0000000000000000     
         0.0000000000000000        0.0000000000000000       0.50000000000000000     
         0.0000000000000000       0.50000000000000000       0.50000000000000000     
         0.0000000000000000        1.0000000000000000       0.50000000000000000     
         0.0000000000000000       0.50000000000000000        1.0000000000000000     

 !NewElementMapDefinition
         307         613
         0.0000000000000000        0.0000000000000000        0.0000000000000000     
         0.0000000000000000        1.0000000000000000        0.0000000000000000     
         0.0000000000000000        0.0000000000000000        1.0000000000000000     
         0.0000000000000000        1.0000000000000000        1.0000000000000000     
         0.0000000000000000       0.50000000000000000        0.0000000000000000     
         0.0000000000000000        0.0000000000000000       0.50000000000000000     
         0.0000000000000000       0.50000000000000000       0.50000000000000000     
         0.0000000000000000        1.0000000000000000       0.50000000000000000     
         0.0000000000000000       0.50000000000000000        1.0000000000000000     

 !NewElementMapDefinition
         308         615
         0.0000000000000000        0.0000000000000000        0.0000000000000000     
         0.0000000000000000        1.0000000000000000        0.0000000000000000     
         0.0000000000000000        0.0000000000000000        1.0000000000000000     
         0.0000000000000000        1.0000000000000000        1.0000000000000000     
         0.0000000000000000       0.50000000000000000        0.0000000000000000     
         0.0000000000000000        0.0000000000000000       0.50000000000000000     
         0.0000000000000000       0.50000000000000000       0.50000000000000000     
         0.0000000000000000        1.0000000000000000       0.50000000000000000     
         0.0000000000000000       0.50000000000000000        1.0000000000000000     

 !NewElementMapDefinition
         309         617
         0.0000000000000000        0.0000000000000000        0.0000000000000000     
         0.0000000000000000        1.0000000000000000        0.0000000000000000     
         0.0000000000000000        0.0000000000000000        1.0000000000000000     
         0.0000000000000000        1.0000000000000000        1.0000000000000000     
         0.0000000000000000       0.50000000000000000        0.0000000000000000     
         0.0000000000000000        0.0000000000000000       0.50000000000000000     
         0.0000000000000000       0.50000000000000000       0.50000000000000000     
         0.0000000000000000        1.0000000000000000       0.50000000000000000     
         0.0000000000000000       0.50000000000000000        1.0000000000000000     

 !NewElementMapDefinition
         310         619
         0.0000000000000000        0.0000000000000000        0.0000000000000000     
         0.0000000000000000        1.0000000000000000        0.0000000000000000     
         0.0000000000000000        0.0000000000000000        1.0000000000000000     
         0.0000000000000000        1.0000000000000000        1.0000000000000000     
         0.0000000000000000       0.50000000000000000        0.0000000000000000     
         0.0000000000000000        0.0000000000000000       0.50000000000000000     
         0.0000000000000000       0.50000000000000000       0.50000000000000000     
         0.0000000000000000        1.0000000000000000       0.50000000000000000     
         0.0000000000000000       0.50000000000000000        1.0000000000000000     

 !NewElementMapDefinition
         311         621
         0.0000000000000000        0.0000000000000000        0.0000000000000000     
         0.0000000000000000        1.0000000000000000        0.0000000000000000     
         0.0000000000000000        0.0000000000000000        1.0000000000000000     
         0.0000000000000000        1.0000000000000000        1.0000000000000000     
         0.0000000000000000       0.50000000000000000        0.0000000000000000     
         0.0000000000000000        0.0000000000000000       0.50000000000000000     
         0.0000000000000000       0.50000000000000000       0.50000000000000000     
         0.0000000000000000        1.0000000000000000       0.50000000000000000     
         0.0000000000000000       0.50000000000000000        1.0000000000000000     

 !NewElementMapDefinition
         312         623
         0.0000000000000000        0.0000000000000000        0.0000000000000000     
         0.0000000000000000        1.0000000000000000        0.0000000000000000     
         0.0000000000000000        0.0000000000000000        1.0000000000000000     
         0.0000000000000000        1.0000000000000000        1.0000000000000000     
         0.0000000000000000       0.50000000000000000        0.0000000000000000     
         0.0000000000000000        0.0000000000000000       0.50000000000000000     
         0.0000000000000000       0.50000000000000000       0.50000000000000000     
         0.0000000000000000        1.0000000000000000       0.50000000000000000     
         0.0000000000000000       0.50000000000000000        1.0000000000000000     

 !NewElementMapDefinition
         313         625
         0.0000000000000000        0.0000000000000000        0.0000000000000000     
         0.0000000000000000        1.0000000000000000        0.0000000000000000     
         0.0000000000000000        0.0000000000000000        1.0000000000000000     
         0.0000000000000000        1.0000000000000000        1.0000000000000000     
         0.0000000000000000       0.50000000000000000        0.0000000000000000     
         0.0000000000000000        0.0000000000000000       0.50000000000000000     
         0.0000000000000000       0.50000000000000000       0.50000000000000000     
         0.0000000000000000        1.0000000000000000       0.50000000000000000     
         0.0000000000000000       0.50000000000000000        1.0000000000000000     

 !NewElementMapDefinition
         314         627
         0.0000000000000000        0.0000000000000000        0.0000000000000000     
         0.0000000000000000        1.0000000000000000        0.0000000000000000     
         0.0000000000000000        0.0000000000000000        1.0000000000000000     
         0.0000000000000000        1.0000000000000000        1.0000000000000000     
         0.0000000000000000       0.50000000000000000        0.0000000000000000     
         0.0000000000000000        0.0000000000000000       0.50000000000000000     
         0.0000000000000000       0.50000000000000000       0.50000000000000000     
         0.0000000000000000        1.0000000000000000       0.50000000000000000     
         0.0000000000000000       0.50000000000000000        1.0000000000000000     

 !NewElementMapDefinition
         315         629
         0.0000000000000000        0.0000000000000000        0.0000000000000000     
         0.0000000000000000        1.0000000000000000        0.0000000000000000     
         0.0000000000000000        0.0000000000000000        1.0000000000000000     
         0.0000000000000000        1.0000000000000000        1.0000000000000000     
         0.0000000000000000       0.50000000000000000        0.0000000000000000     
         0.0000000000000000        0.0000000000000000       0.50000000000000000     
         0.0000000000000000       0.50000000000000000       0.50000000000000000     
         0.0000000000000000        1.0000000000000000       0.50000000000000000     
         0.0000000000000000       0.50000000000000000        1.0000000000000000     

 !NewElementMapDefinition
         316         631
         0.0000000000000000        0.0000000000000000        0.0000000000000000     
         0.0000000000000000        1.0000000000000000        0.0000000000000000     
         0.0000000000000000        0.0000000000000000        1.0000000000000000     
         0.0000000000000000        1.0000000000000000        1.0000000000000000     
         0.0000000000000000       0.50000000000000000        0.0000000000000000     
         0.0000000000000000        0.0000000000000000       0.50000000000000000     
         0.0000000000000000       0.50000000000000000       0.50000000000000000     
         0.0000000000000000        1.0000000000000000       0.50000000000000000     
         0.0000000000000000       0.50000000000000000        1.0000000000000000     

 !NewElementMapDefinition
         317         633
         0.0000000000000000        0.0000000000000000        0.0000000000000000     
         0.0000000000000000        1.0000000000000000        0.0000000000000000     
         0.0000000000000000        0.0000000000000000        1.0000000000000000     
         0.0000000000000000        1.0000000000000000        1.0000000000000000     
         0.0000000000000000       0.50000000000000000        0.0000000000000000     
         0.0000000000000000        0.0000000000000000       0.50000000000000000     
         0.0000000000000000       0.50000000000000000       0.50000000000000000     
         0.0000000000000000        1.0000000000000000       0.50000000000000000     
         0.0000000000000000       0.50000000000000000        1.0000000000000000     

 !NewElementMapDefinition
         318         635
         0.0000000000000000        0.0000000000000000        0.0000000000000000     
         0.0000000000000000        1.0000000000000000        0.0000000000000000     
         0.0000000000000000        0.0000000000000000        1.0000000000000000     
         0.0000000000000000        1.0000000000000000        1.0000000000000000     
         0.0000000000000000       0.50000000000000000        0.0000000000000000     
         0.0000000000000000        0.0000000000000000       0.50000000000000000     
         0.0000000000000000       0.50000000000000000       0.50000000000000000     
         0.0000000000000000        1.0000000000000000       0.50000000000000000     
         0.0000000000000000       0.50000000000000000        1.0000000000000000     

 !NewElementMapDefinition
         319         637
         0.0000000000000000        0.0000000000000000        0.0000000000000000     
         0.0000000000000000        1.0000000000000000        0.0000000000000000     
         0.0000000000000000        0.0000000000000000        1.0000000000000000     
         0.0000000000000000        1.0000000000000000        1.0000000000000000     
         0.0000000000000000       0.50000000000000000        0.0000000000000000     
         0.0000000000000000        0.0000000000000000       0.50000000000000000     
         0.0000000000000000       0.50000000000000000       0.50000000000000000     
         0.0000000000000000        1.0000000000000000       0.50000000000000000     
         0.0000000000000000       0.50000000000000000        1.0000000000000000     

 !NewElementMapDefinition
         320         639
         0.0000000000000000        0.0000000000000000        0.0000000000000000     
         0.0000000000000000        1.0000000000000000        0.0000000000000000     
         0.0000000000000000        0.0000000000000000        1.0000000000000000     
         0.0000000000000000        1.0000000000000000        1.0000000000000000     
         0.0000000000000000       0.50000000000000000        0.0000000000000000     
         0.0000000000000000        0.0000000000000000       0.50000000000000000     
         0.0000000000000000       0.50000000000000000       0.50000000000000000     
         0.0000000000000000        1.0000000000000000       0.50000000000000000     
         0.0000000000000000       0.50000000000000000        1.0000000000000000     

 !NewElementMapDefinition
         321         641
         0.0000000000000000        0.0000000000000000        0.0000000000000000     
         0.0000000000000000        1.0000000000000000        0.0000000000000000     
         0.0000000000000000        0.0000000000000000        1.0000000000000000     
         0.0000000000000000        1.0000000000000000        1.0000000000000000     
         0.0000000000000000       0.50000000000000000        0.0000000000000000     
         0.0000000000000000        0.0000000000000000       0.50000000000000000     
         0.0000000000000000       0.50000000000000000       0.50000000000000000     
         0.0000000000000000        1.0000000000000000       0.50000000000000000     
         0.0000000000000000       0.50000000000000000        1.0000000000000000     

 !NewElementMapDefinition
         322         643
         0.0000000000000000        0.0000000000000000        0.0000000000000000     
         0.0000000000000000        1.0000000000000000        0.0000000000000000     
         0.0000000000000000        0.0000000000000000        1.0000000000000000     
         0.0000000000000000        1.0000000000000000        1.0000000000000000     
         0.0000000000000000       0.50000000000000000        0.0000000000000000     
         0.0000000000000000        0.0000000000000000       0.50000000000000000     
         0.0000000000000000       0.50000000000000000       0.50000000000000000     
         0.0000000000000000        1.0000000000000000       0.50000000000000000     
         0.0000000000000000       0.50000000000000000        1.0000000000000000     

 !NewElementMapDefinition
         323         645
         0.0000000000000000        0.0000000000000000        0.0000000000000000     
         0.0000000000000000        1.0000000000000000        0.0000000000000000     
         0.0000000000000000        0.0000000000000000        1.0000000000000000     
         0.0000000000000000        1.0000000000000000        1.0000000000000000     
         0.0000000000000000       0.50000000000000000        0.0000000000000000     
         0.0000000000000000        0.0000000000000000       0.50000000000000000     
         0.0000000000000000       0.50000000000000000       0.50000000000000000     
         0.0000000000000000        1.0000000000000000       0.50000000000000000     
         0.0000000000000000       0.50000000000000000        1.0000000000000000     

 !NewElementMapDefinition
         324         647
         0.0000000000000000        0.0000000000000000        0.0000000000000000     
         0.0000000000000000        1.0000000000000000        0.0000000000000000     
         0.0000000000000000        0.0000000000000000        1.0000000000000000     
         0.0000000000000000        1.0000000000000000        1.0000000000000000     
         0.0000000000000000       0.50000000000000000        0.0000000000000000     
         0.0000000000000000        0.0000000000000000       0.50000000000000000     
         0.0000000000000000       0.50000000000000000       0.50000000000000000     
         0.0000000000000000        1.0000000000000000       0.50000000000000000     
         0.0000000000000000       0.50000000000000000        1.0000000000000000     

 !NewElementMapDefinition
         325         649
         0.0000000000000000        0.0000000000000000        0.0000000000000000     
         0.0000000000000000        1.0000000000000000        0.0000000000000000     
         0.0000000000000000        0.0000000000000000        1.0000000000000000     
         0.0000000000000000        1.0000000000000000        1.0000000000000000     
         0.0000000000000000       0.50000000000000000        0.0000000000000000     
         0.0000000000000000        0.0000000000000000       0.50000000000000000     
         0.0000000000000000       0.50000000000000000       0.50000000000000000     
         0.0000000000000000        1.0000000000000000       0.50000000000000000     
         0.0000000000000000       0.50000000000000000        1.0000000000000000     

 !NewElementMapDefinition
         326         651
         0.0000000000000000        0.0000000000000000        0.0000000000000000     
         0.0000000000000000        1.0000000000000000        0.0000000000000000     
         0.0000000000000000        0.0000000000000000        1.0000000000000000     
         0.0000000000000000        1.0000000000000000        1.0000000000000000     
         0.0000000000000000       0.50000000000000000        0.0000000000000000     
         0.0000000000000000        0.0000000000000000       0.50000000000000000     
         0.0000000000000000       0.50000000000000000       0.50000000000000000     
         0.0000000000000000        1.0000000000000000       0.50000000000000000     
         0.0000000000000000       0.50000000000000000        1.0000000000000000     

 !NewElementMapDefinition
         327         653
         0.0000000000000000        0.0000000000000000        0.0000000000000000     
         0.0000000000000000        1.0000000000000000        0.0000000000000000     
         0.0000000000000000        0.0000000000000000        1.0000000000000000     
         0.0000000000000000        1.0000000000000000        1.0000000000000000     
         0.0000000000000000       0.50000000000000000        0.0000000000000000     
         0.0000000000000000        0.0000000000000000       0.50000000000000000     
         0.0000000000000000       0.50000000000000000       0.50000000000000000     
         0.0000000000000000        1.0000000000000000       0.50000000000000000     
         0.0000000000000000       0.50000000000000000        1.0000000000000000     

 !NewElementMapDefinition
         328         655
         0.0000000000000000        0.0000000000000000        0.0000000000000000     
         0.0000000000000000        1.0000000000000000        0.0000000000000000     
         0.0000000000000000        0.0000000000000000        1.0000000000000000     
         0.0000000000000000        1.0000000000000000        1.0000000000000000     
         0.0000000000000000       0.50000000000000000        0.0000000000000000     
         0.0000000000000000        0.0000000000000000       0.50000000000000000     
         0.0000000000000000       0.50000000000000000       0.50000000000000000     
         0.0000000000000000        1.0000000000000000       0.50000000000000000     
         0.0000000000000000       0.50000000000000000        1.0000000000000000     

 !NewElementMapDefinition
         329         657
         0.0000000000000000        0.0000000000000000        0.0000000000000000     
         0.0000000000000000        1.0000000000000000        0.0000000000000000     
         0.0000000000000000        0.0000000000000000        1.0000000000000000     
         0.0000000000000000        1.0000000000000000        1.0000000000000000     
         0.0000000000000000       0.50000000000000000        0.0000000000000000     
         0.0000000000000000        0.0000000000000000       0.50000000000000000     
         0.0000000000000000       0.50000000000000000       0.50000000000000000     
         0.0000000000000000        1.0000000000000000       0.50000000000000000     
         0.0000000000000000       0.50000000000000000        1.0000000000000000     

 !NewElementMapDefinition
         330         659
         0.0000000000000000        0.0000000000000000        0.0000000000000000     
         0.0000000000000000        1.0000000000000000        0.0000000000000000     
         0.0000000000000000        0.0000000000000000        1.0000000000000000     
         0.0000000000000000        1.0000000000000000        1.0000000000000000     
         0.0000000000000000       0.50000000000000000        0.0000000000000000     
         0.0000000000000000        0.0000000000000000       0.50000000000000000     
         0.0000000000000000       0.50000000000000000       0.50000000000000000     
         0.0000000000000000        1.0000000000000000       0.50000000000000000     
         0.0000000000000000       0.50000000000000000        1.0000000000000000     

 !NewElementMapDefinition
         331         661
         0.0000000000000000        0.0000000000000000        0.0000000000000000     
         0.0000000000000000        1.0000000000000000        0.0000000000000000     
         0.0000000000000000        0.0000000000000000        1.0000000000000000     
         0.0000000000000000        1.0000000000000000        1.0000000000000000     
         0.0000000000000000       0.50000000000000000        0.0000000000000000     
         0.0000000000000000        0.0000000000000000       0.50000000000000000     
         0.0000000000000000       0.50000000000000000       0.50000000000000000     
         0.0000000000000000        1.0000000000000000       0.50000000000000000     
         0.0000000000000000       0.50000000000000000        1.0000000000000000     

 !NewElementMapDefinition
         332         663
         0.0000000000000000        0.0000000000000000        0.0000000000000000     
         0.0000000000000000        1.0000000000000000        0.0000000000000000     
         0.0000000000000000        0.0000000000000000        1.0000000000000000     
         0.0000000000000000        1.0000000000000000        1.0000000000000000     
         0.0000000000000000       0.50000000000000000        0.0000000000000000     
         0.0000000000000000        0.0000000000000000       0.50000000000000000     
         0.0000000000000000       0.50000000000000000       0.50000000000000000     
         0.0000000000000000        1.0000000000000000       0.50000000000000000     
         0.0000000000000000       0.50000000000000000        1.0000000000000000     

 !NewElementMapDefinition
         333         665
         0.0000000000000000        0.0000000000000000        0.0000000000000000     
         0.0000000000000000        1.0000000000000000        0.0000000000000000     
         0.0000000000000000        0.0000000000000000        1.0000000000000000     
         0.0000000000000000        1.0000000000000000        1.0000000000000000     
         0.0000000000000000       0.50000000000000000        0.0000000000000000     
         0.0000000000000000        0.0000000000000000       0.50000000000000000     
         0.0000000000000000       0.50000000000000000       0.50000000000000000     
         0.0000000000000000        1.0000000000000000       0.50000000000000000     
         0.0000000000000000       0.50000000000000000        1.0000000000000000     

 !NewElementMapDefinition
         334         667
         0.0000000000000000        0.0000000000000000        0.0000000000000000     
         0.0000000000000000        1.0000000000000000        0.0000000000000000     
         0.0000000000000000        0.0000000000000000        1.0000000000000000     
         0.0000000000000000        1.0000000000000000        1.0000000000000000     
         0.0000000000000000       0.50000000000000000        0.0000000000000000     
         0.0000000000000000        0.0000000000000000       0.50000000000000000     
         0.0000000000000000       0.50000000000000000       0.50000000000000000     
         0.0000000000000000        1.0000000000000000       0.50000000000000000     
         0.0000000000000000       0.50000000000000000        1.0000000000000000     

 !NewElementMapDefinition
         335         669
         0.0000000000000000        0.0000000000000000        0.0000000000000000     
         0.0000000000000000        1.0000000000000000        0.0000000000000000     
         0.0000000000000000        0.0000000000000000        1.0000000000000000     
         0.0000000000000000        1.0000000000000000        1.0000000000000000     
         0.0000000000000000       0.50000000000000000        0.0000000000000000     
         0.0000000000000000        0.0000000000000000       0.50000000000000000     
         0.0000000000000000       0.50000000000000000       0.50000000000000000     
         0.0000000000000000        1.0000000000000000       0.50000000000000000     
         0.0000000000000000       0.50000000000000000        1.0000000000000000     

 !NewElementMapDefinition
         336         671
         0.0000000000000000        0.0000000000000000        0.0000000000000000     
         0.0000000000000000        1.0000000000000000        0.0000000000000000     
         0.0000000000000000        0.0000000000000000        1.0000000000000000     
         0.0000000000000000        1.0000000000000000        1.0000000000000000     
         0.0000000000000000       0.50000000000000000        0.0000000000000000     
         0.0000000000000000        0.0000000000000000       0.50000000000000000     
         0.0000000000000000       0.50000000000000000       0.50000000000000000     
         0.0000000000000000        1.0000000000000000       0.50000000000000000     
         0.0000000000000000       0.50000000000000000        1.0000000000000000     

 !NewElementMapDefinition
         337         673
         0.0000000000000000        0.0000000000000000        0.0000000000000000     
         0.0000000000000000        1.0000000000000000        0.0000000000000000     
         0.0000000000000000        0.0000000000000000        1.0000000000000000     
         0.0000000000000000        1.0000000000000000        1.0000000000000000     
         0.0000000000000000       0.50000000000000000        0.0000000000000000     
         0.0000000000000000        0.0000000000000000       0.50000000000000000     
         0.0000000000000000       0.50000000000000000       0.50000000000000000     
         0.0000000000000000        1.0000000000000000       0.50000000000000000     
         0.0000000000000000       0.50000000000000000        1.0000000000000000     

 !NewElementMapDefinition
         338         675
         0.0000000000000000        0.0000000000000000        0.0000000000000000     
         0.0000000000000000        1.0000000000000000        0.0000000000000000     
         0.0000000000000000        0.0000000000000000        1.0000000000000000     
         0.0000000000000000        1.0000000000000000        1.0000000000000000     
         0.0000000000000000       0.50000000000000000        0.0000000000000000     
         0.0000000000000000        0.0000000000000000       0.50000000000000000     
         0.0000000000000000       0.50000000000000000       0.50000000000000000     
         0.0000000000000000        1.0000000000000000       0.50000000000000000     
         0.0000000000000000       0.50000000000000000        1.0000000000000000     

 !NewElementMapDefinition
         339         677
         0.0000000000000000        0.0000000000000000        0.0000000000000000     
         0.0000000000000000        1.0000000000000000        0.0000000000000000     
         0.0000000000000000        0.0000000000000000        1.0000000000000000     
         0.0000000000000000        1.0000000000000000        1.0000000000000000     
         0.0000000000000000       0.50000000000000000        0.0000000000000000     
         0.0000000000000000        0.0000000000000000       0.50000000000000000     
         0.0000000000000000       0.50000000000000000       0.50000000000000000     
         0.0000000000000000        1.0000000000000000       0.50000000000000000     
         0.0000000000000000       0.50000000000000000        1.0000000000000000     

 !NewElementMapDefinition
         340         679
         0.0000000000000000        0.0000000000000000        0.0000000000000000     
         0.0000000000000000        1.0000000000000000        0.0000000000000000     
         0.0000000000000000        0.0000000000000000        1.0000000000000000     
         0.0000000000000000        1.0000000000000000        1.0000000000000000     
         0.0000000000000000       0.50000000000000000        0.0000000000000000     
         0.0000000000000000        0.0000000000000000       0.50000000000000000     
         0.0000000000000000       0.50000000000000000       0.50000000000000000     
         0.0000000000000000        1.0000000000000000       0.50000000000000000     
         0.0000000000000000       0.50000000000000000        1.0000000000000000     

 !NewElementMapDefinition
         341         681
         0.0000000000000000        0.0000000000000000        0.0000000000000000     
         0.0000000000000000        1.0000000000000000        0.0000000000000000     
         0.0000000000000000        0.0000000000000000        1.0000000000000000     
         0.0000000000000000        1.0000000000000000        1.0000000000000000     
         0.0000000000000000       0.50000000000000000        0.0000000000000000     
         0.0000000000000000        0.0000000000000000       0.50000000000000000     
         0.0000000000000000       0.50000000000000000       0.50000000000000000     
         0.0000000000000000        1.0000000000000000       0.50000000000000000     
         0.0000000000000000       0.50000000000000000        1.0000000000000000     

 !NewElementMapDefinition
         342         683
         0.0000000000000000        0.0000000000000000        0.0000000000000000     
         0.0000000000000000        1.0000000000000000        0.0000000000000000     
         0.0000000000000000        0.0000000000000000        1.0000000000000000     
         0.0000000000000000        1.0000000000000000        1.0000000000000000     
         0.0000000000000000       0.50000000000000000        0.0000000000000000     
         0.0000000000000000        0.0000000000000000       0.50000000000000000     
         0.0000000000000000       0.50000000000000000       0.50000000000000000     
         0.0000000000000000        1.0000000000000000       0.50000000000000000     
         0.0000000000000000       0.50000000000000000        1.0000000000000000     

 !NewElementMapDefinition
         343         685
         0.0000000000000000        0.0000000000000000        0.0000000000000000     
         0.0000000000000000        1.0000000000000000        0.0000000000000000     
         0.0000000000000000        0.0000000000000000        1.0000000000000000     
         0.0000000000000000        1.0000000000000000        1.0000000000000000     
         0.0000000000000000       0.50000000000000000        0.0000000000000000     
         0.0000000000000000        0.0000000000000000       0.50000000000000000     
         0.0000000000000000       0.50000000000000000       0.50000000000000000     
         0.0000000000000000        1.0000000000000000       0.50000000000000000     
         0.0000000000000000       0.50000000000000000        1.0000000000000000     

 !NewElementMapDefinition
         344         687
         0.0000000000000000        0.0000000000000000        0.0000000000000000     
         0.0000000000000000        1.0000000000000000        0.0000000000000000     
         0.0000000000000000        0.0000000000000000        1.0000000000000000     
         0.0000000000000000        1.0000000000000000        1.0000000000000000     
         0.0000000000000000       0.50000000000000000        0.0000000000000000     
         0.0000000000000000        0.0000000000000000       0.50000000000000000     
         0.0000000000000000       0.50000000000000000       0.50000000000000000     
         0.0000000000000000        1.0000000000000000       0.50000000000000000     
         0.0000000000000000       0.50000000000000000        1.0000000000000000     

 !NewElementMapDefinition
         345         689
         0.0000000000000000        0.0000000000000000        0.0000000000000000     
         0.0000000000000000        1.0000000000000000        0.0000000000000000     
         0.0000000000000000        0.0000000000000000        1.0000000000000000     
         0.0000000000000000        1.0000000000000000        1.0000000000000000     
         0.0000000000000000       0.50000000000000000        0.0000000000000000     
         0.0000000000000000        0.0000000000000000       0.50000000000000000     
         0.0000000000000000       0.50000000000000000       0.50000000000000000     
         0.0000000000000000        1.0000000000000000       0.50000000000000000     
         0.0000000000000000       0.50000000000000000        1.0000000000000000     

 !NewElementMapDefinition
         346         691
         0.0000000000000000        0.0000000000000000        0.0000000000000000     
         0.0000000000000000        1.0000000000000000        0.0000000000000000     
         0.0000000000000000        0.0000000000000000        1.0000000000000000     
         0.0000000000000000        1.0000000000000000        1.0000000000000000     
         0.0000000000000000       0.50000000000000000        0.0000000000000000     
         0.0000000000000000        0.0000000000000000       0.50000000000000000     
         0.0000000000000000       0.50000000000000000       0.50000000000000000     
         0.0000000000000000        1.0000000000000000       0.50000000000000000     
         0.0000000000000000       0.50000000000000000        1.0000000000000000     

 !NewElementMapDefinition
         347         693
         0.0000000000000000        0.0000000000000000        0.0000000000000000     
         0.0000000000000000        1.0000000000000000        0.0000000000000000     
         0.0000000000000000        0.0000000000000000        1.0000000000000000     
         0.0000000000000000        1.0000000000000000        1.0000000000000000     
         0.0000000000000000       0.50000000000000000        0.0000000000000000     
         0.0000000000000000        0.0000000000000000       0.50000000000000000     
         0.0000000000000000       0.50000000000000000       0.50000000000000000     
         0.0000000000000000        1.0000000000000000       0.50000000000000000     
         0.0000000000000000       0.50000000000000000        1.0000000000000000     

 !NewElementMapDefinition
         348         695
         0.0000000000000000        0.0000000000000000        0.0000000000000000     
         0.0000000000000000        1.0000000000000000        0.0000000000000000     
         0.0000000000000000        0.0000000000000000        1.0000000000000000     
         0.0000000000000000        1.0000000000000000        1.0000000000000000     
         0.0000000000000000       0.50000000000000000        0.0000000000000000     
         0.0000000000000000        0.0000000000000000       0.50000000000000000     
         0.0000000000000000       0.50000000000000000       0.50000000000000000     
         0.0000000000000000        1.0000000000000000       0.50000000000000000     
         0.0000000000000000       0.50000000000000000        1.0000000000000000     

 !NewElementMapDefinition
         349         697
         0.0000000000000000        0.0000000000000000        0.0000000000000000     
         0.0000000000000000        1.0000000000000000        0.0000000000000000     
         0.0000000000000000        0.0000000000000000        1.0000000000000000     
         0.0000000000000000        1.0000000000000000        1.0000000000000000     
         0.0000000000000000       0.50000000000000000        0.0000000000000000     
         0.0000000000000000        0.0000000000000000       0.50000000000000000     
         0.0000000000000000       0.50000000000000000       0.50000000000000000     
         0.0000000000000000        1.0000000000000000       0.50000000000000000     
         0.0000000000000000       0.50000000000000000        1.0000000000000000     

 !NewElementMapDefinition
         350         699
         0.0000000000000000        0.0000000000000000        0.0000000000000000     
         0.0000000000000000        1.0000000000000000        0.0000000000000000     
         0.0000000000000000        0.0000000000000000        1.0000000000000000     
         0.0000000000000000        1.0000000000000000        1.0000000000000000     
         0.0000000000000000       0.50000000000000000        0.0000000000000000     
         0.0000000000000000        0.0000000000000000       0.50000000000000000     
         0.0000000000000000       0.50000000000000000       0.50000000000000000     
         0.0000000000000000        1.0000000000000000       0.50000000000000000     
         0.0000000000000000       0.50000000000000000        1.0000000000000000     

 !NewElementMapDefinition
         351         701
         0.0000000000000000        0.0000000000000000        0.0000000000000000     
         0.0000000000000000        1.0000000000000000        0.0000000000000000     
         0.0000000000000000        0.0000000000000000        1.0000000000000000     
         0.0000000000000000        1.0000000000000000        1.0000000000000000     
         0.0000000000000000       0.50000000000000000        0.0000000000000000     
         0.0000000000000000        0.0000000000000000       0.50000000000000000     
         0.0000000000000000       0.50000000000000000       0.50000000000000000     
         0.0000000000000000        1.0000000000000000       0.50000000000000000     
         0.0000000000000000       0.50000000000000000        1.0000000000000000     

 !NewElementMapDefinition
         352         703
         0.0000000000000000        0.0000000000000000        0.0000000000000000     
         0.0000000000000000        1.0000000000000000        0.0000000000000000     
         0.0000000000000000        0.0000000000000000        1.0000000000000000     
         0.0000000000000000        1.0000000000000000        1.0000000000000000     
         0.0000000000000000       0.50000000000000000        0.0000000000000000     
         0.0000000000000000        0.0000000000000000       0.50000000000000000     
         0.0000000000000000       0.50000000000000000       0.50000000000000000     
         0.0000000000000000        1.0000000000000000       0.50000000000000000     
         0.0000000000000000       0.50000000000000000        1.0000000000000000     

 !NewElementMapDefinition
         353         705
         0.0000000000000000        0.0000000000000000        0.0000000000000000     
         0.0000000000000000        1.0000000000000000        0.0000000000000000     
         0.0000000000000000        0.0000000000000000        1.0000000000000000     
         0.0000000000000000        1.0000000000000000        1.0000000000000000     
         0.0000000000000000       0.50000000000000000        0.0000000000000000     
         0.0000000000000000        0.0000000000000000       0.50000000000000000     
         0.0000000000000000       0.50000000000000000       0.50000000000000000     
         0.0000000000000000        1.0000000000000000       0.50000000000000000     
         0.0000000000000000       0.50000000000000000        1.0000000000000000     

 !NewElementMapDefinition
         354         707
         0.0000000000000000        0.0000000000000000        0.0000000000000000     
         0.0000000000000000        1.0000000000000000        0.0000000000000000     
         0.0000000000000000        0.0000000000000000        1.0000000000000000     
         0.0000000000000000        1.0000000000000000        1.0000000000000000     
         0.0000000000000000       0.50000000000000000        0.0000000000000000     
         0.0000000000000000        0.0000000000000000       0.50000000000000000     
         0.0000000000000000       0.50000000000000000       0.50000000000000000     
         0.0000000000000000        1.0000000000000000       0.50000000000000000     
         0.0000000000000000       0.50000000000000000        1.0000000000000000     

 !NewElementMapDefinition
         355         709
         0.0000000000000000        0.0000000000000000        0.0000000000000000     
         0.0000000000000000        1.0000000000000000        0.0000000000000000     
         0.0000000000000000        0.0000000000000000        1.0000000000000000     
         0.0000000000000000        1.0000000000000000        1.0000000000000000     
         0.0000000000000000       0.50000000000000000        0.0000000000000000     
         0.0000000000000000        0.0000000000000000       0.50000000000000000     
         0.0000000000000000       0.50000000000000000       0.50000000000000000     
         0.0000000000000000        1.0000000000000000       0.50000000000000000     
         0.0000000000000000       0.50000000000000000        1.0000000000000000     

 !NewElementMapDefinition
         356         711
         0.0000000000000000        0.0000000000000000        0.0000000000000000     
         0.0000000000000000        1.0000000000000000        0.0000000000000000     
         0.0000000000000000        0.0000000000000000        1.0000000000000000     
         0.0000000000000000        1.0000000000000000        1.0000000000000000     
         0.0000000000000000       0.50000000000000000        0.0000000000000000     
         0.0000000000000000        0.0000000000000000       0.50000000000000000     
         0.0000000000000000       0.50000000000000000       0.50000000000000000     
         0.0000000000000000        1.0000000000000000       0.50000000000000000     
         0.0000000000000000       0.50000000000000000        1.0000000000000000     

 !NewElementMapDefinition
         357         713
         0.0000000000000000        0.0000000000000000        0.0000000000000000     
         0.0000000000000000        1.0000000000000000        0.0000000000000000     
         0.0000000000000000        0.0000000000000000        1.0000000000000000     
         0.0000000000000000        1.0000000000000000        1.0000000000000000     
         0.0000000000000000       0.50000000000000000        0.0000000000000000     
         0.0000000000000000        0.0000000000000000       0.50000000000000000     
         0.0000000000000000       0.50000000000000000       0.50000000000000000     
         0.0000000000000000        1.0000000000000000       0.50000000000000000     
         0.0000000000000000       0.50000000000000000        1.0000000000000000     

 !NewElementMapDefinition
         358         715
         0.0000000000000000        0.0000000000000000        0.0000000000000000     
         0.0000000000000000        1.0000000000000000        0.0000000000000000     
         0.0000000000000000        0.0000000000000000        1.0000000000000000     
         0.0000000000000000        1.0000000000000000        1.0000000000000000     
         0.0000000000000000       0.50000000000000000        0.0000000000000000     
         0.0000000000000000        0.0000000000000000       0.50000000000000000     
         0.0000000000000000       0.50000000000000000       0.50000000000000000     
         0.0000000000000000        1.0000000000000000       0.50000000000000000     
         0.0000000000000000       0.50000000000000000        1.0000000000000000     

 !NewElementMapDefinition
         359         717
         0.0000000000000000        0.0000000000000000        0.0000000000000000     
         0.0000000000000000        1.0000000000000000        0.0000000000000000     
         0.0000000000000000        0.0000000000000000        1.0000000000000000     
         0.0000000000000000        1.0000000000000000        1.0000000000000000     
         0.0000000000000000       0.50000000000000000        0.0000000000000000     
         0.0000000000000000        0.0000000000000000       0.50000000000000000     
         0.0000000000000000       0.50000000000000000       0.50000000000000000     
         0.0000000000000000        1.0000000000000000       0.50000000000000000     
         0.0000000000000000       0.50000000000000000        1.0000000000000000     

 !NewElementMapDefinition
         360         719
         0.0000000000000000        0.0000000000000000        0.0000000000000000     
         0.0000000000000000        1.0000000000000000        0.0000000000000000     
         0.0000000000000000        0.0000000000000000        1.0000000000000000     
         0.0000000000000000        1.0000000000000000        1.0000000000000000     
         0.0000000000000000       0.50000000000000000        0.0000000000000000     
         0.0000000000000000        0.0000000000000000       0.50000000000000000     
         0.0000000000000000       0.50000000000000000       0.50000000000000000     
         0.0000000000000000        1.0000000000000000       0.50000000000000000     
         0.0000000000000000       0.50000000000000000        1.0000000000000000     

 !NewElementMapDefinition
         361         721
         0.0000000000000000        0.0000000000000000        0.0000000000000000     
         0.0000000000000000        1.0000000000000000        0.0000000000000000     
         0.0000000000000000        0.0000000000000000        1.0000000000000000     
         0.0000000000000000        1.0000000000000000        1.0000000000000000     
         0.0000000000000000       0.50000000000000000        0.0000000000000000     
         0.0000000000000000        0.0000000000000000       0.50000000000000000     
         0.0000000000000000       0.50000000000000000       0.50000000000000000     
         0.0000000000000000        1.0000000000000000       0.50000000000000000     
         0.0000000000000000       0.50000000000000000        1.0000000000000000     

 !NewElementMapDefinition
         362         723
         0.0000000000000000        0.0000000000000000        0.0000000000000000     
         0.0000000000000000        1.0000000000000000        0.0000000000000000     
         0.0000000000000000        0.0000000000000000        1.0000000000000000     
         0.0000000000000000        1.0000000000000000        1.0000000000000000     
         0.0000000000000000       0.50000000000000000        0.0000000000000000     
         0.0000000000000000        0.0000000000000000       0.50000000000000000     
         0.0000000000000000       0.50000000000000000       0.50000000000000000     
         0.0000000000000000        1.0000000000000000       0.50000000000000000     
         0.0000000000000000       0.50000000000000000        1.0000000000000000     

 !NewElementMapDefinition
         363         725
         0.0000000000000000        0.0000000000000000        0.0000000000000000     
         0.0000000000000000        1.0000000000000000        0.0000000000000000     
         0.0000000000000000        0.0000000000000000        1.0000000000000000     
         0.0000000000000000        1.0000000000000000        1.0000000000000000     
         0.0000000000000000       0.50000000000000000        0.0000000000000000     
         0.0000000000000000        0.0000000000000000       0.50000000000000000     
         0.0000000000000000       0.50000000000000000       0.50000000000000000     
         0.0000000000000000        1.0000000000000000       0.50000000000000000     
         0.0000000000000000       0.50000000000000000        1.0000000000000000     

 !NewElementMapDefinition
         364         727
         0.0000000000000000        0.0000000000000000        0.0000000000000000     
         0.0000000000000000        1.0000000000000000        0.0000000000000000     
         0.0000000000000000        0.0000000000000000        1.0000000000000000     
         0.0000000000000000        1.0000000000000000        1.0000000000000000     
         0.0000000000000000       0.50000000000000000        0.0000000000000000     
         0.0000000000000000        0.0000000000000000       0.50000000000000000     
         0.0000000000000000       0.50000000000000000       0.50000000000000000     
         0.0000000000000000        1.0000000000000000       0.50000000000000000     
         0.0000000000000000       0.50000000000000000        1.0000000000000000     

 !NewElementMapDefinition
         365         729
         0.0000000000000000        0.0000000000000000        0.0000000000000000     
         0.0000000000000000        1.0000000000000000        0.0000000000000000     
         0.0000000000000000        0.0000000000000000        1.0000000000000000     
         0.0000000000000000        1.0000000000000000        1.0000000000000000     
         0.0000000000000000       0.50000000000000000        0.0000000000000000     
         0.0000000000000000        0.0000000000000000       0.50000000000000000     
         0.0000000000000000       0.50000000000000000       0.50000000000000000     
         0.0000000000000000        1.0000000000000000       0.50000000000000000     
         0.0000000000000000       0.50000000000000000        1.0000000000000000     

 !NewElementMapDefinition
         366         731
         0.0000000000000000        0.0000000000000000        0.0000000000000000     
         0.0000000000000000        1.0000000000000000        0.0000000000000000     
         0.0000000000000000        0.0000000000000000        1.0000000000000000     
         0.0000000000000000        1.0000000000000000        1.0000000000000000     
         0.0000000000000000       0.50000000000000000        0.0000000000000000     
         0.0000000000000000        0.0000000000000000       0.50000000000000000     
         0.0000000000000000       0.50000000000000000       0.50000000000000000     
         0.0000000000000000        1.0000000000000000       0.50000000000000000     
         0.0000000000000000       0.50000000000000000        1.0000000000000000     

 !NewElementMapDefinition
         367         733
         0.0000000000000000        0.0000000000000000        0.0000000000000000     
         0.0000000000000000        1.0000000000000000        0.0000000000000000     
         0.0000000000000000        0.0000000000000000        1.0000000000000000     
         0.0000000000000000        1.0000000000000000        1.0000000000000000     
         0.0000000000000000       0.50000000000000000        0.0000000000000000     
         0.0000000000000000        0.0000000000000000       0.50000000000000000     
         0.0000000000000000       0.50000000000000000       0.50000000000000000     
         0.0000000000000000        1.0000000000000000       0.50000000000000000     
         0.0000000000000000       0.50000000000000000        1.0000000000000000     

 !NewElementMapDefinition
         368         735
         0.0000000000000000        0.0000000000000000        0.0000000000000000     
         0.0000000000000000        1.0000000000000000        0.0000000000000000     
         0.0000000000000000        0.0000000000000000        1.0000000000000000     
         0.0000000000000000        1.0000000000000000        1.0000000000000000     
         0.0000000000000000       0.50000000000000000        0.0000000000000000     
         0.0000000000000000        0.0000000000000000       0.50000000000000000     
         0.0000000000000000       0.50000000000000000       0.50000000000000000     
         0.0000000000000000        1.0000000000000000       0.50000000000000000     
         0.0000000000000000       0.50000000000000000        1.0000000000000000     

 !NewElementMapDefinition
         369         737
         0.0000000000000000        0.0000000000000000        0.0000000000000000     
         0.0000000000000000        1.0000000000000000        0.0000000000000000     
         0.0000000000000000        0.0000000000000000        1.0000000000000000     
         0.0000000000000000        1.0000000000000000        1.0000000000000000     
         0.0000000000000000       0.50000000000000000        0.0000000000000000     
         0.0000000000000000        0.0000000000000000       0.50000000000000000     
         0.0000000000000000       0.50000000000000000       0.50000000000000000     
         0.0000000000000000        1.0000000000000000       0.50000000000000000     
         0.0000000000000000       0.50000000000000000        1.0000000000000000     

 !NewElementMapDefinition
         370         739
         0.0000000000000000        0.0000000000000000        0.0000000000000000     
         0.0000000000000000        1.0000000000000000        0.0000000000000000     
         0.0000000000000000        0.0000000000000000        1.0000000000000000     
         0.0000000000000000        1.0000000000000000        1.0000000000000000     
         0.0000000000000000       0.50000000000000000        0.0000000000000000     
         0.0000000000000000        0.0000000000000000       0.50000000000000000     
         0.0000000000000000       0.50000000000000000       0.50000000000000000     
         0.0000000000000000        1.0000000000000000       0.50000000000000000     
         0.0000000000000000       0.50000000000000000        1.0000000000000000     

 !NewElementMapDefinition
         371         741
         0.0000000000000000        0.0000000000000000        0.0000000000000000     
         0.0000000000000000        1.0000000000000000        0.0000000000000000     
         0.0000000000000000        0.0000000000000000        1.0000000000000000     
         0.0000000000000000        1.0000000000000000        1.0000000000000000     
         0.0000000000000000       0.50000000000000000        0.0000000000000000     
         0.0000000000000000        0.0000000000000000       0.50000000000000000     
         0.0000000000000000       0.50000000000000000       0.50000000000000000     
         0.0000000000000000        1.0000000000000000       0.50000000000000000     
         0.0000000000000000       0.50000000000000000        1.0000000000000000     

 !NewElementMapDefinition
         372         743
         0.0000000000000000        0.0000000000000000        0.0000000000000000     
         0.0000000000000000        1.0000000000000000        0.0000000000000000     
         0.0000000000000000        0.0000000000000000        1.0000000000000000     
         0.0000000000000000        1.0000000000000000        1.0000000000000000     
         0.0000000000000000       0.50000000000000000        0.0000000000000000     
         0.0000000000000000        0.0000000000000000       0.50000000000000000     
         0.0000000000000000       0.50000000000000000       0.50000000000000000     
         0.0000000000000000        1.0000000000000000       0.50000000000000000     
         0.0000000000000000       0.50000000000000000        1.0000000000000000     

 !NewElementMapDefinition
         373         745
         0.0000000000000000        0.0000000000000000        0.0000000000000000     
         0.0000000000000000        1.0000000000000000        0.0000000000000000     
         0.0000000000000000        0.0000000000000000        1.0000000000000000     
         0.0000000000000000        1.0000000000000000        1.0000000000000000     
         0.0000000000000000       0.50000000000000000        0.0000000000000000     
         0.0000000000000000        0.0000000000000000       0.50000000000000000     
         0.0000000000000000       0.50000000000000000       0.50000000000000000     
         0.0000000000000000        1.0000000000000000       0.50000000000000000     
         0.0000000000000000       0.50000000000000000        1.0000000000000000     

 !NewElementMapDefinition
         374         747
         0.0000000000000000        0.0000000000000000        0.0000000000000000     
         0.0000000000000000        1.0000000000000000        0.0000000000000000     
         0.0000000000000000        0.0000000000000000        1.0000000000000000     
         0.0000000000000000        1.0000000000000000        1.0000000000000000     
         0.0000000000000000       0.50000000000000000        0.0000000000000000     
         0.0000000000000000        0.0000000000000000       0.50000000000000000     
         0.0000000000000000       0.50000000000000000       0.50000000000000000     
         0.0000000000000000        1.0000000000000000       0.50000000000000000     
         0.0000000000000000       0.50000000000000000        1.0000000000000000     

 !NewElementMapDefinition
         375         749
         0.0000000000000000        0.0000000000000000        0.0000000000000000     
         0.0000000000000000        1.0000000000000000        0.0000000000000000     
         0.0000000000000000        0.0000000000000000        1.0000000000000000     
         0.0000000000000000        1.0000000000000000        1.0000000000000000     
         0.0000000000000000       0.50000000000000000        0.0000000000000000     
         0.0000000000000000        0.0000000000000000       0.50000000000000000     
         0.0000000000000000       0.50000000000000000       0.50000000000000000     
         0.0000000000000000        1.0000000000000000       0.50000000000000000     
         0.0000000000000000       0.50000000000000000        1.0000000000000000     

 !NewElementMapDefinition
         376         751
         0.0000000000000000        0.0000000000000000        0.0000000000000000     
         0.0000000000000000        1.0000000000000000        0.0000000000000000     
         0.0000000000000000        0.0000000000000000        1.0000000000000000     
         0.0000000000000000        1.0000000000000000        1.0000000000000000     
         0.0000000000000000       0.50000000000000000        0.0000000000000000     
         0.0000000000000000        0.0000000000000000       0.50000000000000000     
         0.0000000000000000       0.50000000000000000       0.50000000000000000     
         0.0000000000000000        1.0000000000000000       0.50000000000000000     
         0.0000000000000000       0.50000000000000000        1.0000000000000000     

 !NewElementMapDefinition
         377         753
         0.0000000000000000        0.0000000000000000        0.0000000000000000     
         0.0000000000000000        1.0000000000000000        0.0000000000000000     
         0.0000000000000000        0.0000000000000000        1.0000000000000000     
         0.0000000000000000        1.0000000000000000        1.0000000000000000     
         0.0000000000000000       0.50000000000000000        0.0000000000000000     
         0.0000000000000000        0.0000000000000000       0.50000000000000000     
         0.0000000000000000       0.50000000000000000       0.50000000000000000     
         0.0000000000000000        1.0000000000000000       0.50000000000000000     
         0.0000000000000000       0.50000000000000000        1.0000000000000000     

 !NewElementMapDefinition
         378         755
         0.0000000000000000        0.0000000000000000        0.0000000000000000     
         0.0000000000000000        1.0000000000000000        0.0000000000000000     
         0.0000000000000000        0.0000000000000000        1.0000000000000000     
         0.0000000000000000        1.0000000000000000        1.0000000000000000     
         0.0000000000000000       0.50000000000000000        0.0000000000000000     
         0.0000000000000000        0.0000000000000000       0.50000000000000000     
         0.0000000000000000       0.50000000000000000       0.50000000000000000     
         0.0000000000000000        1.0000000000000000       0.50000000000000000     
         0.0000000000000000       0.50000000000000000        1.0000000000000000     

 !NewElementMapDefinition
         379         757
         0.0000000000000000        0.0000000000000000        0.0000000000000000     
         0.0000000000000000        1.0000000000000000        0.0000000000000000     
         0.0000000000000000        0.0000000000000000        1.0000000000000000     
         0.0000000000000000        1.0000000000000000        1.0000000000000000     
         0.0000000000000000       0.50000000000000000        0.0000000000000000     
         0.0000000000000000        0.0000000000000000       0.50000000000000000     
         0.0000000000000000       0.50000000000000000       0.50000000000000000     
         0.0000000000000000        1.0000000000000000       0.50000000000000000     
         0.0000000000000000       0.50000000000000000        1.0000000000000000     

 !NewElementMapDefinition
         380         759
         0.0000000000000000        0.0000000000000000        0.0000000000000000     
         0.0000000000000000        1.0000000000000000        0.0000000000000000     
         0.0000000000000000        0.0000000000000000        1.0000000000000000     
         0.0000000000000000        1.0000000000000000        1.0000000000000000     
         0.0000000000000000       0.50000000000000000        0.0000000000000000     
         0.0000000000000000        0.0000000000000000       0.50000000000000000     
         0.0000000000000000       0.50000000000000000       0.50000000000000000     
         0.0000000000000000        1.0000000000000000       0.50000000000000000     
         0.0000000000000000       0.50000000000000000        1.0000000000000000     

 !NewElementMapDefinition
         381         761
         0.0000000000000000        0.0000000000000000        0.0000000000000000     
         0.0000000000000000        1.0000000000000000        0.0000000000000000     
         0.0000000000000000        0.0000000000000000        1.0000000000000000     
         0.0000000000000000        1.0000000000000000        1.0000000000000000     
         0.0000000000000000       0.50000000000000000        0.0000000000000000     
         0.0000000000000000        0.0000000000000000       0.50000000000000000     
         0.0000000000000000       0.50000000000000000       0.50000000000000000     
         0.0000000000000000        1.0000000000000000       0.50000000000000000     
         0.0000000000000000       0.50000000000000000        1.0000000000000000     

 !NewElementMapDefinition
         382         763
         0.0000000000000000        0.0000000000000000        0.0000000000000000     
         0.0000000000000000        1.0000000000000000        0.0000000000000000     
         0.0000000000000000        0.0000000000000000        1.0000000000000000     
         0.0000000000000000        1.0000000000000000        1.0000000000000000     
         0.0000000000000000       0.50000000000000000        0.0000000000000000     
         0.0000000000000000        0.0000000000000000       0.50000000000000000     
         0.0000000000000000       0.50000000000000000       0.50000000000000000     
         0.0000000000000000        1.0000000000000000       0.50000000000000000     
         0.0000000000000000       0.50000000000000000        1.0000000000000000     

 !NewElementMapDefinition
         383         765
         0.0000000000000000        0.0000000000000000        0.0000000000000000     
         0.0000000000000000        1.0000000000000000        0.0000000000000000     
         0.0000000000000000        0.0000000000000000        1.0000000000000000     
         0.0000000000000000        1.0000000000000000        1.0000000000000000     
         0.0000000000000000       0.50000000000000000        0.0000000000000000     
         0.0000000000000000        0.0000000000000000       0.50000000000000000     
         0.0000000000000000       0.50000000000000000       0.50000000000000000     
         0.0000000000000000        1.0000000000000000       0.50000000000000000     
         0.0000000000000000       0.50000000000000000        1.0000000000000000     

 !NewElementMapDefinition
         384         767
         0.0000000000000000        0.0000000000000000        0.0000000000000000     
         0.0000000000000000        1.0000000000000000        0.0000000000000000     
         0.0000000000000000        0.0000000000000000        1.0000000000000000     
         0.0000000000000000        1.0000000000000000        1.0000000000000000     
         0.0000000000000000       0.50000000000000000        0.0000000000000000     
         0.0000000000000000        0.0000000000000000       0.50000000000000000     
         0.0000000000000000       0.50000000000000000       0.50000000000000000     
         0.0000000000000000        1.0000000000000000       0.50000000000000000     
         0.0000000000000000       0.50000000000000000        1.0000000000000000     

 !NewElementMapDefinition
         385         769
         0.0000000000000000        0.0000000000000000        0.0000000000000000     
         0.0000000000000000        1.0000000000000000        0.0000000000000000     
         0.0000000000000000        0.0000000000000000        1.0000000000000000     
         0.0000000000000000        1.0000000000000000        1.0000000000000000     
         0.0000000000000000       0.50000000000000000        0.0000000000000000     
         0.0000000000000000        0.0000000000000000       0.50000000000000000     
         0.0000000000000000       0.50000000000000000       0.50000000000000000     
         0.0000000000000000        1.0000000000000000       0.50000000000000000     
         0.0000000000000000       0.50000000000000000        1.0000000000000000     

 !NewElementMapDefinition
         386         771
         0.0000000000000000        0.0000000000000000        0.0000000000000000     
         0.0000000000000000        1.0000000000000000        0.0000000000000000     
         0.0000000000000000        0.0000000000000000        1.0000000000000000     
         0.0000000000000000        1.0000000000000000        1.0000000000000000     
         0.0000000000000000       0.50000000000000000        0.0000000000000000     
         0.0000000000000000        0.0000000000000000       0.50000000000000000     
         0.0000000000000000       0.50000000000000000       0.50000000000000000     
         0.0000000000000000        1.0000000000000000       0.50000000000000000     
         0.0000000000000000       0.50000000000000000        1.0000000000000000     

 !NewElementMapDefinition
         387         773
         0.0000000000000000        0.0000000000000000        0.0000000000000000     
         0.0000000000000000        1.0000000000000000        0.0000000000000000     
         0.0000000000000000        0.0000000000000000        1.0000000000000000     
         0.0000000000000000        1.0000000000000000        1.0000000000000000     
         0.0000000000000000       0.50000000000000000        0.0000000000000000     
         0.0000000000000000        0.0000000000000000       0.50000000000000000     
         0.0000000000000000       0.50000000000000000       0.50000000000000000     
         0.0000000000000000        1.0000000000000000       0.50000000000000000     
         0.0000000000000000       0.50000000000000000        1.0000000000000000     

 !NewElementMapDefinition
         388         775
         0.0000000000000000        0.0000000000000000        0.0000000000000000     
         0.0000000000000000        1.0000000000000000        0.0000000000000000     
         0.0000000000000000        0.0000000000000000        1.0000000000000000     
         0.0000000000000000        1.0000000000000000        1.0000000000000000     
         0.0000000000000000       0.50000000000000000        0.0000000000000000     
         0.0000000000000000        0.0000000000000000       0.50000000000000000     
         0.0000000000000000       0.50000000000000000       0.50000000000000000     
         0.0000000000000000        1.0000000000000000       0.50000000000000000     
         0.0000000000000000       0.50000000000000000        1.0000000000000000     

 !NewElementMapDefinition
         389         777
         0.0000000000000000        0.0000000000000000        0.0000000000000000     
         0.0000000000000000        1.0000000000000000        0.0000000000000000     
         0.0000000000000000        0.0000000000000000        1.0000000000000000     
         0.0000000000000000        1.0000000000000000        1.0000000000000000     
         0.0000000000000000       0.50000000000000000        0.0000000000000000     
         0.0000000000000000        0.0000000000000000       0.50000000000000000     
         0.0000000000000000       0.50000000000000000       0.50000000000000000     
         0.0000000000000000        1.0000000000000000       0.50000000000000000     
         0.0000000000000000       0.50000000000000000        1.0000000000000000     

 !NewElementMapDefinition
         390         779
         0.0000000000000000        0.0000000000000000        0.0000000000000000     
         0.0000000000000000        1.0000000000000000        0.0000000000000000     
         0.0000000000000000        0.0000000000000000        1.0000000000000000     
         0.0000000000000000        1.0000000000000000        1.0000000000000000     
         0.0000000000000000       0.50000000000000000        0.0000000000000000     
         0.0000000000000000        0.0000000000000000       0.50000000000000000     
         0.0000000000000000       0.50000000000000000       0.50000000000000000     
         0.0000000000000000        1.0000000000000000       0.50000000000000000     
         0.0000000000000000       0.50000000000000000        1.0000000000000000     

 !NewElementMapDefinition
         391         781
         0.0000000000000000        0.0000000000000000        0.0000000000000000     
         0.0000000000000000        1.0000000000000000        0.0000000000000000     
         0.0000000000000000        0.0000000000000000        1.0000000000000000     
         0.0000000000000000        1.0000000000000000        1.0000000000000000     
         0.0000000000000000       0.50000000000000000        0.0000000000000000     
         0.0000000000000000        0.0000000000000000       0.50000000000000000     
         0.0000000000000000       0.50000000000000000       0.50000000000000000     
         0.0000000000000000        1.0000000000000000       0.50000000000000000     
         0.0000000000000000       0.50000000000000000        1.0000000000000000     

 !NewElementMapDefinition
         392         783
         0.0000000000000000        0.0000000000000000        0.0000000000000000     
         0.0000000000000000        1.0000000000000000        0.0000000000000000     
         0.0000000000000000        0.0000000000000000        1.0000000000000000     
         0.0000000000000000        1.0000000000000000        1.0000000000000000     
         0.0000000000000000       0.50000000000000000        0.0000000000000000     
         0.0000000000000000        0.0000000000000000       0.50000000000000000     
         0.0000000000000000       0.50000000000000000       0.50000000000000000     
         0.0000000000000000        1.0000000000000000       0.50000000000000000     
         0.0000000000000000       0.50000000000000000        1.0000000000000000     

 !NewElementMapDefinition
         393         785
         0.0000000000000000        0.0000000000000000        0.0000000000000000     
         0.0000000000000000        1.0000000000000000        0.0000000000000000     
         0.0000000000000000        0.0000000000000000        1.0000000000000000     
         0.0000000000000000        1.0000000000000000        1.0000000000000000     
         0.0000000000000000       0.50000000000000000        0.0000000000000000     
         0.0000000000000000        0.0000000000000000       0.50000000000000000     
         0.0000000000000000       0.50000000000000000       0.50000000000000000     
         0.0000000000000000        1.0000000000000000       0.50000000000000000     
         0.0000000000000000       0.50000000000000000        1.0000000000000000     

 !NewElementMapDefinition
         394         787
         0.0000000000000000        0.0000000000000000        0.0000000000000000     
         0.0000000000000000        1.0000000000000000        0.0000000000000000     
         0.0000000000000000        0.0000000000000000        1.0000000000000000     
         0.0000000000000000        1.0000000000000000        1.0000000000000000     
         0.0000000000000000       0.50000000000000000        0.0000000000000000     
         0.0000000000000000        0.0000000000000000       0.50000000000000000     
         0.0000000000000000       0.50000000000000000       0.50000000000000000     
         0.0000000000000000        1.0000000000000000       0.50000000000000000     
         0.0000000000000000       0.50000000000000000        1.0000000000000000     

 !NewElementMapDefinition
         395         789
         0.0000000000000000        0.0000000000000000        0.0000000000000000     
         0.0000000000000000        1.0000000000000000        0.0000000000000000     
         0.0000000000000000        0.0000000000000000        1.0000000000000000     
         0.0000000000000000        1.0000000000000000        1.0000000000000000     
         0.0000000000000000       0.50000000000000000        0.0000000000000000     
         0.0000000000000000        0.0000000000000000       0.50000000000000000     
         0.0000000000000000       0.50000000000000000       0.50000000000000000     
         0.0000000000000000        1.0000000000000000       0.50000000000000000     
         0.0000000000000000       0.50000000000000000        1.0000000000000000     

 !NewElementMapDefinition
         396         791
         0.0000000000000000        0.0000000000000000        0.0000000000000000     
         0.0000000000000000        1.0000000000000000        0.0000000000000000     
         0.0000000000000000        0.0000000000000000        1.0000000000000000     
         0.0000000000000000        1.0000000000000000        1.0000000000000000     
         0.0000000000000000       0.50000000000000000        0.0000000000000000     
         0.0000000000000000        0.0000000000000000       0.50000000000000000     
         0.0000000000000000       0.50000000000000000       0.50000000000000000     
         0.0000000000000000        1.0000000000000000       0.50000000000000000     
         0.0000000000000000       0.50000000000000000        1.0000000000000000     

 !NewElementMapDefinition
         397         793
         0.0000000000000000        0.0000000000000000        0.0000000000000000     
         0.0000000000000000        1.0000000000000000        0.0000000000000000     
         0.0000000000000000        0.0000000000000000        1.0000000000000000     
         0.0000000000000000        1.0000000000000000        1.0000000000000000     
         0.0000000000000000       0.50000000000000000        0.0000000000000000     
         0.0000000000000000        0.0000000000000000       0.50000000000000000     
         0.0000000000000000       0.50000000000000000       0.50000000000000000     
         0.0000000000000000        1.0000000000000000       0.50000000000000000     
         0.0000000000000000       0.50000000000000000        1.0000000000000000     

 !NewElementMapDefinition
         398         795
         0.0000000000000000        0.0000000000000000        0.0000000000000000     
         0.0000000000000000        1.0000000000000000        0.0000000000000000     
         0.0000000000000000        0.0000000000000000        1.0000000000000000     
         0.0000000000000000        1.0000000000000000        1.0000000000000000     
         0.0000000000000000       0.50000000000000000        0.0000000000000000     
         0.0000000000000000        0.0000000000000000       0.50000000000000000     
         0.0000000000000000       0.50000000000000000       0.50000000000000000     
         0.0000000000000000        1.0000000000000000       0.50000000000000000     
         0.0000000000000000       0.50000000000000000        1.0000000000000000     

 !NewElementMapDefinition
         399         797
         0.0000000000000000        0.0000000000000000        0.0000000000000000     
         0.0000000000000000        1.0000000000000000        0.0000000000000000     
         0.0000000000000000        0.0000000000000000        1.0000000000000000     
         0.0000000000000000        1.0000000000000000        1.0000000000000000     
         0.0000000000000000       0.50000000000000000        0.0000000000000000     
         0.0000000000000000        0.0000000000000000       0.50000000000000000     
         0.0000000000000000       0.50000000000000000       0.50000000000000000     
         0.0000000000000000        1.0000000000000000       0.50000000000000000     
         0.0000000000000000       0.50000000000000000        1.0000000000000000     

 !NewElementMapDefinition
         400         799
         0.0000000000000000        0.0000000000000000        0.0000000000000000     
         0.0000000000000000        1.0000000000000000        0.0000000000000000     
         0.0000000000000000        0.0000000000000000        1.0000000000000000     
         0.0000000000000000        1.0000000000000000        1.0000000000000000     
         0.0000000000000000       0.50000000000000000        0.0000000000000000     
         0.0000000000000000        0.0000000000000000       0.50000000000000000     
         0.0000000000000000       0.50000000000000000       0.50000000000000000     
         0.0000000000000000        1.0000000000000000       0.50000000000000000     
         0.0000000000000000       0.50000000000000000        1.0000000000000000     

 !NewElementMapDefinition
         401         801
         0.0000000000000000        0.0000000000000000        0.0000000000000000     
         0.0000000000000000        1.0000000000000000        0.0000000000000000     
         0.0000000000000000        0.0000000000000000        1.0000000000000000     
         0.0000000000000000        1.0000000000000000        1.0000000000000000     
         0.0000000000000000       0.50000000000000000        0.0000000000000000     
         0.0000000000000000        0.0000000000000000       0.50000000000000000     
         0.0000000000000000       0.50000000000000000       0.50000000000000000     
         0.0000000000000000        1.0000000000000000       0.50000000000000000     
         0.0000000000000000       0.50000000000000000        1.0000000000000000     

 !NewElementMapDefinition
         402         803
         0.0000000000000000        0.0000000000000000        0.0000000000000000     
         0.0000000000000000        1.0000000000000000        0.0000000000000000     
         0.0000000000000000        0.0000000000000000        1.0000000000000000     
         0.0000000000000000        1.0000000000000000        1.0000000000000000     
         0.0000000000000000       0.50000000000000000        0.0000000000000000     
         0.0000000000000000        0.0000000000000000       0.50000000000000000     
         0.0000000000000000       0.50000000000000000       0.50000000000000000     
         0.0000000000000000        1.0000000000000000       0.50000000000000000     
         0.0000000000000000       0.50000000000000000        1.0000000000000000     

 !NewElementMapDefinition
         403         805
         0.0000000000000000        0.0000000000000000        0.0000000000000000     
         0.0000000000000000        1.0000000000000000        0.0000000000000000     
         0.0000000000000000        0.0000000000000000        1.0000000000000000     
         0.0000000000000000        1.0000000000000000        1.0000000000000000     
         0.0000000000000000       0.50000000000000000        0.0000000000000000     
         0.0000000000000000        0.0000000000000000       0.50000000000000000     
         0.0000000000000000       0.50000000000000000       0.50000000000000000     
         0.0000000000000000        1.0000000000000000       0.50000000000000000     
         0.0000000000000000       0.50000000000000000        1.0000000000000000     

 !NewElementMapDefinition
         404         807
         0.0000000000000000        0.0000000000000000        0.0000000000000000     
         0.0000000000000000        1.0000000000000000        0.0000000000000000     
         0.0000000000000000        0.0000000000000000        1.0000000000000000     
         0.0000000000000000        1.0000000000000000        1.0000000000000000     
         0.0000000000000000       0.50000000000000000        0.0000000000000000     
         0.0000000000000000        0.0000000000000000       0.50000000000000000     
         0.0000000000000000       0.50000000000000000       0.50000000000000000     
         0.0000000000000000        1.0000000000000000       0.50000000000000000     
         0.0000000000000000       0.50000000000000000        1.0000000000000000     

 !NewElementMapDefinition
         405         809
         0.0000000000000000        0.0000000000000000        0.0000000000000000     
         0.0000000000000000        1.0000000000000000        0.0000000000000000     
         0.0000000000000000        0.0000000000000000        1.0000000000000000     
         0.0000000000000000        1.0000000000000000        1.0000000000000000     
         0.0000000000000000       0.50000000000000000        0.0000000000000000     
         0.0000000000000000        0.0000000000000000       0.50000000000000000     
         0.0000000000000000       0.50000000000000000       0.50000000000000000     
         0.0000000000000000        1.0000000000000000       0.50000000000000000     
         0.0000000000000000       0.50000000000000000        1.0000000000000000     

 !NewElementMapDefinition
         406         811
         0.0000000000000000        0.0000000000000000        0.0000000000000000     
         0.0000000000000000        1.0000000000000000        0.0000000000000000     
         0.0000000000000000        0.0000000000000000        1.0000000000000000     
         0.0000000000000000        1.0000000000000000        1.0000000000000000     
         0.0000000000000000       0.50000000000000000        0.0000000000000000     
         0.0000000000000000        0.0000000000000000       0.50000000000000000     
         0.0000000000000000       0.50000000000000000       0.50000000000000000     
         0.0000000000000000        1.0000000000000000       0.50000000000000000     
         0.0000000000000000       0.50000000000000000        1.0000000000000000     

 !NewElementMapDefinition
         407         813
         0.0000000000000000        0.0000000000000000        0.0000000000000000     
         0.0000000000000000        1.0000000000000000        0.0000000000000000     
         0.0000000000000000        0.0000000000000000        1.0000000000000000     
         0.0000000000000000        1.0000000000000000        1.0000000000000000     
         0.0000000000000000       0.50000000000000000        0.0000000000000000     
         0.0000000000000000        0.0000000000000000       0.50000000000000000     
         0.0000000000000000       0.50000000000000000       0.50000000000000000     
         0.0000000000000000        1.0000000000000000       0.50000000000000000     
         0.0000000000000000       0.50000000000000000        1.0000000000000000     

 !NewElementMapDefinition
         408         815
         0.0000000000000000        0.0000000000000000        0.0000000000000000     
         0.0000000000000000        1.0000000000000000        0.0000000000000000     
         0.0000000000000000        0.0000000000000000        1.0000000000000000     
         0.0000000000000000        1.0000000000000000        1.0000000000000000     
         0.0000000000000000       0.50000000000000000        0.0000000000000000     
         0.0000000000000000        0.0000000000000000       0.50000000000000000     
         0.0000000000000000       0.50000000000000000       0.50000000000000000     
         0.0000000000000000        1.0000000000000000       0.50000000000000000     
         0.0000000000000000       0.50000000000000000        1.0000000000000000     

 !NewElementMapDefinition
         409         817
         0.0000000000000000        0.0000000000000000        0.0000000000000000     
         0.0000000000000000        1.0000000000000000        0.0000000000000000     
         0.0000000000000000        0.0000000000000000        1.0000000000000000     
         0.0000000000000000        1.0000000000000000        1.0000000000000000     
         0.0000000000000000       0.50000000000000000        0.0000000000000000     
         0.0000000000000000        0.0000000000000000       0.50000000000000000     
         0.0000000000000000       0.50000000000000000       0.50000000000000000     
         0.0000000000000000        1.0000000000000000       0.50000000000000000     
         0.0000000000000000       0.50000000000000000        1.0000000000000000     

 !NewElementMapDefinition
         410         819
         0.0000000000000000        0.0000000000000000        0.0000000000000000     
         0.0000000000000000        1.0000000000000000        0.0000000000000000     
         0.0000000000000000        0.0000000000000000        1.0000000000000000     
         0.0000000000000000        1.0000000000000000        1.0000000000000000     
         0.0000000000000000       0.50000000000000000        0.0000000000000000     
         0.0000000000000000        0.0000000000000000       0.50000000000000000     
         0.0000000000000000       0.50000000000000000       0.50000000000000000     
         0.0000000000000000        1.0000000000000000       0.50000000000000000     
         0.0000000000000000       0.50000000000000000        1.0000000000000000     

 !NewElementMapDefinition
         411         821
         0.0000000000000000        0.0000000000000000        0.0000000000000000     
         0.0000000000000000        1.0000000000000000        0.0000000000000000     
         0.0000000000000000        0.0000000000000000        1.0000000000000000     
         0.0000000000000000        1.0000000000000000        1.0000000000000000     
         0.0000000000000000       0.50000000000000000        0.0000000000000000     
         0.0000000000000000        0.0000000000000000       0.50000000000000000     
         0.0000000000000000       0.50000000000000000       0.50000000000000000     
         0.0000000000000000        1.0000000000000000       0.50000000000000000     
         0.0000000000000000       0.50000000000000000        1.0000000000000000     

 !NewElementMapDefinition
         412         823
         0.0000000000000000        0.0000000000000000        0.0000000000000000     
         0.0000000000000000        1.0000000000000000        0.0000000000000000     
         0.0000000000000000        0.0000000000000000        1.0000000000000000     
         0.0000000000000000        1.0000000000000000        1.0000000000000000     
         0.0000000000000000       0.50000000000000000        0.0000000000000000     
         0.0000000000000000        0.0000000000000000       0.50000000000000000     
         0.0000000000000000       0.50000000000000000       0.50000000000000000     
         0.0000000000000000        1.0000000000000000       0.50000000000000000     
         0.0000000000000000       0.50000000000000000        1.0000000000000000     

 !NewElementMapDefinition
         413         825
         0.0000000000000000        0.0000000000000000        0.0000000000000000     
         0.0000000000000000        1.0000000000000000        0.0000000000000000     
         0.0000000000000000        0.0000000000000000        1.0000000000000000     
         0.0000000000000000        1.0000000000000000        1.0000000000000000     
         0.0000000000000000       0.50000000000000000        0.0000000000000000     
         0.0000000000000000        0.0000000000000000       0.50000000000000000     
         0.0000000000000000       0.50000000000000000       0.50000000000000000     
         0.0000000000000000        1.0000000000000000       0.50000000000000000     
         0.0000000000000000       0.50000000000000000        1.0000000000000000     

 !NewElementMapDefinition
         414         827
         0.0000000000000000        0.0000000000000000        0.0000000000000000     
         0.0000000000000000        1.0000000000000000        0.0000000000000000     
         0.0000000000000000        0.0000000000000000        1.0000000000000000     
         0.0000000000000000        1.0000000000000000        1.0000000000000000     
         0.0000000000000000       0.50000000000000000        0.0000000000000000     
         0.0000000000000000        0.0000000000000000       0.50000000000000000     
         0.0000000000000000       0.50000000000000000       0.50000000000000000     
         0.0000000000000000        1.0000000000000000       0.50000000000000000     
         0.0000000000000000       0.50000000000000000        1.0000000000000000     

 !NewElementMapDefinition
         415         829
         0.0000000000000000        0.0000000000000000        0.0000000000000000     
         0.0000000000000000        1.0000000000000000        0.0000000000000000     
         0.0000000000000000        0.0000000000000000        1.0000000000000000     
         0.0000000000000000        1.0000000000000000        1.0000000000000000     
         0.0000000000000000       0.50000000000000000        0.0000000000000000     
         0.0000000000000000        0.0000000000000000       0.50000000000000000     
         0.0000000000000000       0.50000000000000000       0.50000000000000000     
         0.0000000000000000        1.0000000000000000       0.50000000000000000     
         0.0000000000000000       0.50000000000000000        1.0000000000000000     

 !NewElementMapDefinition
         416         831
         0.0000000000000000        0.0000000000000000        0.0000000000000000     
         0.0000000000000000        1.0000000000000000        0.0000000000000000     
         0.0000000000000000        0.0000000000000000        1.0000000000000000     
         0.0000000000000000        1.0000000000000000        1.0000000000000000     
         0.0000000000000000       0.50000000000000000        0.0000000000000000     
         0.0000000000000000        0.0000000000000000       0.50000000000000000     
         0.0000000000000000       0.50000000000000000       0.50000000000000000     
         0.0000000000000000        1.0000000000000000       0.50000000000000000     
         0.0000000000000000       0.50000000000000000        1.0000000000000000     

 !NewElementMapDefinition
         417         833
         0.0000000000000000        0.0000000000000000        0.0000000000000000     
         0.0000000000000000        1.0000000000000000        0.0000000000000000     
         0.0000000000000000        0.0000000000000000        1.0000000000000000     
         0.0000000000000000        1.0000000000000000        1.0000000000000000     
         0.0000000000000000       0.50000000000000000        0.0000000000000000     
         0.0000000000000000        0.0000000000000000       0.50000000000000000     
         0.0000000000000000       0.50000000000000000       0.50000000000000000     
         0.0000000000000000        1.0000000000000000       0.50000000000000000     
         0.0000000000000000       0.50000000000000000        1.0000000000000000     

 !NewElementMapDefinition
         418         835
         0.0000000000000000        0.0000000000000000        0.0000000000000000     
         0.0000000000000000        1.0000000000000000        0.0000000000000000     
         0.0000000000000000        0.0000000000000000        1.0000000000000000     
         0.0000000000000000        1.0000000000000000        1.0000000000000000     
         0.0000000000000000       0.50000000000000000        0.0000000000000000     
         0.0000000000000000        0.0000000000000000       0.50000000000000000     
         0.0000000000000000       0.50000000000000000       0.50000000000000000     
         0.0000000000000000        1.0000000000000000       0.50000000000000000     
         0.0000000000000000       0.50000000000000000        1.0000000000000000     

 !NewElementMapDefinition
         419         837
         0.0000000000000000        0.0000000000000000        0.0000000000000000     
         0.0000000000000000        1.0000000000000000        0.0000000000000000     
         0.0000000000000000        0.0000000000000000        1.0000000000000000     
         0.0000000000000000        1.0000000000000000        1.0000000000000000     
         0.0000000000000000       0.50000000000000000        0.0000000000000000     
         0.0000000000000000        0.0000000000000000       0.50000000000000000     
         0.0000000000000000       0.50000000000000000       0.50000000000000000     
         0.0000000000000000        1.0000000000000000       0.50000000000000000     
         0.0000000000000000       0.50000000000000000        1.0000000000000000     

 !NewElementMapDefinition
         420         839
         0.0000000000000000        0.0000000000000000        0.0000000000000000     
         0.0000000000000000        1.0000000000000000        0.0000000000000000     
         0.0000000000000000        0.0000000000000000        1.0000000000000000     
         0.0000000000000000        1.0000000000000000        1.0000000000000000     
         0.0000000000000000       0.50000000000000000        0.0000000000000000     
         0.0000000000000000        0.0000000000000000       0.50000000000000000     
         0.0000000000000000       0.50000000000000000       0.50000000000000000     
         0.0000000000000000        1.0000000000000000       0.50000000000000000     
         0.0000000000000000       0.50000000000000000        1.0000000000000000     

 !NewElementMapDefinition
         421         841
         0.0000000000000000        0.0000000000000000        0.0000000000000000     
         0.0000000000000000        1.0000000000000000        0.0000000000000000     
         0.0000000000000000        0.0000000000000000        1.0000000000000000     
         0.0000000000000000        1.0000000000000000        1.0000000000000000     
         0.0000000000000000       0.50000000000000000        0.0000000000000000     
         0.0000000000000000        0.0000000000000000       0.50000000000000000     
         0.0000000000000000       0.50000000000000000       0.50000000000000000     
         0.0000000000000000        1.0000000000000000       0.50000000000000000     
         0.0000000000000000       0.50000000000000000        1.0000000000000000     

 !NewElementMapDefinition
         422         843
         0.0000000000000000        0.0000000000000000        0.0000000000000000     
         0.0000000000000000        1.0000000000000000        0.0000000000000000     
         0.0000000000000000        0.0000000000000000        1.0000000000000000     
         0.0000000000000000        1.0000000000000000        1.0000000000000000     
         0.0000000000000000       0.50000000000000000        0.0000000000000000     
         0.0000000000000000        0.0000000000000000       0.50000000000000000     
         0.0000000000000000       0.50000000000000000       0.50000000000000000     
         0.0000000000000000        1.0000000000000000       0.50000000000000000     
         0.0000000000000000       0.50000000000000000        1.0000000000000000     

 !NewElementMapDefinition
         423         845
         0.0000000000000000        0.0000000000000000        0.0000000000000000     
         0.0000000000000000        1.0000000000000000        0.0000000000000000     
         0.0000000000000000        0.0000000000000000        1.0000000000000000     
         0.0000000000000000        1.0000000000000000        1.0000000000000000     
         0.0000000000000000       0.50000000000000000        0.0000000000000000     
         0.0000000000000000        0.0000000000000000       0.50000000000000000     
         0.0000000000000000       0.50000000000000000       0.50000000000000000     
         0.0000000000000000        1.0000000000000000       0.50000000000000000     
         0.0000000000000000       0.50000000000000000        1.0000000000000000     

 !NewElementMapDefinition
         424         847
         0.0000000000000000        0.0000000000000000        0.0000000000000000     
         0.0000000000000000        1.0000000000000000        0.0000000000000000     
         0.0000000000000000        0.0000000000000000        1.0000000000000000     
         0.0000000000000000        1.0000000000000000        1.0000000000000000     
         0.0000000000000000       0.50000000000000000        0.0000000000000000     
         0.0000000000000000        0.0000000000000000       0.50000000000000000     
         0.0000000000000000       0.50000000000000000       0.50000000000000000     
         0.0000000000000000        1.0000000000000000       0.50000000000000000     
         0.0000000000000000       0.50000000000000000        1.0000000000000000     

 !NewElementMapDefinition
         425         849
         0.0000000000000000        0.0000000000000000        0.0000000000000000     
         0.0000000000000000        1.0000000000000000        0.0000000000000000     
         0.0000000000000000        0.0000000000000000        1.0000000000000000     
         0.0000000000000000        1.0000000000000000        1.0000000000000000     
         0.0000000000000000       0.50000000000000000        0.0000000000000000     
         0.0000000000000000        0.0000000000000000       0.50000000000000000     
         0.0000000000000000       0.50000000000000000       0.50000000000000000     
         0.0000000000000000        1.0000000000000000       0.50000000000000000     
         0.0000000000000000       0.50000000000000000        1.0000000000000000     

 !NewElementMapDefinition
         426         851
         0.0000000000000000        0.0000000000000000        0.0000000000000000     
         0.0000000000000000        1.0000000000000000        0.0000000000000000     
         0.0000000000000000        0.0000000000000000        1.0000000000000000     
         0.0000000000000000        1.0000000000000000        1.0000000000000000     
         0.0000000000000000       0.50000000000000000        0.0000000000000000     
         0.0000000000000000        0.0000000000000000       0.50000000000000000     
         0.0000000000000000       0.50000000000000000       0.50000000000000000     
         0.0000000000000000        1.0000000000000000       0.50000000000000000     
         0.0000000000000000       0.50000000000000000        1.0000000000000000     

 !NewElementMapDefinition
         427         853
         0.0000000000000000        0.0000000000000000        0.0000000000000000     
         0.0000000000000000        1.0000000000000000        0.0000000000000000     
         0.0000000000000000        0.0000000000000000        1.0000000000000000     
         0.0000000000000000        1.0000000000000000        1.0000000000000000     
         0.0000000000000000       0.50000000000000000        0.0000000000000000     
         0.0000000000000000        0.0000000000000000       0.50000000000000000     
         0.0000000000000000       0.50000000000000000       0.50000000000000000     
         0.0000000000000000        1.0000000000000000       0.50000000000000000     
         0.0000000000000000       0.50000000000000000        1.0000000000000000     

 !NewElementMapDefinition
         428         855
         0.0000000000000000        0.0000000000000000        0.0000000000000000     
         0.0000000000000000        1.0000000000000000        0.0000000000000000     
         0.0000000000000000        0.0000000000000000        1.0000000000000000     
         0.0000000000000000        1.0000000000000000        1.0000000000000000     
         0.0000000000000000       0.50000000000000000        0.0000000000000000     
         0.0000000000000000        0.0000000000000000       0.50000000000000000     
         0.0000000000000000       0.50000000000000000       0.50000000000000000     
         0.0000000000000000        1.0000000000000000       0.50000000000000000     
         0.0000000000000000       0.50000000000000000        1.0000000000000000     

 !NewElementMapDefinition
         429         857
         0.0000000000000000        0.0000000000000000        0.0000000000000000     
         0.0000000000000000        1.0000000000000000        0.0000000000000000     
         0.0000000000000000        0.0000000000000000        1.0000000000000000     
         0.0000000000000000        1.0000000000000000        1.0000000000000000     
         0.0000000000000000       0.50000000000000000        0.0000000000000000     
         0.0000000000000000        0.0000000000000000       0.50000000000000000     
         0.0000000000000000       0.50000000000000000       0.50000000000000000     
         0.0000000000000000        1.0000000000000000       0.50000000000000000     
         0.0000000000000000       0.50000000000000000        1.0000000000000000     

 !NewElementMapDefinition
         430         859
         0.0000000000000000        0.0000000000000000        0.0000000000000000     
         0.0000000000000000        1.0000000000000000        0.0000000000000000     
         0.0000000000000000        0.0000000000000000        1.0000000000000000     
         0.0000000000000000        1.0000000000000000        1.0000000000000000     
         0.0000000000000000       0.50000000000000000        0.0000000000000000     
         0.0000000000000000        0.0000000000000000       0.50000000000000000     
         0.0000000000000000       0.50000000000000000       0.50000000000000000     
         0.0000000000000000        1.0000000000000000       0.50000000000000000     
         0.0000000000000000       0.50000000000000000        1.0000000000000000     

 !NewElementMapDefinition
         431         861
         0.0000000000000000        0.0000000000000000        0.0000000000000000     
         0.0000000000000000        1.0000000000000000        0.0000000000000000     
         0.0000000000000000        0.0000000000000000        1.0000000000000000     
         0.0000000000000000        1.0000000000000000        1.0000000000000000     
         0.0000000000000000       0.50000000000000000        0.0000000000000000     
         0.0000000000000000        0.0000000000000000       0.50000000000000000     
         0.0000000000000000       0.50000000000000000       0.50000000000000000     
         0.0000000000000000        1.0000000000000000       0.50000000000000000     
         0.0000000000000000       0.50000000000000000        1.0000000000000000     

 !NewElementMapDefinition
         432         863
         0.0000000000000000        0.0000000000000000        0.0000000000000000     
         0.0000000000000000        1.0000000000000000        0.0000000000000000     
         0.0000000000000000        0.0000000000000000        1.0000000000000000     
         0.0000000000000000        1.0000000000000000        1.0000000000000000     
         0.0000000000000000       0.50000000000000000        0.0000000000000000     
         0.0000000000000000        0.0000000000000000       0.50000000000000000     
         0.0000000000000000       0.50000000000000000       0.50000000000000000     
         0.0000000000000000        1.0000000000000000       0.50000000000000000     
         0.0000000000000000       0.50000000000000000        1.0000000000000000     

 !NewElementMapDefinition
         433         865
         0.0000000000000000        0.0000000000000000        0.0000000000000000     
         0.0000000000000000        1.0000000000000000        0.0000000000000000     
         0.0000000000000000        0.0000000000000000        1.0000000000000000     
         0.0000000000000000        1.0000000000000000        1.0000000000000000     
         0.0000000000000000       0.50000000000000000        0.0000000000000000     
         0.0000000000000000        0.0000000000000000       0.50000000000000000     
         0.0000000000000000       0.50000000000000000       0.50000000000000000     
         0.0000000000000000        1.0000000000000000       0.50000000000000000     
         0.0000000000000000       0.50000000000000000        1.0000000000000000     

 !NewElementMapDefinition
         434         867
         0.0000000000000000        0.0000000000000000        0.0000000000000000     
         0.0000000000000000        1.0000000000000000        0.0000000000000000     
         0.0000000000000000        0.0000000000000000        1.0000000000000000     
         0.0000000000000000        1.0000000000000000        1.0000000000000000     
         0.0000000000000000       0.50000000000000000        0.0000000000000000     
         0.0000000000000000        0.0000000000000000       0.50000000000000000     
         0.0000000000000000       0.50000000000000000       0.50000000000000000     
         0.0000000000000000        1.0000000000000000       0.50000000000000000     
         0.0000000000000000       0.50000000000000000        1.0000000000000000     

 !NewElementMapDefinition
         435         869
         0.0000000000000000        0.0000000000000000        0.0000000000000000     
         0.0000000000000000        1.0000000000000000        0.0000000000000000     
         0.0000000000000000        0.0000000000000000        1.0000000000000000     
         0.0000000000000000        1.0000000000000000        1.0000000000000000     
         0.0000000000000000       0.50000000000000000        0.0000000000000000     
         0.0000000000000000        0.0000000000000000       0.50000000000000000     
         0.0000000000000000       0.50000000000000000       0.50000000000000000     
         0.0000000000000000        1.0000000000000000       0.50000000000000000     
         0.0000000000000000       0.50000000000000000        1.0000000000000000     

 !NewElementMapDefinition
         436         871
         0.0000000000000000        0.0000000000000000        0.0000000000000000     
         0.0000000000000000        1.0000000000000000        0.0000000000000000     
         0.0000000000000000        0.0000000000000000        1.0000000000000000     
         0.0000000000000000        1.0000000000000000        1.0000000000000000     
         0.0000000000000000       0.50000000000000000        0.0000000000000000     
         0.0000000000000000        0.0000000000000000       0.50000000000000000     
         0.0000000000000000       0.50000000000000000       0.50000000000000000     
         0.0000000000000000        1.0000000000000000       0.50000000000000000     
         0.0000000000000000       0.50000000000000000        1.0000000000000000     

 !NewElementMapDefinition
         437         873
         0.0000000000000000        0.0000000000000000        0.0000000000000000     
         0.0000000000000000        1.0000000000000000        0.0000000000000000     
         0.0000000000000000        0.0000000000000000        1.0000000000000000     
         0.0000000000000000        1.0000000000000000        1.0000000000000000     
         0.0000000000000000       0.50000000000000000        0.0000000000000000     
         0.0000000000000000        0.0000000000000000       0.50000000000000000     
         0.0000000000000000       0.50000000000000000       0.50000000000000000     
         0.0000000000000000        1.0000000000000000       0.50000000000000000     
         0.0000000000000000       0.50000000000000000        1.0000000000000000     

 !NewElementMapDefinition
         438         875
         0.0000000000000000        0.0000000000000000        0.0000000000000000     
         0.0000000000000000        1.0000000000000000        0.0000000000000000     
         0.0000000000000000        0.0000000000000000        1.0000000000000000     
         0.0000000000000000        1.0000000000000000        1.0000000000000000     
         0.0000000000000000       0.50000000000000000        0.0000000000000000     
         0.0000000000000000        0.0000000000000000       0.50000000000000000     
         0.0000000000000000       0.50000000000000000       0.50000000000000000     
         0.0000000000000000        1.0000000000000000       0.50000000000000000     
         0.0000000000000000       0.50000000000000000        1.0000000000000000     

 !NewElementMapDefinition
         439         877
         0.0000000000000000        0.0000000000000000        0.0000000000000000     
         0.0000000000000000        1.0000000000000000        0.0000000000000000     
         0.0000000000000000        0.0000000000000000        1.0000000000000000     
         0.0000000000000000        1.0000000000000000        1.0000000000000000     
         0.0000000000000000       0.50000000000000000        0.0000000000000000     
         0.0000000000000000        0.0000000000000000       0.50000000000000000     
         0.0000000000000000       0.50000000000000000       0.50000000000000000     
         0.0000000000000000        1.0000000000000000       0.50000000000000000     
         0.0000000000000000       0.50000000000000000        1.0000000000000000     

 !NewElementMapDefinition
         440         879
         0.0000000000000000        0.0000000000000000        0.0000000000000000     
         0.0000000000000000        1.0000000000000000        0.0000000000000000     
         0.0000000000000000        0.0000000000000000        1.0000000000000000     
         0.0000000000000000        1.0000000000000000        1.0000000000000000     
         0.0000000000000000       0.50000000000000000        0.0000000000000000     
         0.0000000000000000        0.0000000000000000       0.50000000000000000     
         0.0000000000000000       0.50000000000000000       0.50000000000000000     
         0.0000000000000000        1.0000000000000000       0.50000000000000000     
         0.0000000000000000       0.50000000000000000        1.0000000000000000     

 !NewElementMapDefinition
         441         881
         0.0000000000000000        0.0000000000000000        0.0000000000000000     
         0.0000000000000000        1.0000000000000000        0.0000000000000000     
         0.0000000000000000        0.0000000000000000        1.0000000000000000     
         0.0000000000000000        1.0000000000000000        1.0000000000000000     
         0.0000000000000000       0.50000000000000000        0.0000000000000000     
         0.0000000000000000        0.0000000000000000       0.50000000000000000     
         0.0000000000000000       0.50000000000000000       0.50000000000000000     
         0.0000000000000000        1.0000000000000000       0.50000000000000000     
         0.0000000000000000       0.50000000000000000        1.0000000000000000     

 !NewElementMapDefinition
         442         883
         0.0000000000000000        0.0000000000000000        0.0000000000000000     
         0.0000000000000000        1.0000000000000000        0.0000000000000000     
         0.0000000000000000        0.0000000000000000        1.0000000000000000     
         0.0000000000000000        1.0000000000000000        1.0000000000000000     
         0.0000000000000000       0.50000000000000000        0.0000000000000000     
         0.0000000000000000        0.0000000000000000       0.50000000000000000     
         0.0000000000000000       0.50000000000000000       0.50000000000000000     
         0.0000000000000000        1.0000000000000000       0.50000000000000000     
         0.0000000000000000       0.50000000000000000        1.0000000000000000     

 !NewElementMapDefinition
         443         885
         0.0000000000000000        0.0000000000000000        0.0000000000000000     
         0.0000000000000000        1.0000000000000000        0.0000000000000000     
         0.0000000000000000        0.0000000000000000        1.0000000000000000     
         0.0000000000000000        1.0000000000000000        1.0000000000000000     
         0.0000000000000000       0.50000000000000000        0.0000000000000000     
         0.0000000000000000        0.0000000000000000       0.50000000000000000     
         0.0000000000000000       0.50000000000000000       0.50000000000000000     
         0.0000000000000000        1.0000000000000000       0.50000000000000000     
         0.0000000000000000       0.50000000000000000        1.0000000000000000     

 !NewElementMapDefinition
         444         887
         0.0000000000000000        0.0000000000000000        0.0000000000000000     
         0.0000000000000000        1.0000000000000000        0.0000000000000000     
         0.0000000000000000        0.0000000000000000        1.0000000000000000     
         0.0000000000000000        1.0000000000000000        1.0000000000000000     
         0.0000000000000000       0.50000000000000000        0.0000000000000000     
         0.0000000000000000        0.0000000000000000       0.50000000000000000     
         0.0000000000000000       0.50000000000000000       0.50000000000000000     
         0.0000000000000000        1.0000000000000000       0.50000000000000000     
         0.0000000000000000       0.50000000000000000        1.0000000000000000     

 !NewElementMapDefinition
         445         889
         0.0000000000000000        0.0000000000000000        0.0000000000000000     
         0.0000000000000000        1.0000000000000000        0.0000000000000000     
         0.0000000000000000        0.0000000000000000        1.0000000000000000     
         0.0000000000000000        1.0000000000000000        1.0000000000000000     
         0.0000000000000000       0.50000000000000000        0.0000000000000000     
         0.0000000000000000        0.0000000000000000       0.50000000000000000     
         0.0000000000000000       0.50000000000000000       0.50000000000000000     
         0.0000000000000000        1.0000000000000000       0.50000000000000000     
         0.0000000000000000       0.50000000000000000        1.0000000000000000     

 !NewElementMapDefinition
         446         891
         0.0000000000000000        0.0000000000000000        0.0000000000000000     
         0.0000000000000000        1.0000000000000000        0.0000000000000000     
         0.0000000000000000        0.0000000000000000        1.0000000000000000     
         0.0000000000000000        1.0000000000000000        1.0000000000000000     
         0.0000000000000000       0.50000000000000000        0.0000000000000000     
         0.0000000000000000        0.0000000000000000       0.50000000000000000     
         0.0000000000000000       0.50000000000000000       0.50000000000000000     
         0.0000000000000000        1.0000000000000000       0.50000000000000000     
         0.0000000000000000       0.50000000000000000        1.0000000000000000     

 !NewElementMapDefinition
         447         893
         0.0000000000000000        0.0000000000000000        0.0000000000000000     
         0.0000000000000000        1.0000000000000000        0.0000000000000000     
         0.0000000000000000        0.0000000000000000        1.0000000000000000     
         0.0000000000000000        1.0000000000000000        1.0000000000000000     
         0.0000000000000000       0.50000000000000000        0.0000000000000000     
         0.0000000000000000        0.0000000000000000       0.50000000000000000     
         0.0000000000000000       0.50000000000000000       0.50000000000000000     
         0.0000000000000000        1.0000000000000000       0.50000000000000000     
         0.0000000000000000       0.50000000000000000        1.0000000000000000     

 !NewElementMapDefinition
         448         895
         0.0000000000000000        0.0000000000000000        0.0000000000000000     
         0.0000000000000000        1.0000000000000000        0.0000000000000000     
         0.0000000000000000        0.0000000000000000        1.0000000000000000     
         0.0000000000000000        1.0000000000000000        1.0000000000000000     
         0.0000000000000000       0.50000000000000000        0.0000000000000000     
         0.0000000000000000        0.0000000000000000       0.50000000000000000     
         0.0000000000000000       0.50000000000000000       0.50000000000000000     
         0.0000000000000000        1.0000000000000000       0.50000000000000000     
         0.0000000000000000       0.50000000000000000        1.0000000000000000     

 !NewElementMapDefinition
         449         897
         0.0000000000000000        0.0000000000000000        0.0000000000000000     
         0.0000000000000000        1.0000000000000000        0.0000000000000000     
         0.0000000000000000        0.0000000000000000        1.0000000000000000     
         0.0000000000000000        1.0000000000000000        1.0000000000000000     
         0.0000000000000000       0.50000000000000000        0.0000000000000000     
         0.0000000000000000        0.0000000000000000       0.50000000000000000     
         0.0000000000000000       0.50000000000000000       0.50000000000000000     
         0.0000000000000000        1.0000000000000000       0.50000000000000000     
         0.0000000000000000       0.50000000000000000        1.0000000000000000     

 !NewElementMapDefinition
         450         899
         0.0000000000000000        0.0000000000000000        0.0000000000000000     
         0.0000000000000000        1.0000000000000000        0.0000000000000000     
         0.0000000000000000        0.0000000000000000        1.0000000000000000     
         0.0000000000000000        1.0000000000000000        1.0000000000000000     
         0.0000000000000000       0.50000000000000000        0.0000000000000000     
         0.0000000000000000        0.0000000000000000       0.50000000000000000     
         0.0000000000000000       0.50000000000000000       0.50000000000000000     
         0.0000000000000000        1.0000000000000000       0.50000000000000000     
         0.0000000000000000       0.50000000000000000        1.0000000000000000     

 !NewElementMapDefinition
         451         901
         0.0000000000000000        0.0000000000000000        0.0000000000000000     
         0.0000000000000000        1.0000000000000000        0.0000000000000000     
         0.0000000000000000        0.0000000000000000        1.0000000000000000     
         0.0000000000000000        1.0000000000000000        1.0000000000000000     
         0.0000000000000000       0.50000000000000000        0.0000000000000000     
         0.0000000000000000        0.0000000000000000       0.50000000000000000     
         0.0000000000000000       0.50000000000000000       0.50000000000000000     
         0.0000000000000000        1.0000000000000000       0.50000000000000000     
         0.0000000000000000       0.50000000000000000        1.0000000000000000     

 !NewElementMapDefinition
         452         903
         0.0000000000000000        0.0000000000000000        0.0000000000000000     
         0.0000000000000000        1.0000000000000000        0.0000000000000000     
         0.0000000000000000        0.0000000000000000        1.0000000000000000     
         0.0000000000000000        1.0000000000000000        1.0000000000000000     
         0.0000000000000000       0.50000000000000000        0.0000000000000000     
         0.0000000000000000        0.0000000000000000       0.50000000000000000     
         0.0000000000000000       0.50000000000000000       0.50000000000000000     
         0.0000000000000000        1.0000000000000000       0.50000000000000000     
         0.0000000000000000       0.50000000000000000        1.0000000000000000     

 !NewElementMapDefinition
         453         905
         0.0000000000000000        0.0000000000000000        0.0000000000000000     
         0.0000000000000000        1.0000000000000000        0.0000000000000000     
         0.0000000000000000        0.0000000000000000        1.0000000000000000     
         0.0000000000000000        1.0000000000000000        1.0000000000000000     
         0.0000000000000000       0.50000000000000000        0.0000000000000000     
         0.0000000000000000        0.0000000000000000       0.50000000000000000     
         0.0000000000000000       0.50000000000000000       0.50000000000000000     
         0.0000000000000000        1.0000000000000000       0.50000000000000000     
         0.0000000000000000       0.50000000000000000        1.0000000000000000     

 !NewElementMapDefinition
         454         907
         0.0000000000000000        0.0000000000000000        0.0000000000000000     
         0.0000000000000000        1.0000000000000000        0.0000000000000000     
         0.0000000000000000        0.0000000000000000        1.0000000000000000     
         0.0000000000000000        1.0000000000000000        1.0000000000000000     
         0.0000000000000000       0.50000000000000000        0.0000000000000000     
         0.0000000000000000        0.0000000000000000       0.50000000000000000     
         0.0000000000000000       0.50000000000000000       0.50000000000000000     
         0.0000000000000000        1.0000000000000000       0.50000000000000000     
         0.0000000000000000       0.50000000000000000        1.0000000000000000     

 !NewElementMapDefinition
         455         909
         0.0000000000000000        0.0000000000000000        0.0000000000000000     
         0.0000000000000000        1.0000000000000000        0.0000000000000000     
         0.0000000000000000        0.0000000000000000        1.0000000000000000     
         0.0000000000000000        1.0000000000000000        1.0000000000000000     
         0.0000000000000000       0.50000000000000000        0.0000000000000000     
         0.0000000000000000        0.0000000000000000       0.50000000000000000     
         0.0000000000000000       0.50000000000000000       0.50000000000000000     
         0.0000000000000000        1.0000000000000000       0.50000000000000000     
         0.0000000000000000       0.50000000000000000        1.0000000000000000     

 !NewElementMapDefinition
         456         911
         0.0000000000000000        0.0000000000000000        0.0000000000000000     
         0.0000000000000000        1.0000000000000000        0.0000000000000000     
         0.0000000000000000        0.0000000000000000        1.0000000000000000     
         0.0000000000000000        1.0000000000000000        1.0000000000000000     
         0.0000000000000000       0.50000000000000000        0.0000000000000000     
         0.0000000000000000        0.0000000000000000       0.50000000000000000     
         0.0000000000000000       0.50000000000000000       0.50000000000000000     
         0.0000000000000000        1.0000000000000000       0.50000000000000000     
         0.0000000000000000       0.50000000000000000        1.0000000000000000     

 !NewElementMapDefinition
         457         913
         0.0000000000000000        0.0000000000000000        0.0000000000000000     
         0.0000000000000000        1.0000000000000000        0.0000000000000000     
         0.0000000000000000        0.0000000000000000        1.0000000000000000     
         0.0000000000000000        1.0000000000000000        1.0000000000000000     
         0.0000000000000000       0.50000000000000000        0.0000000000000000     
         0.0000000000000000        0.0000000000000000       0.50000000000000000     
         0.0000000000000000       0.50000000000000000       0.50000000000000000     
         0.0000000000000000        1.0000000000000000       0.50000000000000000     
         0.0000000000000000       0.50000000000000000        1.0000000000000000     

 !NewElementMapDefinition
         458         915
         0.0000000000000000        0.0000000000000000        0.0000000000000000     
         0.0000000000000000        1.0000000000000000        0.0000000000000000     
         0.0000000000000000        0.0000000000000000        1.0000000000000000     
         0.0000000000000000        1.0000000000000000        1.0000000000000000     
         0.0000000000000000       0.50000000000000000        0.0000000000000000     
         0.0000000000000000        0.0000000000000000       0.50000000000000000     
         0.0000000000000000       0.50000000000000000       0.50000000000000000     
         0.0000000000000000        1.0000000000000000       0.50000000000000000     
         0.0000000000000000       0.50000000000000000        1.0000000000000000     

 !NewElementMapDefinition
         459         917
         0.0000000000000000        0.0000000000000000        0.0000000000000000     
         0.0000000000000000        1.0000000000000000        0.0000000000000000     
         0.0000000000000000        0.0000000000000000        1.0000000000000000     
         0.0000000000000000        1.0000000000000000        1.0000000000000000     
         0.0000000000000000       0.50000000000000000        0.0000000000000000     
         0.0000000000000000        0.0000000000000000       0.50000000000000000     
         0.0000000000000000       0.50000000000000000       0.50000000000000000     
         0.0000000000000000        1.0000000000000000       0.50000000000000000     
         0.0000000000000000       0.50000000000000000        1.0000000000000000     

 !NewElementMapDefinition
         460         919
         0.0000000000000000        0.0000000000000000        0.0000000000000000     
         0.0000000000000000        1.0000000000000000        0.0000000000000000     
         0.0000000000000000        0.0000000000000000        1.0000000000000000     
         0.0000000000000000        1.0000000000000000        1.0000000000000000     
         0.0000000000000000       0.50000000000000000        0.0000000000000000     
         0.0000000000000000        0.0000000000000000       0.50000000000000000     
         0.0000000000000000       0.50000000000000000       0.50000000000000000     
         0.0000000000000000        1.0000000000000000       0.50000000000000000     
         0.0000000000000000       0.50000000000000000        1.0000000000000000     

 !NewElementMapDefinition
         461         921
         0.0000000000000000        0.0000000000000000        0.0000000000000000     
         0.0000000000000000        1.0000000000000000        0.0000000000000000     
         0.0000000000000000        0.0000000000000000        1.0000000000000000     
         0.0000000000000000        1.0000000000000000        1.0000000000000000     
         0.0000000000000000       0.50000000000000000        0.0000000000000000     
         0.0000000000000000        0.0000000000000000       0.50000000000000000     
         0.0000000000000000       0.50000000000000000       0.50000000000000000     
         0.0000000000000000        1.0000000000000000       0.50000000000000000     
         0.0000000000000000       0.50000000000000000        1.0000000000000000     

 !NewElementMapDefinition
         462         923
         0.0000000000000000        0.0000000000000000        0.0000000000000000     
         0.0000000000000000        1.0000000000000000        0.0000000000000000     
         0.0000000000000000        0.0000000000000000        1.0000000000000000     
         0.0000000000000000        1.0000000000000000        1.0000000000000000     
         0.0000000000000000       0.50000000000000000        0.0000000000000000     
         0.0000000000000000        0.0000000000000000       0.50000000000000000     
         0.0000000000000000       0.50000000000000000       0.50000000000000000     
         0.0000000000000000        1.0000000000000000       0.50000000000000000     
         0.0000000000000000       0.50000000000000000        1.0000000000000000     

 !NewElementMapDefinition
         463         925
         0.0000000000000000        0.0000000000000000        0.0000000000000000     
         0.0000000000000000        1.0000000000000000        0.0000000000000000     
         0.0000000000000000        0.0000000000000000        1.0000000000000000     
         0.0000000000000000        1.0000000000000000        1.0000000000000000     
         0.0000000000000000       0.50000000000000000        0.0000000000000000     
         0.0000000000000000        0.0000000000000000       0.50000000000000000     
         0.0000000000000000       0.50000000000000000       0.50000000000000000     
         0.0000000000000000        1.0000000000000000       0.50000000000000000     
         0.0000000000000000       0.50000000000000000        1.0000000000000000     

 !NewElementMapDefinition
         464         927
         0.0000000000000000        0.0000000000000000        0.0000000000000000     
         0.0000000000000000        1.0000000000000000        0.0000000000000000     
         0.0000000000000000        0.0000000000000000        1.0000000000000000     
         0.0000000000000000        1.0000000000000000        1.0000000000000000     
         0.0000000000000000       0.50000000000000000        0.0000000000000000     
         0.0000000000000000        0.0000000000000000       0.50000000000000000     
         0.0000000000000000       0.50000000000000000       0.50000000000000000     
         0.0000000000000000        1.0000000000000000       0.50000000000000000     
         0.0000000000000000       0.50000000000000000        1.0000000000000000     

 !NewElementMapDefinition
         465         929
         0.0000000000000000        0.0000000000000000        0.0000000000000000     
         0.0000000000000000        1.0000000000000000        0.0000000000000000     
         0.0000000000000000        0.0000000000000000        1.0000000000000000     
         0.0000000000000000        1.0000000000000000        1.0000000000000000     
         0.0000000000000000       0.50000000000000000        0.0000000000000000     
         0.0000000000000000        0.0000000000000000       0.50000000000000000     
         0.0000000000000000       0.50000000000000000       0.50000000000000000     
         0.0000000000000000        1.0000000000000000       0.50000000000000000     
         0.0000000000000000       0.50000000000000000        1.0000000000000000     

 !NewElementMapDefinition
         466         931
         0.0000000000000000        0.0000000000000000        0.0000000000000000     
         0.0000000000000000        1.0000000000000000        0.0000000000000000     
         0.0000000000000000        0.0000000000000000        1.0000000000000000     
         0.0000000000000000        1.0000000000000000        1.0000000000000000     
         0.0000000000000000       0.50000000000000000        0.0000000000000000     
         0.0000000000000000        0.0000000000000000       0.50000000000000000     
         0.0000000000000000       0.50000000000000000       0.50000000000000000     
         0.0000000000000000        1.0000000000000000       0.50000000000000000     
         0.0000000000000000       0.50000000000000000        1.0000000000000000     

 !NewElementMapDefinition
         467         933
         0.0000000000000000        0.0000000000000000        0.0000000000000000     
         0.0000000000000000        1.0000000000000000        0.0000000000000000     
         0.0000000000000000        0.0000000000000000        1.0000000000000000     
         0.0000000000000000        1.0000000000000000        1.0000000000000000     
         0.0000000000000000       0.50000000000000000        0.0000000000000000     
         0.0000000000000000        0.0000000000000000       0.50000000000000000     
         0.0000000000000000       0.50000000000000000       0.50000000000000000     
         0.0000000000000000        1.0000000000000000       0.50000000000000000     
         0.0000000000000000       0.50000000000000000        1.0000000000000000     

 !NewElementMapDefinition
         468         935
         0.0000000000000000        0.0000000000000000        0.0000000000000000     
         0.0000000000000000        1.0000000000000000        0.0000000000000000     
         0.0000000000000000        0.0000000000000000        1.0000000000000000     
         0.0000000000000000        1.0000000000000000        1.0000000000000000     
         0.0000000000000000       0.50000000000000000        0.0000000000000000     
         0.0000000000000000        0.0000000000000000       0.50000000000000000     
         0.0000000000000000       0.50000000000000000       0.50000000000000000     
         0.0000000000000000        1.0000000000000000       0.50000000000000000     
         0.0000000000000000       0.50000000000000000        1.0000000000000000     

 !NewElementMapDefinition
         469         937
         0.0000000000000000        0.0000000000000000        0.0000000000000000     
         0.0000000000000000        1.0000000000000000        0.0000000000000000     
         0.0000000000000000        0.0000000000000000        1.0000000000000000     
         0.0000000000000000        1.0000000000000000        1.0000000000000000     
         0.0000000000000000       0.50000000000000000        0.0000000000000000     
         0.0000000000000000        0.0000000000000000       0.50000000000000000     
         0.0000000000000000       0.50000000000000000       0.50000000000000000     
         0.0000000000000000        1.0000000000000000       0.50000000000000000     
         0.0000000000000000       0.50000000000000000        1.0000000000000000     

 !NewElementMapDefinition
         470         939
         0.0000000000000000        0.0000000000000000        0.0000000000000000     
         0.0000000000000000        1.0000000000000000        0.0000000000000000     
         0.0000000000000000        0.0000000000000000        1.0000000000000000     
         0.0000000000000000        1.0000000000000000        1.0000000000000000     
         0.0000000000000000       0.50000000000000000        0.0000000000000000     
         0.0000000000000000        0.0000000000000000       0.50000000000000000     
         0.0000000000000000       0.50000000000000000       0.50000000000000000     
         0.0000000000000000        1.0000000000000000       0.50000000000000000     
         0.0000000000000000       0.50000000000000000        1.0000000000000000     

 !NewElementMapDefinition
         471         941
         0.0000000000000000        0.0000000000000000        0.0000000000000000     
         0.0000000000000000        1.0000000000000000        0.0000000000000000     
         0.0000000000000000        0.0000000000000000        1.0000000000000000     
         0.0000000000000000        1.0000000000000000        1.0000000000000000     
         0.0000000000000000       0.50000000000000000        0.0000000000000000     
         0.0000000000000000        0.0000000000000000       0.50000000000000000     
         0.0000000000000000       0.50000000000000000       0.50000000000000000     
         0.0000000000000000        1.0000000000000000       0.50000000000000000     
         0.0000000000000000       0.50000000000000000        1.0000000000000000     

 !NewElementMapDefinition
         472         943
         0.0000000000000000        0.0000000000000000        0.0000000000000000     
         0.0000000000000000        1.0000000000000000        0.0000000000000000     
         0.0000000000000000        0.0000000000000000        1.0000000000000000     
         0.0000000000000000        1.0000000000000000        1.0000000000000000     
         0.0000000000000000       0.50000000000000000        0.0000000000000000     
         0.0000000000000000        0.0000000000000000       0.50000000000000000     
         0.0000000000000000       0.50000000000000000       0.50000000000000000     
         0.0000000000000000        1.0000000000000000       0.50000000000000000     
         0.0000000000000000       0.50000000000000000        1.0000000000000000     

 !NewElementMapDefinition
         473         945
         0.0000000000000000        0.0000000000000000        0.0000000000000000     
         0.0000000000000000        1.0000000000000000        0.0000000000000000     
         0.0000000000000000        0.0000000000000000        1.0000000000000000     
         0.0000000000000000        1.0000000000000000        1.0000000000000000     
         0.0000000000000000       0.50000000000000000        0.0000000000000000     
         0.0000000000000000        0.0000000000000000       0.50000000000000000     
         0.0000000000000000       0.50000000000000000       0.50000000000000000     
         0.0000000000000000        1.0000000000000000       0.50000000000000000     
         0.0000000000000000       0.50000000000000000        1.0000000000000000     

 !NewElementMapDefinition
         474         947
         0.0000000000000000        0.0000000000000000        0.0000000000000000     
         0.0000000000000000        1.0000000000000000        0.0000000000000000     
         0.0000000000000000        0.0000000000000000        1.0000000000000000     
         0.0000000000000000        1.0000000000000000        1.0000000000000000     
         0.0000000000000000       0.50000000000000000        0.0000000000000000     
         0.0000000000000000        0.0000000000000000       0.50000000000000000     
         0.0000000000000000       0.50000000000000000       0.50000000000000000     
         0.0000000000000000        1.0000000000000000       0.50000000000000000     
         0.0000000000000000       0.50000000000000000        1.0000000000000000     

 !NewElementMapDefinition
         475         949
         0.0000000000000000        0.0000000000000000        0.0000000000000000     
         0.0000000000000000        1.0000000000000000        0.0000000000000000     
         0.0000000000000000        0.0000000000000000        1.0000000000000000     
         0.0000000000000000        1.0000000000000000        1.0000000000000000     
         0.0000000000000000       0.50000000000000000        0.0000000000000000     
         0.0000000000000000        0.0000000000000000       0.50000000000000000     
         0.0000000000000000       0.50000000000000000       0.50000000000000000     
         0.0000000000000000        1.0000000000000000       0.50000000000000000     
         0.0000000000000000       0.50000000000000000        1.0000000000000000     

 !NewElementMapDefinition
         476         951
         0.0000000000000000        0.0000000000000000        0.0000000000000000     
         0.0000000000000000        1.0000000000000000        0.0000000000000000     
         0.0000000000000000        0.0000000000000000        1.0000000000000000     
         0.0000000000000000        1.0000000000000000        1.0000000000000000     
         0.0000000000000000       0.50000000000000000        0.0000000000000000     
         0.0000000000000000        0.0000000000000000       0.50000000000000000     
         0.0000000000000000       0.50000000000000000       0.50000000000000000     
         0.0000000000000000        1.0000000000000000       0.50000000000000000     
         0.0000000000000000       0.50000000000000000        1.0000000000000000     

 !NewElementMapDefinition
         477         953
         0.0000000000000000        0.0000000000000000        0.0000000000000000     
         0.0000000000000000        1.0000000000000000        0.0000000000000000     
         0.0000000000000000        0.0000000000000000        1.0000000000000000     
         0.0000000000000000        1.0000000000000000        1.0000000000000000     
         0.0000000000000000       0.50000000000000000        0.0000000000000000     
         0.0000000000000000        0.0000000000000000       0.50000000000000000     
         0.0000000000000000       0.50000000000000000       0.50000000000000000     
         0.0000000000000000        1.0000000000000000       0.50000000000000000     
         0.0000000000000000       0.50000000000000000        1.0000000000000000     

 !NewElementMapDefinition
         478         955
         0.0000000000000000        0.0000000000000000        0.0000000000000000     
         0.0000000000000000        1.0000000000000000        0.0000000000000000     
         0.0000000000000000        0.0000000000000000        1.0000000000000000     
         0.0000000000000000        1.0000000000000000        1.0000000000000000     
         0.0000000000000000       0.50000000000000000        0.0000000000000000     
         0.0000000000000000        0.0000000000000000       0.50000000000000000     
         0.0000000000000000       0.50000000000000000       0.50000000000000000     
         0.0000000000000000        1.0000000000000000       0.50000000000000000     
         0.0000000000000000       0.50000000000000000        1.0000000000000000     

 !NewElementMapDefinition
         479         957
         0.0000000000000000        0.0000000000000000        0.0000000000000000     
         0.0000000000000000        1.0000000000000000        0.0000000000000000     
         0.0000000000000000        0.0000000000000000        1.0000000000000000     
         0.0000000000000000        1.0000000000000000        1.0000000000000000     
         0.0000000000000000       0.50000000000000000        0.0000000000000000     
         0.0000000000000000        0.0000000000000000       0.50000000000000000     
         0.0000000000000000       0.50000000000000000       0.50000000000000000     
         0.0000000000000000        1.0000000000000000       0.50000000000000000     
         0.0000000000000000       0.50000000000000000        1.0000000000000000     

 !NewElementMapDefinition
         480         959
         0.0000000000000000        0.0000000000000000        0.0000000000000000     
         0.0000000000000000        1.0000000000000000        0.0000000000000000     
         0.0000000000000000        0.0000000000000000        1.0000000000000000     
         0.0000000000000000        1.0000000000000000        1.0000000000000000     
         0.0000000000000000       0.50000000000000000        0.0000000000000000     
         0.0000000000000000        0.0000000000000000       0.50000000000000000     
         0.0000000000000000       0.50000000000000000       0.50000000000000000     
         0.0000000000000000        1.0000000000000000       0.50000000000000000     
         0.0000000000000000       0.50000000000000000        1.0000000000000000     

 !NewElementMapDefinition
         481         961
         0.0000000000000000        0.0000000000000000        0.0000000000000000     
         0.0000000000000000        1.0000000000000000        0.0000000000000000     
         0.0000000000000000        0.0000000000000000        1.0000000000000000     
         0.0000000000000000        1.0000000000000000        1.0000000000000000     
         0.0000000000000000       0.50000000000000000        0.0000000000000000     
         0.0000000000000000        0.0000000000000000       0.50000000000000000     
         0.0000000000000000       0.50000000000000000       0.50000000000000000     
         0.0000000000000000        1.0000000000000000       0.50000000000000000     
         0.0000000000000000       0.50000000000000000        1.0000000000000000     

 !NewElementMapDefinition
         482         963
         0.0000000000000000        0.0000000000000000        0.0000000000000000     
         0.0000000000000000        1.0000000000000000        0.0000000000000000     
         0.0000000000000000        0.0000000000000000        1.0000000000000000     
         0.0000000000000000        1.0000000000000000        1.0000000000000000     
         0.0000000000000000       0.50000000000000000        0.0000000000000000     
         0.0000000000000000        0.0000000000000000       0.50000000000000000     
         0.0000000000000000       0.50000000000000000       0.50000000000000000     
         0.0000000000000000        1.0000000000000000       0.50000000000000000     
         0.0000000000000000       0.50000000000000000        1.0000000000000000     

 !NewElementMapDefinition
         483         965
         0.0000000000000000        0.0000000000000000        0.0000000000000000     
         0.0000000000000000        1.0000000000000000        0.0000000000000000     
         0.0000000000000000        0.0000000000000000        1.0000000000000000     
         0.0000000000000000        1.0000000000000000        1.0000000000000000     
         0.0000000000000000       0.50000000000000000        0.0000000000000000     
         0.0000000000000000        0.0000000000000000       0.50000000000000000     
         0.0000000000000000       0.50000000000000000       0.50000000000000000     
         0.0000000000000000        1.0000000000000000       0.50000000000000000     
         0.0000000000000000       0.50000000000000000        1.0000000000000000     

 !NewElementMapDefinition
         484         967
         0.0000000000000000        0.0000000000000000        0.0000000000000000     
         0.0000000000000000        1.0000000000000000        0.0000000000000000     
         0.0000000000000000        0.0000000000000000        1.0000000000000000     
         0.0000000000000000        1.0000000000000000        1.0000000000000000     
         0.0000000000000000       0.50000000000000000        0.0000000000000000     
         0.0000000000000000        0.0000000000000000       0.50000000000000000     
         0.0000000000000000       0.50000000000000000       0.50000000000000000     
         0.0000000000000000        1.0000000000000000       0.50000000000000000     
         0.0000000000000000       0.50000000000000000        1.0000000000000000     

 !NewElementMapDefinition
         485         969
         0.0000000000000000        0.0000000000000000        0.0000000000000000     
         0.0000000000000000        1.0000000000000000        0.0000000000000000     
         0.0000000000000000        0.0000000000000000        1.0000000000000000     
         0.0000000000000000        1.0000000000000000        1.0000000000000000     
         0.0000000000000000       0.50000000000000000        0.0000000000000000     
         0.0000000000000000        0.0000000000000000       0.50000000000000000     
         0.0000000000000000       0.50000000000000000       0.50000000000000000     
         0.0000000000000000        1.0000000000000000       0.50000000000000000     
         0.0000000000000000       0.50000000000000000        1.0000000000000000     

 !NewElementMapDefinition
         486         971
         0.0000000000000000        0.0000000000000000        0.0000000000000000     
         0.0000000000000000        1.0000000000000000        0.0000000000000000     
         0.0000000000000000        0.0000000000000000        1.0000000000000000     
         0.0000000000000000        1.0000000000000000        1.0000000000000000     
         0.0000000000000000       0.50000000000000000        0.0000000000000000     
         0.0000000000000000        0.0000000000000000       0.50000000000000000     
         0.0000000000000000       0.50000000000000000       0.50000000000000000     
         0.0000000000000000        1.0000000000000000       0.50000000000000000     
         0.0000000000000000       0.50000000000000000        1.0000000000000000     

 !NewElementMapDefinition
         487         973
         0.0000000000000000        0.0000000000000000        0.0000000000000000     
         0.0000000000000000        1.0000000000000000        0.0000000000000000     
         0.0000000000000000        0.0000000000000000        1.0000000000000000     
         0.0000000000000000        1.0000000000000000        1.0000000000000000     
         0.0000000000000000       0.50000000000000000        0.0000000000000000     
         0.0000000000000000        0.0000000000000000       0.50000000000000000     
         0.0000000000000000       0.50000000000000000       0.50000000000000000     
         0.0000000000000000        1.0000000000000000       0.50000000000000000     
         0.0000000000000000       0.50000000000000000        1.0000000000000000     

 !NewElementMapDefinition
         488         975
         0.0000000000000000        0.0000000000000000        0.0000000000000000     
         0.0000000000000000        1.0000000000000000        0.0000000000000000     
         0.0000000000000000        0.0000000000000000        1.0000000000000000     
         0.0000000000000000        1.0000000000000000        1.0000000000000000     
         0.0000000000000000       0.50000000000000000        0.0000000000000000     
         0.0000000000000000        0.0000000000000000       0.50000000000000000     
         0.0000000000000000       0.50000000000000000       0.50000000000000000     
         0.0000000000000000        1.0000000000000000       0.50000000000000000     
         0.0000000000000000       0.50000000000000000        1.0000000000000000     

 !NewElementMapDefinition
         489         977
         0.0000000000000000        0.0000000000000000        0.0000000000000000     
         0.0000000000000000        1.0000000000000000        0.0000000000000000     
         0.0000000000000000        0.0000000000000000        1.0000000000000000     
         0.0000000000000000        1.0000000000000000        1.0000000000000000     
         0.0000000000000000       0.50000000000000000        0.0000000000000000     
         0.0000000000000000        0.0000000000000000       0.50000000000000000     
         0.0000000000000000       0.50000000000000000       0.50000000000000000     
         0.0000000000000000        1.0000000000000000       0.50000000000000000     
         0.0000000000000000       0.50000000000000000        1.0000000000000000     

 !NewElementMapDefinition
         490         979
         0.0000000000000000        0.0000000000000000        0.0000000000000000     
         0.0000000000000000        1.0000000000000000        0.0000000000000000     
         0.0000000000000000        0.0000000000000000        1.0000000000000000     
         0.0000000000000000        1.0000000000000000        1.0000000000000000     
         0.0000000000000000       0.50000000000000000        0.0000000000000000     
         0.0000000000000000        0.0000000000000000       0.50000000000000000     
         0.0000000000000000       0.50000000000000000       0.50000000000000000     
         0.0000000000000000        1.0000000000000000       0.50000000000000000     
         0.0000000000000000       0.50000000000000000        1.0000000000000000     

 !NewElementMapDefinition
         491         981
         0.0000000000000000        0.0000000000000000        0.0000000000000000     
         0.0000000000000000        1.0000000000000000        0.0000000000000000     
         0.0000000000000000        0.0000000000000000        1.0000000000000000     
         0.0000000000000000        1.0000000000000000        1.0000000000000000     
         0.0000000000000000       0.50000000000000000        0.0000000000000000     
         0.0000000000000000        0.0000000000000000       0.50000000000000000     
         0.0000000000000000       0.50000000000000000       0.50000000000000000     
         0.0000000000000000        1.0000000000000000       0.50000000000000000     
         0.0000000000000000       0.50000000000000000        1.0000000000000000     

 !NewElementMapDefinition
         492         983
         0.0000000000000000        0.0000000000000000        0.0000000000000000     
         0.0000000000000000        1.0000000000000000        0.0000000000000000     
         0.0000000000000000        0.0000000000000000        1.0000000000000000     
         0.0000000000000000        1.0000000000000000        1.0000000000000000     
         0.0000000000000000       0.50000000000000000        0.0000000000000000     
         0.0000000000000000        0.0000000000000000       0.50000000000000000     
         0.0000000000000000       0.50000000000000000       0.50000000000000000     
         0.0000000000000000        1.0000000000000000       0.50000000000000000     
         0.0000000000000000       0.50000000000000000        1.0000000000000000     

 !NewElementMapDefinition
         493         985
         0.0000000000000000        0.0000000000000000        0.0000000000000000     
         0.0000000000000000        1.0000000000000000        0.0000000000000000     
         0.0000000000000000        0.0000000000000000        1.0000000000000000     
         0.0000000000000000        1.0000000000000000        1.0000000000000000     
         0.0000000000000000       0.50000000000000000        0.0000000000000000     
         0.0000000000000000        0.0000000000000000       0.50000000000000000     
         0.0000000000000000       0.50000000000000000       0.50000000000000000     
         0.0000000000000000        1.0000000000000000       0.50000000000000000     
         0.0000000000000000       0.50000000000000000        1.0000000000000000     

 !NewElementMapDefinition
         494         987
         0.0000000000000000        0.0000000000000000        0.0000000000000000     
         0.0000000000000000        1.0000000000000000        0.0000000000000000     
         0.0000000000000000        0.0000000000000000        1.0000000000000000     
         0.0000000000000000        1.0000000000000000        1.0000000000000000     
         0.0000000000000000       0.50000000000000000        0.0000000000000000     
         0.0000000000000000        0.0000000000000000       0.50000000000000000     
         0.0000000000000000       0.50000000000000000       0.50000000000000000     
         0.0000000000000000        1.0000000000000000       0.50000000000000000     
         0.0000000000000000       0.50000000000000000        1.0000000000000000     

 !NewElementMapDefinition
         495         989
         0.0000000000000000        0.0000000000000000        0.0000000000000000     
         0.0000000000000000        1.0000000000000000        0.0000000000000000     
         0.0000000000000000        0.0000000000000000        1.0000000000000000     
         0.0000000000000000        1.0000000000000000        1.0000000000000000     
         0.0000000000000000       0.50000000000000000        0.0000000000000000     
         0.0000000000000000        0.0000000000000000       0.50000000000000000     
         0.0000000000000000       0.50000000000000000       0.50000000000000000     
         0.0000000000000000        1.0000000000000000       0.50000000000000000     
         0.0000000000000000       0.50000000000000000        1.0000000000000000     

 !NewElementMapDefinition
         496         991
         0.0000000000000000        0.0000000000000000        0.0000000000000000     
         0.0000000000000000        1.0000000000000000        0.0000000000000000     
         0.0000000000000000        0.0000000000000000        1.0000000000000000     
         0.0000000000000000        1.0000000000000000        1.0000000000000000     
         0.0000000000000000       0.50000000000000000        0.0000000000000000     
         0.0000000000000000        0.0000000000000000       0.50000000000000000     
         0.0000000000000000       0.50000000000000000       0.50000000000000000     
         0.0000000000000000        1.0000000000000000       0.50000000000000000     
         0.0000000000000000       0.50000000000000000        1.0000000000000000     

 !NewElementMapDefinition
         497         993
         0.0000000000000000        0.0000000000000000        0.0000000000000000     
         0.0000000000000000        1.0000000000000000        0.0000000000000000     
         0.0000000000000000        0.0000000000000000        1.0000000000000000     
         0.0000000000000000        1.0000000000000000        1.0000000000000000     
         0.0000000000000000       0.50000000000000000        0.0000000000000000     
         0.0000000000000000        0.0000000000000000       0.50000000000000000     
         0.0000000000000000       0.50000000000000000       0.50000000000000000     
         0.0000000000000000        1.0000000000000000       0.50000000000000000     
         0.0000000000000000       0.50000000000000000        1.0000000000000000     

 !NewElementMapDefinition
         498         995
         0.0000000000000000        0.0000000000000000        0.0000000000000000     
         0.0000000000000000        1.0000000000000000        0.0000000000000000     
         0.0000000000000000        0.0000000000000000        1.0000000000000000     
         0.0000000000000000        1.0000000000000000        1.0000000000000000     
         0.0000000000000000       0.50000000000000000        0.0000000000000000     
         0.0000000000000000        0.0000000000000000       0.50000000000000000     
         0.0000000000000000       0.50000000000000000       0.50000000000000000     
         0.0000000000000000        1.0000000000000000       0.50000000000000000     
         0.0000000000000000       0.50000000000000000        1.0000000000000000     

 !NewElementMapDefinition
         499         997
         0.0000000000000000        0.0000000000000000        0.0000000000000000     
         0.0000000000000000        1.0000000000000000        0.0000000000000000     
         0.0000000000000000        0.0000000000000000        1.0000000000000000     
         0.0000000000000000        1.0000000000000000        1.0000000000000000     
         0.0000000000000000       0.50000000000000000        0.0000000000000000     
         0.0000000000000000        0.0000000000000000       0.50000000000000000     
         0.0000000000000000       0.50000000000000000       0.50000000000000000     
         0.0000000000000000        1.0000000000000000       0.50000000000000000     
         0.0000000000000000       0.50000000000000000        1.0000000000000000     

 !NewElementMapDefinition
         500         999
         0.0000000000000000        0.0000000000000000        0.0000000000000000     
         0.0000000000000000        1.0000000000000000        0.0000000000000000     
         0.0000000000000000        0.0000000000000000        1.0000000000000000     
         0.0000000000000000        1.0000000000000000        1.0000000000000000     
         0.0000000000000000       0.50000000000000000        0.0000000000000000     
         0.0000000000000000        0.0000000000000000       0.50000000000000000     
         0.0000000000000000       0.50000000000000000       0.50000000000000000     
         0.0000000000000000        1.0000000000000000       0.50000000000000000     
         0.0000000000000000       0.50000000000000000        1.0000000000000000     

 !NewElementMapDefinition
         501        1001
         0.0000000000000000        0.0000000000000000        0.0000000000000000     
         0.0000000000000000        1.0000000000000000        0.0000000000000000     
         0.0000000000000000        0.0000000000000000        1.0000000000000000     
         0.0000000000000000        1.0000000000000000        1.0000000000000000     
         0.0000000000000000       0.50000000000000000        0.0000000000000000     
         0.0000000000000000        0.0000000000000000       0.50000000000000000     
         0.0000000000000000       0.50000000000000000       0.50000000000000000     
         0.0000000000000000        1.0000000000000000       0.50000000000000000     
         0.0000000000000000       0.50000000000000000        1.0000000000000000     

 !NewElementMapDefinition
         502        1003
         0.0000000000000000        0.0000000000000000        0.0000000000000000     
         0.0000000000000000        1.0000000000000000        0.0000000000000000     
         0.0000000000000000        0.0000000000000000        1.0000000000000000     
         0.0000000000000000        1.0000000000000000        1.0000000000000000     
         0.0000000000000000       0.50000000000000000        0.0000000000000000     
         0.0000000000000000        0.0000000000000000       0.50000000000000000     
         0.0000000000000000       0.50000000000000000       0.50000000000000000     
         0.0000000000000000        1.0000000000000000       0.50000000000000000     
         0.0000000000000000       0.50000000000000000        1.0000000000000000     

 !NewElementMapDefinition
         503        1005
         0.0000000000000000        0.0000000000000000        0.0000000000000000     
         0.0000000000000000        1.0000000000000000        0.0000000000000000     
         0.0000000000000000        0.0000000000000000        1.0000000000000000     
         0.0000000000000000        1.0000000000000000        1.0000000000000000     
         0.0000000000000000       0.50000000000000000        0.0000000000000000     
         0.0000000000000000        0.0000000000000000       0.50000000000000000     
         0.0000000000000000       0.50000000000000000       0.50000000000000000     
         0.0000000000000000        1.0000000000000000       0.50000000000000000     
         0.0000000000000000       0.50000000000000000        1.0000000000000000     

 !NewElementMapDefinition
         504        1007
         0.0000000000000000        0.0000000000000000        0.0000000000000000     
         0.0000000000000000        1.0000000000000000        0.0000000000000000     
         0.0000000000000000        0.0000000000000000        1.0000000000000000     
         0.0000000000000000        1.0000000000000000        1.0000000000000000     
         0.0000000000000000       0.50000000000000000        0.0000000000000000     
         0.0000000000000000        0.0000000000000000       0.50000000000000000     
         0.0000000000000000       0.50000000000000000       0.50000000000000000     
         0.0000000000000000        1.0000000000000000       0.50000000000000000     
         0.0000000000000000       0.50000000000000000        1.0000000000000000     

 !NewElementMapDefinition
         505        1009
         0.0000000000000000        0.0000000000000000        0.0000000000000000     
         0.0000000000000000        1.0000000000000000        0.0000000000000000     
         0.0000000000000000        0.0000000000000000        1.0000000000000000     
         0.0000000000000000        1.0000000000000000        1.0000000000000000     
         0.0000000000000000       0.50000000000000000        0.0000000000000000     
         0.0000000000000000        0.0000000000000000       0.50000000000000000     
         0.0000000000000000       0.50000000000000000       0.50000000000000000     
         0.0000000000000000        1.0000000000000000       0.50000000000000000     
         0.0000000000000000       0.50000000000000000        1.0000000000000000     

 !NewElementMapDefinition
         506        1011
         0.0000000000000000        0.0000000000000000        0.0000000000000000     
         0.0000000000000000        1.0000000000000000        0.0000000000000000     
         0.0000000000000000        0.0000000000000000        1.0000000000000000     
         0.0000000000000000        1.0000000000000000        1.0000000000000000     
         0.0000000000000000       0.50000000000000000        0.0000000000000000     
         0.0000000000000000        0.0000000000000000       0.50000000000000000     
         0.0000000000000000       0.50000000000000000       0.50000000000000000     
         0.0000000000000000        1.0000000000000000       0.50000000000000000     
         0.0000000000000000       0.50000000000000000        1.0000000000000000     

 !NewElementMapDefinition
         507        1013
         0.0000000000000000        0.0000000000000000        0.0000000000000000     
         0.0000000000000000        1.0000000000000000        0.0000000000000000     
         0.0000000000000000        0.0000000000000000        1.0000000000000000     
         0.0000000000000000        1.0000000000000000        1.0000000000000000     
         0.0000000000000000       0.50000000000000000        0.0000000000000000     
         0.0000000000000000        0.0000000000000000       0.50000000000000000     
         0.0000000000000000       0.50000000000000000       0.50000000000000000     
         0.0000000000000000        1.0000000000000000       0.50000000000000000     
         0.0000000000000000       0.50000000000000000        1.0000000000000000     

 !NewElementMapDefinition
         508        1015
         0.0000000000000000        0.0000000000000000        0.0000000000000000     
         0.0000000000000000        1.0000000000000000        0.0000000000000000     
         0.0000000000000000        0.0000000000000000        1.0000000000000000     
         0.0000000000000000        1.0000000000000000        1.0000000000000000     
         0.0000000000000000       0.50000000000000000        0.0000000000000000     
         0.0000000000000000        0.0000000000000000       0.50000000000000000     
         0.0000000000000000       0.50000000000000000       0.50000000000000000     
         0.0000000000000000        1.0000000000000000       0.50000000000000000     
         0.0000000000000000       0.50000000000000000        1.0000000000000000     

 !NewElementMapDefinition
         509        1017
         0.0000000000000000        0.0000000000000000        0.0000000000000000     
         0.0000000000000000        1.0000000000000000        0.0000000000000000     
         0.0000000000000000        0.0000000000000000        1.0000000000000000     
         0.0000000000000000        1.0000000000000000        1.0000000000000000     
         0.0000000000000000       0.50000000000000000        0.0000000000000000     
         0.0000000000000000        0.0000000000000000       0.50000000000000000     
         0.0000000000000000       0.50000000000000000       0.50000000000000000     
         0.0000000000000000        1.0000000000000000       0.50000000000000000     
         0.0000000000000000       0.50000000000000000        1.0000000000000000     

 !NewElementMapDefinition
         510        1019
         0.0000000000000000        0.0000000000000000        0.0000000000000000     
         0.0000000000000000        1.0000000000000000        0.0000000000000000     
         0.0000000000000000        0.0000000000000000        1.0000000000000000     
         0.0000000000000000        1.0000000000000000        1.0000000000000000     
         0.0000000000000000       0.50000000000000000        0.0000000000000000     
         0.0000000000000000        0.0000000000000000       0.50000000000000000     
         0.0000000000000000       0.50000000000000000       0.50000000000000000     
         0.0000000000000000        1.0000000000000000       0.50000000000000000     
         0.0000000000000000       0.50000000000000000        1.0000000000000000     

 !NewElementMapDefinition
         511        1021
         0.0000000000000000        0.0000000000000000        0.0000000000000000     
         0.0000000000000000        1.0000000000000000        0.0000000000000000     
         0.0000000000000000        0.0000000000000000        1.0000000000000000     
         0.0000000000000000        1.0000000000000000        1.0000000000000000     
         0.0000000000000000       0.50000000000000000        0.0000000000000000     
         0.0000000000000000        0.0000000000000000       0.50000000000000000     
         0.0000000000000000       0.50000000000000000       0.50000000000000000     
         0.0000000000000000        1.0000000000000000       0.50000000000000000     
         0.0000000000000000       0.50000000000000000        1.0000000000000000     

 !NewElementMapDefinition
         512        1023
         0.0000000000000000        0.0000000000000000        0.0000000000000000     
         0.0000000000000000        1.0000000000000000        0.0000000000000000     
         0.0000000000000000        0.0000000000000000        1.0000000000000000     
         0.0000000000000000        1.0000000000000000        1.0000000000000000     
         0.0000000000000000       0.50000000000000000        0.0000000000000000     
         0.0000000000000000        0.0000000000000000       0.50000000000000000     
         0.0000000000000000       0.50000000000000000       0.50000000000000000     
         0.0000000000000000        1.0000000000000000       0.50000000000000000     
         0.0000000000000000       0.50000000000000000        1.0000000000000000     

 !NewElementMapDefinition
         513        1025
         0.0000000000000000        0.0000000000000000        0.0000000000000000     
         0.0000000000000000        1.0000000000000000        0.0000000000000000     
         0.0000000000000000        0.0000000000000000        1.0000000000000000     
         0.0000000000000000        1.0000000000000000        1.0000000000000000     
         0.0000000000000000       0.50000000000000000        0.0000000000000000     
         0.0000000000000000        0.0000000000000000       0.50000000000000000     
         0.0000000000000000       0.50000000000000000       0.50000000000000000     
         0.0000000000000000        1.0000000000000000       0.50000000000000000     
         0.0000000000000000       0.50000000000000000        1.0000000000000000     

 !NewElementMapDefinition
         514        1027
         0.0000000000000000        0.0000000000000000        0.0000000000000000     
         0.0000000000000000        1.0000000000000000        0.0000000000000000     
         0.0000000000000000        0.0000000000000000        1.0000000000000000     
         0.0000000000000000        1.0000000000000000        1.0000000000000000     
         0.0000000000000000       0.50000000000000000        0.0000000000000000     
         0.0000000000000000        0.0000000000000000       0.50000000000000000     
         0.0000000000000000       0.50000000000000000       0.50000000000000000     
         0.0000000000000000        1.0000000000000000       0.50000000000000000     
         0.0000000000000000       0.50000000000000000        1.0000000000000000     

 !NewElementMapDefinition
         515        1029
         0.0000000000000000        0.0000000000000000        0.0000000000000000     
         0.0000000000000000        1.0000000000000000        0.0000000000000000     
         0.0000000000000000        0.0000000000000000        1.0000000000000000     
         0.0000000000000000        1.0000000000000000        1.0000000000000000     
         0.0000000000000000       0.50000000000000000        0.0000000000000000     
         0.0000000000000000        0.0000000000000000       0.50000000000000000     
         0.0000000000000000       0.50000000000000000       0.50000000000000000     
         0.0000000000000000        1.0000000000000000       0.50000000000000000     
         0.0000000000000000       0.50000000000000000        1.0000000000000000     

 !NewElementMapDefinition
         516        1031
         0.0000000000000000        0.0000000000000000        0.0000000000000000     
         0.0000000000000000        1.0000000000000000        0.0000000000000000     
         0.0000000000000000        0.0000000000000000        1.0000000000000000     
         0.0000000000000000        1.0000000000000000        1.0000000000000000     
         0.0000000000000000       0.50000000000000000        0.0000000000000000     
         0.0000000000000000        0.0000000000000000       0.50000000000000000     
         0.0000000000000000       0.50000000000000000       0.50000000000000000     
         0.0000000000000000        1.0000000000000000       0.50000000000000000     
         0.0000000000000000       0.50000000000000000        1.0000000000000000     

 !NewElementMapDefinition
         517        1033
         0.0000000000000000        0.0000000000000000        0.0000000000000000     
         0.0000000000000000        1.0000000000000000        0.0000000000000000     
         0.0000000000000000        0.0000000000000000        1.0000000000000000     
         0.0000000000000000        1.0000000000000000        1.0000000000000000     
         0.0000000000000000       0.50000000000000000        0.0000000000000000     
         0.0000000000000000        0.0000000000000000       0.50000000000000000     
         0.0000000000000000       0.50000000000000000       0.50000000000000000     
         0.0000000000000000        1.0000000000000000       0.50000000000000000     
         0.0000000000000000       0.50000000000000000        1.0000000000000000     

 !NewElementMapDefinition
         518        1035
         0.0000000000000000        0.0000000000000000        0.0000000000000000     
         0.0000000000000000        1.0000000000000000        0.0000000000000000     
         0.0000000000000000        0.0000000000000000        1.0000000000000000     
         0.0000000000000000        1.0000000000000000        1.0000000000000000     
         0.0000000000000000       0.50000000000000000        0.0000000000000000     
         0.0000000000000000        0.0000000000000000       0.50000000000000000     
         0.0000000000000000       0.50000000000000000       0.50000000000000000     
         0.0000000000000000        1.0000000000000000       0.50000000000000000     
         0.0000000000000000       0.50000000000000000        1.0000000000000000     

 !NewElementMapDefinition
         519        1037
         0.0000000000000000        0.0000000000000000        0.0000000000000000     
         0.0000000000000000        1.0000000000000000        0.0000000000000000     
         0.0000000000000000        0.0000000000000000        1.0000000000000000     
         0.0000000000000000        1.0000000000000000        1.0000000000000000     
         0.0000000000000000       0.50000000000000000        0.0000000000000000     
         0.0000000000000000        0.0000000000000000       0.50000000000000000     
         0.0000000000000000       0.50000000000000000       0.50000000000000000     
         0.0000000000000000        1.0000000000000000       0.50000000000000000     
         0.0000000000000000       0.50000000000000000        1.0000000000000000     

 !NewElementMapDefinition
         520        1039
         0.0000000000000000        0.0000000000000000        0.0000000000000000     
         0.0000000000000000        1.0000000000000000        0.0000000000000000     
         0.0000000000000000        0.0000000000000000        1.0000000000000000     
         0.0000000000000000        1.0000000000000000        1.0000000000000000     
         0.0000000000000000       0.50000000000000000        0.0000000000000000     
         0.0000000000000000        0.0000000000000000       0.50000000000000000     
         0.0000000000000000       0.50000000000000000       0.50000000000000000     
         0.0000000000000000        1.0000000000000000       0.50000000000000000     
         0.0000000000000000       0.50000000000000000        1.0000000000000000     

 !NewElementMapDefinition
         521        1041
         0.0000000000000000        0.0000000000000000        0.0000000000000000     
         0.0000000000000000        1.0000000000000000        0.0000000000000000     
         0.0000000000000000        0.0000000000000000        1.0000000000000000     
         0.0000000000000000        1.0000000000000000        1.0000000000000000     
         0.0000000000000000       0.50000000000000000        0.0000000000000000     
         0.0000000000000000        0.0000000000000000       0.50000000000000000     
         0.0000000000000000       0.50000000000000000       0.50000000000000000     
         0.0000000000000000        1.0000000000000000       0.50000000000000000     
         0.0000000000000000       0.50000000000000000        1.0000000000000000     

 !NewElementMapDefinition
         522        1043
         0.0000000000000000        0.0000000000000000        0.0000000000000000     
         0.0000000000000000        1.0000000000000000        0.0000000000000000     
         0.0000000000000000        0.0000000000000000        1.0000000000000000     
         0.0000000000000000        1.0000000000000000        1.0000000000000000     
         0.0000000000000000       0.50000000000000000        0.0000000000000000     
         0.0000000000000000        0.0000000000000000       0.50000000000000000     
         0.0000000000000000       0.50000000000000000       0.50000000000000000     
         0.0000000000000000        1.0000000000000000       0.50000000000000000     
         0.0000000000000000       0.50000000000000000        1.0000000000000000     

 !NewElementMapDefinition
         523        1045
         0.0000000000000000        0.0000000000000000        0.0000000000000000     
         0.0000000000000000        1.0000000000000000        0.0000000000000000     
         0.0000000000000000        0.0000000000000000        1.0000000000000000     
         0.0000000000000000        1.0000000000000000        1.0000000000000000     
         0.0000000000000000       0.50000000000000000        0.0000000000000000     
         0.0000000000000000        0.0000000000000000       0.50000000000000000     
         0.0000000000000000       0.50000000000000000       0.50000000000000000     
         0.0000000000000000        1.0000000000000000       0.50000000000000000     
         0.0000000000000000       0.50000000000000000        1.0000000000000000     

 !NewElementMapDefinition
         524        1047
         0.0000000000000000        0.0000000000000000        0.0000000000000000     
         0.0000000000000000        1.0000000000000000        0.0000000000000000     
         0.0000000000000000        0.0000000000000000        1.0000000000000000     
         0.0000000000000000        1.0000000000000000        1.0000000000000000     
         0.0000000000000000       0.50000000000000000        0.0000000000000000     
         0.0000000000000000        0.0000000000000000       0.50000000000000000     
         0.0000000000000000       0.50000000000000000       0.50000000000000000     
         0.0000000000000000        1.0000000000000000       0.50000000000000000     
         0.0000000000000000       0.50000000000000000        1.0000000000000000     

 !NewElementMapDefinition
         525        1049
         0.0000000000000000        0.0000000000000000        0.0000000000000000     
         0.0000000000000000        1.0000000000000000        0.0000000000000000     
         0.0000000000000000        0.0000000000000000        1.0000000000000000     
         0.0000000000000000        1.0000000000000000        1.0000000000000000     
         0.0000000000000000       0.50000000000000000        0.0000000000000000     
         0.0000000000000000        0.0000000000000000       0.50000000000000000     
         0.0000000000000000       0.50000000000000000       0.50000000000000000     
         0.0000000000000000        1.0000000000000000       0.50000000000000000     
         0.0000000000000000       0.50000000000000000        1.0000000000000000     

 !NewElementMapDefinition
         526        1051
         0.0000000000000000        0.0000000000000000        0.0000000000000000     
         0.0000000000000000        1.0000000000000000        0.0000000000000000     
         0.0000000000000000        0.0000000000000000        1.0000000000000000     
         0.0000000000000000        1.0000000000000000        1.0000000000000000     
         0.0000000000000000       0.50000000000000000        0.0000000000000000     
         0.0000000000000000        0.0000000000000000       0.50000000000000000     
         0.0000000000000000       0.50000000000000000       0.50000000000000000     
         0.0000000000000000        1.0000000000000000       0.50000000000000000     
         0.0000000000000000       0.50000000000000000        1.0000000000000000     

 !NewElementMapDefinition
         527        1053
         0.0000000000000000        0.0000000000000000        0.0000000000000000     
         0.0000000000000000        1.0000000000000000        0.0000000000000000     
         0.0000000000000000        0.0000000000000000        1.0000000000000000     
         0.0000000000000000        1.0000000000000000        1.0000000000000000     
         0.0000000000000000       0.50000000000000000        0.0000000000000000     
         0.0000000000000000        0.0000000000000000       0.50000000000000000     
         0.0000000000000000       0.50000000000000000       0.50000000000000000     
         0.0000000000000000        1.0000000000000000       0.50000000000000000     
         0.0000000000000000       0.50000000000000000        1.0000000000000000     

 !NewElementMapDefinition
         528        1055
         0.0000000000000000        0.0000000000000000        0.0000000000000000     
         0.0000000000000000        1.0000000000000000        0.0000000000000000     
         0.0000000000000000        0.0000000000000000        1.0000000000000000     
         0.0000000000000000        1.0000000000000000        1.0000000000000000     
         0.0000000000000000       0.50000000000000000        0.0000000000000000     
         0.0000000000000000        0.0000000000000000       0.50000000000000000     
         0.0000000000000000       0.50000000000000000       0.50000000000000000     
         0.0000000000000000        1.0000000000000000       0.50000000000000000     
         0.0000000000000000       0.50000000000000000        1.0000000000000000     

 !NewElementMapDefinition
         529        1057
         0.0000000000000000        0.0000000000000000        0.0000000000000000     
         0.0000000000000000        1.0000000000000000        0.0000000000000000     
         0.0000000000000000        0.0000000000000000        1.0000000000000000     
         0.0000000000000000        1.0000000000000000        1.0000000000000000     
         0.0000000000000000       0.50000000000000000        0.0000000000000000     
         0.0000000000000000        0.0000000000000000       0.50000000000000000     
         0.0000000000000000       0.50000000000000000       0.50000000000000000     
         0.0000000000000000        1.0000000000000000       0.50000000000000000     
         0.0000000000000000       0.50000000000000000        1.0000000000000000     

 !NewElementMapDefinition
         530        1059
         0.0000000000000000        0.0000000000000000        0.0000000000000000     
         0.0000000000000000        1.0000000000000000        0.0000000000000000     
         0.0000000000000000        0.0000000000000000        1.0000000000000000     
         0.0000000000000000        1.0000000000000000        1.0000000000000000     
         0.0000000000000000       0.50000000000000000        0.0000000000000000     
         0.0000000000000000        0.0000000000000000       0.50000000000000000     
         0.0000000000000000       0.50000000000000000       0.50000000000000000     
         0.0000000000000000        1.0000000000000000       0.50000000000000000     
         0.0000000000000000       0.50000000000000000        1.0000000000000000     

 !NewElementMapDefinition
         531        1061
         0.0000000000000000        0.0000000000000000        0.0000000000000000     
         0.0000000000000000        1.0000000000000000        0.0000000000000000     
         0.0000000000000000        0.0000000000000000        1.0000000000000000     
         0.0000000000000000        1.0000000000000000        1.0000000000000000     
         0.0000000000000000       0.50000000000000000        0.0000000000000000     
         0.0000000000000000        0.0000000000000000       0.50000000000000000     
         0.0000000000000000       0.50000000000000000       0.50000000000000000     
         0.0000000000000000        1.0000000000000000       0.50000000000000000     
         0.0000000000000000       0.50000000000000000        1.0000000000000000     

 !NewElementMapDefinition
         532        1063
         0.0000000000000000        0.0000000000000000        0.0000000000000000     
         0.0000000000000000        1.0000000000000000        0.0000000000000000     
         0.0000000000000000        0.0000000000000000        1.0000000000000000     
         0.0000000000000000        1.0000000000000000        1.0000000000000000     
         0.0000000000000000       0.50000000000000000        0.0000000000000000     
         0.0000000000000000        0.0000000000000000       0.50000000000000000     
         0.0000000000000000       0.50000000000000000       0.50000000000000000     
         0.0000000000000000        1.0000000000000000       0.50000000000000000     
         0.0000000000000000       0.50000000000000000        1.0000000000000000     

 !NewElementMapDefinition
         533        1065
         0.0000000000000000        0.0000000000000000        0.0000000000000000     
         0.0000000000000000        1.0000000000000000        0.0000000000000000     
         0.0000000000000000        0.0000000000000000        1.0000000000000000     
         0.0000000000000000        1.0000000000000000        1.0000000000000000     
         0.0000000000000000       0.50000000000000000        0.0000000000000000     
         0.0000000000000000        0.0000000000000000       0.50000000000000000     
         0.0000000000000000       0.50000000000000000       0.50000000000000000     
         0.0000000000000000        1.0000000000000000       0.50000000000000000     
         0.0000000000000000       0.50000000000000000        1.0000000000000000     

 !NewElementMapDefinition
         534        1067
         0.0000000000000000        0.0000000000000000        0.0000000000000000     
         0.0000000000000000        1.0000000000000000        0.0000000000000000     
         0.0000000000000000        0.0000000000000000        1.0000000000000000     
         0.0000000000000000        1.0000000000000000        1.0000000000000000     
         0.0000000000000000       0.50000000000000000        0.0000000000000000     
         0.0000000000000000        0.0000000000000000       0.50000000000000000     
         0.0000000000000000       0.50000000000000000       0.50000000000000000     
         0.0000000000000000        1.0000000000000000       0.50000000000000000     
         0.0000000000000000       0.50000000000000000        1.0000000000000000     

 !NewElementMapDefinition
         535        1069
         0.0000000000000000        0.0000000000000000        0.0000000000000000     
         0.0000000000000000        1.0000000000000000        0.0000000000000000     
         0.0000000000000000        0.0000000000000000        1.0000000000000000     
         0.0000000000000000        1.0000000000000000        1.0000000000000000     
         0.0000000000000000       0.50000000000000000        0.0000000000000000     
         0.0000000000000000        0.0000000000000000       0.50000000000000000     
         0.0000000000000000       0.50000000000000000       0.50000000000000000     
         0.0000000000000000        1.0000000000000000       0.50000000000000000     
         0.0000000000000000       0.50000000000000000        1.0000000000000000     

 !NewElementMapDefinition
         536        1071
         0.0000000000000000        0.0000000000000000        0.0000000000000000     
         0.0000000000000000        1.0000000000000000        0.0000000000000000     
         0.0000000000000000        0.0000000000000000        1.0000000000000000     
         0.0000000000000000        1.0000000000000000        1.0000000000000000     
         0.0000000000000000       0.50000000000000000        0.0000000000000000     
         0.0000000000000000        0.0000000000000000       0.50000000000000000     
         0.0000000000000000       0.50000000000000000       0.50000000000000000     
         0.0000000000000000        1.0000000000000000       0.50000000000000000     
         0.0000000000000000       0.50000000000000000        1.0000000000000000     

 !NewElementMapDefinition
         537        1073
         0.0000000000000000        0.0000000000000000        0.0000000000000000     
         0.0000000000000000        1.0000000000000000        0.0000000000000000     
         0.0000000000000000        0.0000000000000000        1.0000000000000000     
         0.0000000000000000        1.0000000000000000        1.0000000000000000     
         0.0000000000000000       0.50000000000000000        0.0000000000000000     
         0.0000000000000000        0.0000000000000000       0.50000000000000000     
         0.0000000000000000       0.50000000000000000       0.50000000000000000     
         0.0000000000000000        1.0000000000000000       0.50000000000000000     
         0.0000000000000000       0.50000000000000000        1.0000000000000000     

 !NewElementMapDefinition
         538        1075
         0.0000000000000000        0.0000000000000000        0.0000000000000000     
         0.0000000000000000        1.0000000000000000        0.0000000000000000     
         0.0000000000000000        0.0000000000000000        1.0000000000000000     
         0.0000000000000000        1.0000000000000000        1.0000000000000000     
         0.0000000000000000       0.50000000000000000        0.0000000000000000     
         0.0000000000000000        0.0000000000000000       0.50000000000000000     
         0.0000000000000000       0.50000000000000000       0.50000000000000000     
         0.0000000000000000        1.0000000000000000       0.50000000000000000     
         0.0000000000000000       0.50000000000000000        1.0000000000000000     

 !NewElementMapDefinition
         539        1077
         0.0000000000000000        0.0000000000000000        0.0000000000000000     
         0.0000000000000000        1.0000000000000000        0.0000000000000000     
         0.0000000000000000        0.0000000000000000        1.0000000000000000     
         0.0000000000000000        1.0000000000000000        1.0000000000000000     
         0.0000000000000000       0.50000000000000000        0.0000000000000000     
         0.0000000000000000        0.0000000000000000       0.50000000000000000     
         0.0000000000000000       0.50000000000000000       0.50000000000000000     
         0.0000000000000000        1.0000000000000000       0.50000000000000000     
         0.0000000000000000       0.50000000000000000        1.0000000000000000     

 !NewElementMapDefinition
         540        1079
         0.0000000000000000        0.0000000000000000        0.0000000000000000     
         0.0000000000000000        1.0000000000000000        0.0000000000000000     
         0.0000000000000000        0.0000000000000000        1.0000000000000000     
         0.0000000000000000        1.0000000000000000        1.0000000000000000     
         0.0000000000000000       0.50000000000000000        0.0000000000000000     
         0.0000000000000000        0.0000000000000000       0.50000000000000000     
         0.0000000000000000       0.50000000000000000       0.50000000000000000     
         0.0000000000000000        1.0000000000000000       0.50000000000000000     
         0.0000000000000000       0.50000000000000000        1.0000000000000000     

 !NewElementMapDefinition
         541        1081
         0.0000000000000000        0.0000000000000000        0.0000000000000000     
         0.0000000000000000        1.0000000000000000        0.0000000000000000     
         0.0000000000000000        0.0000000000000000        1.0000000000000000     
         0.0000000000000000        1.0000000000000000        1.0000000000000000     
         0.0000000000000000       0.50000000000000000        0.0000000000000000     
         0.0000000000000000        0.0000000000000000       0.50000000000000000     
         0.0000000000000000       0.50000000000000000       0.50000000000000000     
         0.0000000000000000        1.0000000000000000       0.50000000000000000     
         0.0000000000000000       0.50000000000000000        1.0000000000000000     

 !NewElementMapDefinition
         542        1083
         0.0000000000000000        0.0000000000000000        0.0000000000000000     
         0.0000000000000000        1.0000000000000000        0.0000000000000000     
         0.0000000000000000        0.0000000000000000        1.0000000000000000     
         0.0000000000000000        1.0000000000000000        1.0000000000000000     
         0.0000000000000000       0.50000000000000000        0.0000000000000000     
         0.0000000000000000        0.0000000000000000       0.50000000000000000     
         0.0000000000000000       0.50000000000000000       0.50000000000000000     
         0.0000000000000000        1.0000000000000000       0.50000000000000000     
         0.0000000000000000       0.50000000000000000        1.0000000000000000     

 !NewElementMapDefinition
         543        1085
         0.0000000000000000        0.0000000000000000        0.0000000000000000     
         0.0000000000000000        1.0000000000000000        0.0000000000000000     
         0.0000000000000000        0.0000000000000000        1.0000000000000000     
         0.0000000000000000        1.0000000000000000        1.0000000000000000     
         0.0000000000000000       0.50000000000000000        0.0000000000000000     
         0.0000000000000000        0.0000000000000000       0.50000000000000000     
         0.0000000000000000       0.50000000000000000       0.50000000000000000     
         0.0000000000000000        1.0000000000000000       0.50000000000000000     
         0.0000000000000000       0.50000000000000000        1.0000000000000000     

 !NewElementMapDefinition
         544        1087
         0.0000000000000000        0.0000000000000000        0.0000000000000000     
         0.0000000000000000        1.0000000000000000        0.0000000000000000     
         0.0000000000000000        0.0000000000000000        1.0000000000000000     
         0.0000000000000000        1.0000000000000000        1.0000000000000000     
         0.0000000000000000       0.50000000000000000        0.0000000000000000     
         0.0000000000000000        0.0000000000000000       0.50000000000000000     
         0.0000000000000000       0.50000000000000000       0.50000000000000000     
         0.0000000000000000        1.0000000000000000       0.50000000000000000     
         0.0000000000000000       0.50000000000000000        1.0000000000000000     

 !NewElementMapDefinition
         545        1089
         0.0000000000000000        0.0000000000000000        0.0000000000000000     
         0.0000000000000000        1.0000000000000000        0.0000000000000000     
         0.0000000000000000        0.0000000000000000        1.0000000000000000     
         0.0000000000000000        1.0000000000000000        1.0000000000000000     
         0.0000000000000000       0.50000000000000000        0.0000000000000000     
         0.0000000000000000        0.0000000000000000       0.50000000000000000     
         0.0000000000000000       0.50000000000000000       0.50000000000000000     
         0.0000000000000000        1.0000000000000000       0.50000000000000000     
         0.0000000000000000       0.50000000000000000        1.0000000000000000     

 !NewElementMapDefinition
         546        1091
         0.0000000000000000        0.0000000000000000        0.0000000000000000     
         0.0000000000000000        1.0000000000000000        0.0000000000000000     
         0.0000000000000000        0.0000000000000000        1.0000000000000000     
         0.0000000000000000        1.0000000000000000        1.0000000000000000     
         0.0000000000000000       0.50000000000000000        0.0000000000000000     
         0.0000000000000000        0.0000000000000000       0.50000000000000000     
         0.0000000000000000       0.50000000000000000       0.50000000000000000     
         0.0000000000000000        1.0000000000000000       0.50000000000000000     
         0.0000000000000000       0.50000000000000000        1.0000000000000000     

 !NewElementMapDefinition
         547        1093
         0.0000000000000000        0.0000000000000000        0.0000000000000000     
         0.0000000000000000        1.0000000000000000        0.0000000000000000     
         0.0000000000000000        0.0000000000000000        1.0000000000000000     
         0.0000000000000000        1.0000000000000000        1.0000000000000000     
         0.0000000000000000       0.50000000000000000        0.0000000000000000     
         0.0000000000000000        0.0000000000000000       0.50000000000000000     
         0.0000000000000000       0.50000000000000000       0.50000000000000000     
         0.0000000000000000        1.0000000000000000       0.50000000000000000     
         0.0000000000000000       0.50000000000000000        1.0000000000000000     

 !NewElementMapDefinition
         548        1095
         0.0000000000000000        0.0000000000000000        0.0000000000000000     
         0.0000000000000000        1.0000000000000000        0.0000000000000000     
         0.0000000000000000        0.0000000000000000        1.0000000000000000     
         0.0000000000000000        1.0000000000000000        1.0000000000000000     
         0.0000000000000000       0.50000000000000000        0.0000000000000000     
         0.0000000000000000        0.0000000000000000       0.50000000000000000     
         0.0000000000000000       0.50000000000000000       0.50000000000000000     
         0.0000000000000000        1.0000000000000000       0.50000000000000000     
         0.0000000000000000       0.50000000000000000        1.0000000000000000     

 !NewElementMapDefinition
         549        1097
         0.0000000000000000        0.0000000000000000        0.0000000000000000     
         0.0000000000000000        1.0000000000000000        0.0000000000000000     
         0.0000000000000000        0.0000000000000000        1.0000000000000000     
         0.0000000000000000        1.0000000000000000        1.0000000000000000     
         0.0000000000000000       0.50000000000000000        0.0000000000000000     
         0.0000000000000000        0.0000000000000000       0.50000000000000000     
         0.0000000000000000       0.50000000000000000       0.50000000000000000     
         0.0000000000000000        1.0000000000000000       0.50000000000000000     
         0.0000000000000000       0.50000000000000000        1.0000000000000000     

 !NewElementMapDefinition
         550        1099
         0.0000000000000000        0.0000000000000000        0.0000000000000000     
         0.0000000000000000        1.0000000000000000        0.0000000000000000     
         0.0000000000000000        0.0000000000000000        1.0000000000000000     
         0.0000000000000000        1.0000000000000000        1.0000000000000000     
         0.0000000000000000       0.50000000000000000        0.0000000000000000     
         0.0000000000000000        0.0000000000000000       0.50000000000000000     
         0.0000000000000000       0.50000000000000000       0.50000000000000000     
         0.0000000000000000        1.0000000000000000       0.50000000000000000     
         0.0000000000000000       0.50000000000000000        1.0000000000000000     

 !NewElementMapDefinition
         551        1101
         0.0000000000000000        0.0000000000000000        0.0000000000000000     
         0.0000000000000000        1.0000000000000000        0.0000000000000000     
         0.0000000000000000        0.0000000000000000        1.0000000000000000     
         0.0000000000000000        1.0000000000000000        1.0000000000000000     
         0.0000000000000000       0.50000000000000000        0.0000000000000000     
         0.0000000000000000        0.0000000000000000       0.50000000000000000     
         0.0000000000000000       0.50000000000000000       0.50000000000000000     
         0.0000000000000000        1.0000000000000000       0.50000000000000000     
         0.0000000000000000       0.50000000000000000        1.0000000000000000     

 !NewElementMapDefinition
         552        1103
         0.0000000000000000        0.0000000000000000        0.0000000000000000     
         0.0000000000000000        1.0000000000000000        0.0000000000000000     
         0.0000000000000000        0.0000000000000000        1.0000000000000000     
         0.0000000000000000        1.0000000000000000        1.0000000000000000     
         0.0000000000000000       0.50000000000000000        0.0000000000000000     
         0.0000000000000000        0.0000000000000000       0.50000000000000000     
         0.0000000000000000       0.50000000000000000       0.50000000000000000     
         0.0000000000000000        1.0000000000000000       0.50000000000000000     
         0.0000000000000000       0.50000000000000000        1.0000000000000000     

 !NewElementMapDefinition
         553        1105
         0.0000000000000000        0.0000000000000000        0.0000000000000000     
         0.0000000000000000        1.0000000000000000        0.0000000000000000     
         0.0000000000000000        0.0000000000000000        1.0000000000000000     
         0.0000000000000000        1.0000000000000000        1.0000000000000000     
         0.0000000000000000       0.50000000000000000        0.0000000000000000     
         0.0000000000000000        0.0000000000000000       0.50000000000000000     
         0.0000000000000000       0.50000000000000000       0.50000000000000000     
         0.0000000000000000        1.0000000000000000       0.50000000000000000     
         0.0000000000000000       0.50000000000000000        1.0000000000000000     

 !NewElementMapDefinition
         554        1107
         0.0000000000000000        0.0000000000000000        0.0000000000000000     
         0.0000000000000000        1.0000000000000000        0.0000000000000000     
         0.0000000000000000        0.0000000000000000        1.0000000000000000     
         0.0000000000000000        1.0000000000000000        1.0000000000000000     
         0.0000000000000000       0.50000000000000000        0.0000000000000000     
         0.0000000000000000        0.0000000000000000       0.50000000000000000     
         0.0000000000000000       0.50000000000000000       0.50000000000000000     
         0.0000000000000000        1.0000000000000000       0.50000000000000000     
         0.0000000000000000       0.50000000000000000        1.0000000000000000     

 !NewElementMapDefinition
         555        1109
         0.0000000000000000        0.0000000000000000        0.0000000000000000     
         0.0000000000000000        1.0000000000000000        0.0000000000000000     
         0.0000000000000000        0.0000000000000000        1.0000000000000000     
         0.0000000000000000        1.0000000000000000        1.0000000000000000     
         0.0000000000000000       0.50000000000000000        0.0000000000000000     
         0.0000000000000000        0.0000000000000000       0.50000000000000000     
         0.0000000000000000       0.50000000000000000       0.50000000000000000     
         0.0000000000000000        1.0000000000000000       0.50000000000000000     
         0.0000000000000000       0.50000000000000000        1.0000000000000000     

 !NewElementMapDefinition
         556        1111
         0.0000000000000000        0.0000000000000000        0.0000000000000000     
         0.0000000000000000        1.0000000000000000        0.0000000000000000     
         0.0000000000000000        0.0000000000000000        1.0000000000000000     
         0.0000000000000000        1.0000000000000000        1.0000000000000000     
         0.0000000000000000       0.50000000000000000        0.0000000000000000     
         0.0000000000000000        0.0000000000000000       0.50000000000000000     
         0.0000000000000000       0.50000000000000000       0.50000000000000000     
         0.0000000000000000        1.0000000000000000       0.50000000000000000     
         0.0000000000000000       0.50000000000000000        1.0000000000000000     

 !NewElementMapDefinition
         557        1113
         0.0000000000000000        0.0000000000000000        0.0000000000000000     
         0.0000000000000000        1.0000000000000000        0.0000000000000000     
         0.0000000000000000        0.0000000000000000        1.0000000000000000     
         0.0000000000000000        1.0000000000000000        1.0000000000000000     
         0.0000000000000000       0.50000000000000000        0.0000000000000000     
         0.0000000000000000        0.0000000000000000       0.50000000000000000     
         0.0000000000000000       0.50000000000000000       0.50000000000000000     
         0.0000000000000000        1.0000000000000000       0.50000000000000000     
         0.0000000000000000       0.50000000000000000        1.0000000000000000     

 !NewElementMapDefinition
         558        1115
         0.0000000000000000        0.0000000000000000        0.0000000000000000     
         0.0000000000000000        1.0000000000000000        0.0000000000000000     
         0.0000000000000000        0.0000000000000000        1.0000000000000000     
         0.0000000000000000        1.0000000000000000        1.0000000000000000     
         0.0000000000000000       0.50000000000000000        0.0000000000000000     
         0.0000000000000000        0.0000000000000000       0.50000000000000000     
         0.0000000000000000       0.50000000000000000       0.50000000000000000     
         0.0000000000000000        1.0000000000000000       0.50000000000000000     
         0.0000000000000000       0.50000000000000000        1.0000000000000000     

 !NewElementMapDefinition
         559        1117
         0.0000000000000000        0.0000000000000000        0.0000000000000000     
         0.0000000000000000        1.0000000000000000        0.0000000000000000     
         0.0000000000000000        0.0000000000000000        1.0000000000000000     
         0.0000000000000000        1.0000000000000000        1.0000000000000000     
         0.0000000000000000       0.50000000000000000        0.0000000000000000     
         0.0000000000000000        0.0000000000000000       0.50000000000000000     
         0.0000000000000000       0.50000000000000000       0.50000000000000000     
         0.0000000000000000        1.0000000000000000       0.50000000000000000     
         0.0000000000000000       0.50000000000000000        1.0000000000000000     

 !NewElementMapDefinition
         560        1119
         0.0000000000000000        0.0000000000000000        0.0000000000000000     
         0.0000000000000000        1.0000000000000000        0.0000000000000000     
         0.0000000000000000        0.0000000000000000        1.0000000000000000     
         0.0000000000000000        1.0000000000000000        1.0000000000000000     
         0.0000000000000000       0.50000000000000000        0.0000000000000000     
         0.0000000000000000        0.0000000000000000       0.50000000000000000     
         0.0000000000000000       0.50000000000000000       0.50000000000000000     
         0.0000000000000000        1.0000000000000000       0.50000000000000000     
         0.0000000000000000       0.50000000000000000        1.0000000000000000     

 !NewElementMapDefinition
         561        1121
         0.0000000000000000        0.0000000000000000        0.0000000000000000     
         0.0000000000000000        1.0000000000000000        0.0000000000000000     
         0.0000000000000000        0.0000000000000000        1.0000000000000000     
         0.0000000000000000        1.0000000000000000        1.0000000000000000     
         0.0000000000000000       0.50000000000000000        0.0000000000000000     
         0.0000000000000000        0.0000000000000000       0.50000000000000000     
         0.0000000000000000       0.50000000000000000       0.50000000000000000     
         0.0000000000000000        1.0000000000000000       0.50000000000000000     
         0.0000000000000000       0.50000000000000000        1.0000000000000000     

 !NewElementMapDefinition
         562        1123
         0.0000000000000000        0.0000000000000000        0.0000000000000000     
         0.0000000000000000        1.0000000000000000        0.0000000000000000     
         0.0000000000000000        0.0000000000000000        1.0000000000000000     
         0.0000000000000000        1.0000000000000000        1.0000000000000000     
         0.0000000000000000       0.50000000000000000        0.0000000000000000     
         0.0000000000000000        0.0000000000000000       0.50000000000000000     
         0.0000000000000000       0.50000000000000000       0.50000000000000000     
         0.0000000000000000        1.0000000000000000       0.50000000000000000     
         0.0000000000000000       0.50000000000000000        1.0000000000000000     

 !NewElementMapDefinition
         563        1125
         0.0000000000000000        0.0000000000000000        0.0000000000000000     
         0.0000000000000000        1.0000000000000000        0.0000000000000000     
         0.0000000000000000        0.0000000000000000        1.0000000000000000     
         0.0000000000000000        1.0000000000000000        1.0000000000000000     
         0.0000000000000000       0.50000000000000000        0.0000000000000000     
         0.0000000000000000        0.0000000000000000       0.50000000000000000     
         0.0000000000000000       0.50000000000000000       0.50000000000000000     
         0.0000000000000000        1.0000000000000000       0.50000000000000000     
         0.0000000000000000       0.50000000000000000        1.0000000000000000     

 !NewElementMapDefinition
         564        1127
         0.0000000000000000        0.0000000000000000        0.0000000000000000     
         0.0000000000000000        1.0000000000000000        0.0000000000000000     
         0.0000000000000000        0.0000000000000000        1.0000000000000000     
         0.0000000000000000        1.0000000000000000        1.0000000000000000     
         0.0000000000000000       0.50000000000000000        0.0000000000000000     
         0.0000000000000000        0.0000000000000000       0.50000000000000000     
         0.0000000000000000       0.50000000000000000       0.50000000000000000     
         0.0000000000000000        1.0000000000000000       0.50000000000000000     
         0.0000000000000000       0.50000000000000000        1.0000000000000000     

 !NewElementMapDefinition
         565        1129
         0.0000000000000000        0.0000000000000000        0.0000000000000000     
         0.0000000000000000        1.0000000000000000        0.0000000000000000     
         0.0000000000000000        0.0000000000000000        1.0000000000000000     
         0.0000000000000000        1.0000000000000000        1.0000000000000000     
         0.0000000000000000       0.50000000000000000        0.0000000000000000     
         0.0000000000000000        0.0000000000000000       0.50000000000000000     
         0.0000000000000000       0.50000000000000000       0.50000000000000000     
         0.0000000000000000        1.0000000000000000       0.50000000000000000     
         0.0000000000000000       0.50000000000000000        1.0000000000000000     

 !NewElementMapDefinition
         566        1131
         0.0000000000000000        0.0000000000000000        0.0000000000000000     
         0.0000000000000000        1.0000000000000000        0.0000000000000000     
         0.0000000000000000        0.0000000000000000        1.0000000000000000     
         0.0000000000000000        1.0000000000000000        1.0000000000000000     
         0.0000000000000000       0.50000000000000000        0.0000000000000000     
         0.0000000000000000        0.0000000000000000       0.50000000000000000     
         0.0000000000000000       0.50000000000000000       0.50000000000000000     
         0.0000000000000000        1.0000000000000000       0.50000000000000000     
         0.0000000000000000       0.50000000000000000        1.0000000000000000     

 !NewElementMapDefinition
         567        1133
         0.0000000000000000        0.0000000000000000        0.0000000000000000     
         0.0000000000000000        1.0000000000000000        0.0000000000000000     
         0.0000000000000000        0.0000000000000000        1.0000000000000000     
         0.0000000000000000        1.0000000000000000        1.0000000000000000     
         0.0000000000000000       0.50000000000000000        0.0000000000000000     
         0.0000000000000000        0.0000000000000000       0.50000000000000000     
         0.0000000000000000       0.50000000000000000       0.50000000000000000     
         0.0000000000000000        1.0000000000000000       0.50000000000000000     
         0.0000000000000000       0.50000000000000000        1.0000000000000000     

 !NewElementMapDefinition
         568        1135
         0.0000000000000000        0.0000000000000000        0.0000000000000000     
         0.0000000000000000        1.0000000000000000        0.0000000000000000     
         0.0000000000000000        0.0000000000000000        1.0000000000000000     
         0.0000000000000000        1.0000000000000000        1.0000000000000000     
         0.0000000000000000       0.50000000000000000        0.0000000000000000     
         0.0000000000000000        0.0000000000000000       0.50000000000000000     
         0.0000000000000000       0.50000000000000000       0.50000000000000000     
         0.0000000000000000        1.0000000000000000       0.50000000000000000     
         0.0000000000000000       0.50000000000000000        1.0000000000000000     

 !NewElementMapDefinition
         569        1137
         0.0000000000000000        0.0000000000000000        0.0000000000000000     
         0.0000000000000000        1.0000000000000000        0.0000000000000000     
         0.0000000000000000        0.0000000000000000        1.0000000000000000     
         0.0000000000000000        1.0000000000000000        1.0000000000000000     
         0.0000000000000000       0.50000000000000000        0.0000000000000000     
         0.0000000000000000        0.0000000000000000       0.50000000000000000     
         0.0000000000000000       0.50000000000000000       0.50000000000000000     
         0.0000000000000000        1.0000000000000000       0.50000000000000000     
         0.0000000000000000       0.50000000000000000        1.0000000000000000     

 !NewElementMapDefinition
         570        1139
         0.0000000000000000        0.0000000000000000        0.0000000000000000     
         0.0000000000000000        1.0000000000000000        0.0000000000000000     
         0.0000000000000000        0.0000000000000000        1.0000000000000000     
         0.0000000000000000        1.0000000000000000        1.0000000000000000     
         0.0000000000000000       0.50000000000000000        0.0000000000000000     
         0.0000000000000000        0.0000000000000000       0.50000000000000000     
         0.0000000000000000       0.50000000000000000       0.50000000000000000     
         0.0000000000000000        1.0000000000000000       0.50000000000000000     
         0.0000000000000000       0.50000000000000000        1.0000000000000000     

 !NewElementMapDefinition
         571        1141
         0.0000000000000000        0.0000000000000000        0.0000000000000000     
         0.0000000000000000        1.0000000000000000        0.0000000000000000     
         0.0000000000000000        0.0000000000000000        1.0000000000000000     
         0.0000000000000000        1.0000000000000000        1.0000000000000000     
         0.0000000000000000       0.50000000000000000        0.0000000000000000     
         0.0000000000000000        0.0000000000000000       0.50000000000000000     
         0.0000000000000000       0.50000000000000000       0.50000000000000000     
         0.0000000000000000        1.0000000000000000       0.50000000000000000     
         0.0000000000000000       0.50000000000000000        1.0000000000000000     

 !NewElementMapDefinition
         572        1143
         0.0000000000000000        0.0000000000000000        0.0000000000000000     
         0.0000000000000000        1.0000000000000000        0.0000000000000000     
         0.0000000000000000        0.0000000000000000        1.0000000000000000     
         0.0000000000000000        1.0000000000000000        1.0000000000000000     
         0.0000000000000000       0.50000000000000000        0.0000000000000000     
         0.0000000000000000        0.0000000000000000       0.50000000000000000     
         0.0000000000000000       0.50000000000000000       0.50000000000000000     
         0.0000000000000000        1.0000000000000000       0.50000000000000000     
         0.0000000000000000       0.50000000000000000        1.0000000000000000     

 !NewElementMapDefinition
         573        1145
         0.0000000000000000        0.0000000000000000        0.0000000000000000     
         0.0000000000000000        1.0000000000000000        0.0000000000000000     
         0.0000000000000000        0.0000000000000000        1.0000000000000000     
         0.0000000000000000        1.0000000000000000        1.0000000000000000     
         0.0000000000000000       0.50000000000000000        0.0000000000000000     
         0.0000000000000000        0.0000000000000000       0.50000000000000000     
         0.0000000000000000       0.50000000000000000       0.50000000000000000     
         0.0000000000000000        1.0000000000000000       0.50000000000000000     
         0.0000000000000000       0.50000000000000000        1.0000000000000000     

 !NewElementMapDefinition
         574        1147
         0.0000000000000000        0.0000000000000000        0.0000000000000000     
         0.0000000000000000        1.0000000000000000        0.0000000000000000     
         0.0000000000000000        0.0000000000000000        1.0000000000000000     
         0.0000000000000000        1.0000000000000000        1.0000000000000000     
         0.0000000000000000       0.50000000000000000        0.0000000000000000     
         0.0000000000000000        0.0000000000000000       0.50000000000000000     
         0.0000000000000000       0.50000000000000000       0.50000000000000000     
         0.0000000000000000        1.0000000000000000       0.50000000000000000     
         0.0000000000000000       0.50000000000000000        1.0000000000000000     

 !NewElementMapDefinition
         575        1149
         0.0000000000000000        0.0000000000000000        0.0000000000000000     
         0.0000000000000000        1.0000000000000000        0.0000000000000000     
         0.0000000000000000        0.0000000000000000        1.0000000000000000     
         0.0000000000000000        1.0000000000000000        1.0000000000000000     
         0.0000000000000000       0.50000000000000000        0.0000000000000000     
         0.0000000000000000        0.0000000000000000       0.50000000000000000     
         0.0000000000000000       0.50000000000000000       0.50000000000000000     
         0.0000000000000000        1.0000000000000000       0.50000000000000000     
         0.0000000000000000       0.50000000000000000        1.0000000000000000     

 !NewElementMapDefinition
         576        1151
         0.0000000000000000        0.0000000000000000        0.0000000000000000     
         0.0000000000000000        1.0000000000000000        0.0000000000000000     
         0.0000000000000000        0.0000000000000000        1.0000000000000000     
         0.0000000000000000        1.0000000000000000        1.0000000000000000     
         0.0000000000000000       0.50000000000000000        0.0000000000000000     
         0.0000000000000000        0.0000000000000000       0.50000000000000000     
         0.0000000000000000       0.50000000000000000       0.50000000000000000     
         0.0000000000000000        1.0000000000000000       0.50000000000000000     
         0.0000000000000000       0.50000000000000000        1.0000000000000000     

 !NewElementMapDefinition
         577        1153
         0.0000000000000000        0.0000000000000000        0.0000000000000000     
         0.0000000000000000        1.0000000000000000        0.0000000000000000     
         0.0000000000000000        0.0000000000000000        1.0000000000000000     
         0.0000000000000000        1.0000000000000000        1.0000000000000000     
         0.0000000000000000       0.50000000000000000        0.0000000000000000     
         0.0000000000000000        0.0000000000000000       0.50000000000000000     
         0.0000000000000000       0.50000000000000000       0.50000000000000000     
         0.0000000000000000        1.0000000000000000       0.50000000000000000     
         0.0000000000000000       0.50000000000000000        1.0000000000000000     

 !NewElementMapDefinition
         578        1155
         0.0000000000000000        0.0000000000000000        0.0000000000000000     
         0.0000000000000000        1.0000000000000000        0.0000000000000000     
         0.0000000000000000        0.0000000000000000        1.0000000000000000     
         0.0000000000000000        1.0000000000000000        1.0000000000000000     
         0.0000000000000000       0.50000000000000000        0.0000000000000000     
         0.0000000000000000        0.0000000000000000       0.50000000000000000     
         0.0000000000000000       0.50000000000000000       0.50000000000000000     
         0.0000000000000000        1.0000000000000000       0.50000000000000000     
         0.0000000000000000       0.50000000000000000        1.0000000000000000     

 !NewElementMapDefinition
         579        1157
         0.0000000000000000        0.0000000000000000        0.0000000000000000     
         0.0000000000000000        1.0000000000000000        0.0000000000000000     
         0.0000000000000000        0.0000000000000000        1.0000000000000000     
         0.0000000000000000        1.0000000000000000        1.0000000000000000     
         0.0000000000000000       0.50000000000000000        0.0000000000000000     
         0.0000000000000000        0.0000000000000000       0.50000000000000000     
         0.0000000000000000       0.50000000000000000       0.50000000000000000     
         0.0000000000000000        1.0000000000000000       0.50000000000000000     
         0.0000000000000000       0.50000000000000000        1.0000000000000000     

 !NewElementMapDefinition
         580        1159
         0.0000000000000000        0.0000000000000000        0.0000000000000000     
         0.0000000000000000        1.0000000000000000        0.0000000000000000     
         0.0000000000000000        0.0000000000000000        1.0000000000000000     
         0.0000000000000000        1.0000000000000000        1.0000000000000000     
         0.0000000000000000       0.50000000000000000        0.0000000000000000     
         0.0000000000000000        0.0000000000000000       0.50000000000000000     
         0.0000000000000000       0.50000000000000000       0.50000000000000000     
         0.0000000000000000        1.0000000000000000       0.50000000000000000     
         0.0000000000000000       0.50000000000000000        1.0000000000000000     

 !NewElementMapDefinition
         581        1161
         0.0000000000000000        0.0000000000000000        0.0000000000000000     
         0.0000000000000000        1.0000000000000000        0.0000000000000000     
         0.0000000000000000        0.0000000000000000        1.0000000000000000     
         0.0000000000000000        1.0000000000000000        1.0000000000000000     
         0.0000000000000000       0.50000000000000000        0.0000000000000000     
         0.0000000000000000        0.0000000000000000       0.50000000000000000     
         0.0000000000000000       0.50000000000000000       0.50000000000000000     
         0.0000000000000000        1.0000000000000000       0.50000000000000000     
         0.0000000000000000       0.50000000000000000        1.0000000000000000     

 !NewElementMapDefinition
         582        1163
         0.0000000000000000        0.0000000000000000        0.0000000000000000     
         0.0000000000000000        1.0000000000000000        0.0000000000000000     
         0.0000000000000000        0.0000000000000000        1.0000000000000000     
         0.0000000000000000        1.0000000000000000        1.0000000000000000     
         0.0000000000000000       0.50000000000000000        0.0000000000000000     
         0.0000000000000000        0.0000000000000000       0.50000000000000000     
         0.0000000000000000       0.50000000000000000       0.50000000000000000     
         0.0000000000000000        1.0000000000000000       0.50000000000000000     
         0.0000000000000000       0.50000000000000000        1.0000000000000000     

 !NewElementMapDefinition
         583        1165
         0.0000000000000000        0.0000000000000000        0.0000000000000000     
         0.0000000000000000        1.0000000000000000        0.0000000000000000     
         0.0000000000000000        0.0000000000000000        1.0000000000000000     
         0.0000000000000000        1.0000000000000000        1.0000000000000000     
         0.0000000000000000       0.50000000000000000        0.0000000000000000     
         0.0000000000000000        0.0000000000000000       0.50000000000000000     
         0.0000000000000000       0.50000000000000000       0.50000000000000000     
         0.0000000000000000        1.0000000000000000       0.50000000000000000     
         0.0000000000000000       0.50000000000000000        1.0000000000000000     

 !NewElementMapDefinition
         584        1167
         0.0000000000000000        0.0000000000000000        0.0000000000000000     
         0.0000000000000000        1.0000000000000000        0.0000000000000000     
         0.0000000000000000        0.0000000000000000        1.0000000000000000     
         0.0000000000000000        1.0000000000000000        1.0000000000000000     
         0.0000000000000000       0.50000000000000000        0.0000000000000000     
         0.0000000000000000        0.0000000000000000       0.50000000000000000     
         0.0000000000000000       0.50000000000000000       0.50000000000000000     
         0.0000000000000000        1.0000000000000000       0.50000000000000000     
         0.0000000000000000       0.50000000000000000        1.0000000000000000     

 !NewElementMapDefinition
         585        1169
         0.0000000000000000        0.0000000000000000        0.0000000000000000     
         0.0000000000000000        1.0000000000000000        0.0000000000000000     
         0.0000000000000000        0.0000000000000000        1.0000000000000000     
         0.0000000000000000        1.0000000000000000        1.0000000000000000     
         0.0000000000000000       0.50000000000000000        0.0000000000000000     
         0.0000000000000000        0.0000000000000000       0.50000000000000000     
         0.0000000000000000       0.50000000000000000       0.50000000000000000     
         0.0000000000000000        1.0000000000000000       0.50000000000000000     
         0.0000000000000000       0.50000000000000000        1.0000000000000000     

 !NewElementMapDefinition
         586        1171
         0.0000000000000000        0.0000000000000000        0.0000000000000000     
         0.0000000000000000        1.0000000000000000        0.0000000000000000     
         0.0000000000000000        0.0000000000000000        1.0000000000000000     
         0.0000000000000000        1.0000000000000000        1.0000000000000000     
         0.0000000000000000       0.50000000000000000        0.0000000000000000     
         0.0000000000000000        0.0000000000000000       0.50000000000000000     
         0.0000000000000000       0.50000000000000000       0.50000000000000000     
         0.0000000000000000        1.0000000000000000       0.50000000000000000     
         0.0000000000000000       0.50000000000000000        1.0000000000000000     

 !NewElementMapDefinition
         587        1173
         0.0000000000000000        0.0000000000000000        0.0000000000000000     
         0.0000000000000000        1.0000000000000000        0.0000000000000000     
         0.0000000000000000        0.0000000000000000        1.0000000000000000     
         0.0000000000000000        1.0000000000000000        1.0000000000000000     
         0.0000000000000000       0.50000000000000000        0.0000000000000000     
         0.0000000000000000        0.0000000000000000       0.50000000000000000     
         0.0000000000000000       0.50000000000000000       0.50000000000000000     
         0.0000000000000000        1.0000000000000000       0.50000000000000000     
         0.0000000000000000       0.50000000000000000        1.0000000000000000     

 !NewElementMapDefinition
         588        1175
         0.0000000000000000        0.0000000000000000        0.0000000000000000     
         0.0000000000000000        1.0000000000000000        0.0000000000000000     
         0.0000000000000000        0.0000000000000000        1.0000000000000000     
         0.0000000000000000        1.0000000000000000        1.0000000000000000     
         0.0000000000000000       0.50000000000000000        0.0000000000000000     
         0.0000000000000000        0.0000000000000000       0.50000000000000000     
         0.0000000000000000       0.50000000000000000       0.50000000000000000     
         0.0000000000000000        1.0000000000000000       0.50000000000000000     
         0.0000000000000000       0.50000000000000000        1.0000000000000000     

 !NewElementMapDefinition
         589        1177
         0.0000000000000000        0.0000000000000000        0.0000000000000000     
         0.0000000000000000        1.0000000000000000        0.0000000000000000     
         0.0000000000000000        0.0000000000000000        1.0000000000000000     
         0.0000000000000000        1.0000000000000000        1.0000000000000000     
         0.0000000000000000       0.50000000000000000        0.0000000000000000     
         0.0000000000000000        0.0000000000000000       0.50000000000000000     
         0.0000000000000000       0.50000000000000000       0.50000000000000000     
         0.0000000000000000        1.0000000000000000       0.50000000000000000     
         0.0000000000000000       0.50000000000000000        1.0000000000000000     

 !NewElementMapDefinition
         590        1179
         0.0000000000000000        0.0000000000000000        0.0000000000000000     
         0.0000000000000000        1.0000000000000000        0.0000000000000000     
         0.0000000000000000        0.0000000000000000        1.0000000000000000     
         0.0000000000000000        1.0000000000000000        1.0000000000000000     
         0.0000000000000000       0.50000000000000000        0.0000000000000000     
         0.0000000000000000        0.0000000000000000       0.50000000000000000     
         0.0000000000000000       0.50000000000000000       0.50000000000000000     
         0.0000000000000000        1.0000000000000000       0.50000000000000000     
         0.0000000000000000       0.50000000000000000        1.0000000000000000     

 !NewElementMapDefinition
         591        1181
         0.0000000000000000        0.0000000000000000        0.0000000000000000     
         0.0000000000000000        1.0000000000000000        0.0000000000000000     
         0.0000000000000000        0.0000000000000000        1.0000000000000000     
         0.0000000000000000        1.0000000000000000        1.0000000000000000     
         0.0000000000000000       0.50000000000000000        0.0000000000000000     
         0.0000000000000000        0.0000000000000000       0.50000000000000000     
         0.0000000000000000       0.50000000000000000       0.50000000000000000     
         0.0000000000000000        1.0000000000000000       0.50000000000000000     
         0.0000000000000000       0.50000000000000000        1.0000000000000000     

 !NewElementMapDefinition
         592        1183
         0.0000000000000000        0.0000000000000000        0.0000000000000000     
         0.0000000000000000        1.0000000000000000        0.0000000000000000     
         0.0000000000000000        0.0000000000000000        1.0000000000000000     
         0.0000000000000000        1.0000000000000000        1.0000000000000000     
         0.0000000000000000       0.50000000000000000        0.0000000000000000     
         0.0000000000000000        0.0000000000000000       0.50000000000000000     
         0.0000000000000000       0.50000000000000000       0.50000000000000000     
         0.0000000000000000        1.0000000000000000       0.50000000000000000     
         0.0000000000000000       0.50000000000000000        1.0000000000000000     

 !NewElementMapDefinition
         593        1185
         0.0000000000000000        0.0000000000000000        0.0000000000000000     
         0.0000000000000000        1.0000000000000000        0.0000000000000000     
         0.0000000000000000        0.0000000000000000        1.0000000000000000     
         0.0000000000000000        1.0000000000000000        1.0000000000000000     
         0.0000000000000000       0.50000000000000000        0.0000000000000000     
         0.0000000000000000        0.0000000000000000       0.50000000000000000     
         0.0000000000000000       0.50000000000000000       0.50000000000000000     
         0.0000000000000000        1.0000000000000000       0.50000000000000000     
         0.0000000000000000       0.50000000000000000        1.0000000000000000     

 !NewElementMapDefinition
         594        1187
         0.0000000000000000        0.0000000000000000        0.0000000000000000     
         0.0000000000000000        1.0000000000000000        0.0000000000000000     
         0.0000000000000000        0.0000000000000000        1.0000000000000000     
         0.0000000000000000        1.0000000000000000        1.0000000000000000     
         0.0000000000000000       0.50000000000000000        0.0000000000000000     
         0.0000000000000000        0.0000000000000000       0.50000000000000000     
         0.0000000000000000       0.50000000000000000       0.50000000000000000     
         0.0000000000000000        1.0000000000000000       0.50000000000000000     
         0.0000000000000000       0.50000000000000000        1.0000000000000000     

 !NewElementMapDefinition
         595        1189
         0.0000000000000000        0.0000000000000000        0.0000000000000000     
         0.0000000000000000        1.0000000000000000        0.0000000000000000     
         0.0000000000000000        0.0000000000000000        1.0000000000000000     
         0.0000000000000000        1.0000000000000000        1.0000000000000000     
         0.0000000000000000       0.50000000000000000        0.0000000000000000     
         0.0000000000000000        0.0000000000000000       0.50000000000000000     
         0.0000000000000000       0.50000000000000000       0.50000000000000000     
         0.0000000000000000        1.0000000000000000       0.50000000000000000     
         0.0000000000000000       0.50000000000000000        1.0000000000000000     

 !NewElementMapDefinition
         596        1191
         0.0000000000000000        0.0000000000000000        0.0000000000000000     
         0.0000000000000000        1.0000000000000000        0.0000000000000000     
         0.0000000000000000        0.0000000000000000        1.0000000000000000     
         0.0000000000000000        1.0000000000000000        1.0000000000000000     
         0.0000000000000000       0.50000000000000000        0.0000000000000000     
         0.0000000000000000        0.0000000000000000       0.50000000000000000     
         0.0000000000000000       0.50000000000000000       0.50000000000000000     
         0.0000000000000000        1.0000000000000000       0.50000000000000000     
         0.0000000000000000       0.50000000000000000        1.0000000000000000     

 !NewElementMapDefinition
         597        1193
         0.0000000000000000        0.0000000000000000        0.0000000000000000     
         0.0000000000000000        1.0000000000000000        0.0000000000000000     
         0.0000000000000000        0.0000000000000000        1.0000000000000000     
         0.0000000000000000        1.0000000000000000        1.0000000000000000     
         0.0000000000000000       0.50000000000000000        0.0000000000000000     
         0.0000000000000000        0.0000000000000000       0.50000000000000000     
         0.0000000000000000       0.50000000000000000       0.50000000000000000     
         0.0000000000000000        1.0000000000000000       0.50000000000000000     
         0.0000000000000000       0.50000000000000000        1.0000000000000000     

 !NewElementMapDefinition
         598        1195
         0.0000000000000000        0.0000000000000000        0.0000000000000000     
         0.0000000000000000        1.0000000000000000        0.0000000000000000     
         0.0000000000000000        0.0000000000000000        1.0000000000000000     
         0.0000000000000000        1.0000000000000000        1.0000000000000000     
         0.0000000000000000       0.50000000000000000        0.0000000000000000     
         0.0000000000000000        0.0000000000000000       0.50000000000000000     
         0.0000000000000000       0.50000000000000000       0.50000000000000000     
         0.0000000000000000        1.0000000000000000       0.50000000000000000     
         0.0000000000000000       0.50000000000000000        1.0000000000000000     

 !NewElementMapDefinition
         599        1197
         0.0000000000000000        0.0000000000000000        0.0000000000000000     
         0.0000000000000000        1.0000000000000000        0.0000000000000000     
         0.0000000000000000        0.0000000000000000        1.0000000000000000     
         0.0000000000000000        1.0000000000000000        1.0000000000000000     
         0.0000000000000000       0.50000000000000000        0.0000000000000000     
         0.0000000000000000        0.0000000000000000       0.50000000000000000     
         0.0000000000000000       0.50000000000000000       0.50000000000000000     
         0.0000000000000000        1.0000000000000000       0.50000000000000000     
         0.0000000000000000       0.50000000000000000        1.0000000000000000     

 !NewElementMapDefinition
         600        1199
         0.0000000000000000        0.0000000000000000        0.0000000000000000     
         0.0000000000000000        1.0000000000000000        0.0000000000000000     
         0.0000000000000000        0.0000000000000000        1.0000000000000000     
         0.0000000000000000        1.0000000000000000        1.0000000000000000     
         0.0000000000000000       0.50000000000000000        0.0000000000000000     
         0.0000000000000000        0.0000000000000000       0.50000000000000000     
         0.0000000000000000       0.50000000000000000       0.50000000000000000     
         0.0000000000000000        1.0000000000000000       0.50000000000000000     
         0.0000000000000000       0.50000000000000000        1.0000000000000000     

 !NewElementMapDefinition
         601        1201
         0.0000000000000000        0.0000000000000000        0.0000000000000000     
         0.0000000000000000        1.0000000000000000        0.0000000000000000     
         0.0000000000000000        0.0000000000000000        1.0000000000000000     
         0.0000000000000000        1.0000000000000000        1.0000000000000000     
         0.0000000000000000       0.50000000000000000        0.0000000000000000     
         0.0000000000000000        0.0000000000000000       0.50000000000000000     
         0.0000000000000000       0.50000000000000000       0.50000000000000000     
         0.0000000000000000        1.0000000000000000       0.50000000000000000     
         0.0000000000000000       0.50000000000000000        1.0000000000000000     

 !NewElementMapDefinition
         602        1203
         0.0000000000000000        0.0000000000000000        0.0000000000000000     
         0.0000000000000000        1.0000000000000000        0.0000000000000000     
         0.0000000000000000        0.0000000000000000        1.0000000000000000     
         0.0000000000000000        1.0000000000000000        1.0000000000000000     
         0.0000000000000000       0.50000000000000000        0.0000000000000000     
         0.0000000000000000        0.0000000000000000       0.50000000000000000     
         0.0000000000000000       0.50000000000000000       0.50000000000000000     
         0.0000000000000000        1.0000000000000000       0.50000000000000000     
         0.0000000000000000       0.50000000000000000        1.0000000000000000     

 !NewElementMapDefinition
         603        1205
         0.0000000000000000        0.0000000000000000        0.0000000000000000     
         0.0000000000000000        1.0000000000000000        0.0000000000000000     
         0.0000000000000000        0.0000000000000000        1.0000000000000000     
         0.0000000000000000        1.0000000000000000        1.0000000000000000     
         0.0000000000000000       0.50000000000000000        0.0000000000000000     
         0.0000000000000000        0.0000000000000000       0.50000000000000000     
         0.0000000000000000       0.50000000000000000       0.50000000000000000     
         0.0000000000000000        1.0000000000000000       0.50000000000000000     
         0.0000000000000000       0.50000000000000000        1.0000000000000000     

 !NewElementMapDefinition
         604        1207
         0.0000000000000000        0.0000000000000000        0.0000000000000000     
         0.0000000000000000        1.0000000000000000        0.0000000000000000     
         0.0000000000000000        0.0000000000000000        1.0000000000000000     
         0.0000000000000000        1.0000000000000000        1.0000000000000000     
         0.0000000000000000       0.50000000000000000        0.0000000000000000     
         0.0000000000000000        0.0000000000000000       0.50000000000000000     
         0.0000000000000000       0.50000000000000000       0.50000000000000000     
         0.0000000000000000        1.0000000000000000       0.50000000000000000     
         0.0000000000000000       0.50000000000000000        1.0000000000000000     

 !NewElementMapDefinition
         605        1209
         0.0000000000000000        0.0000000000000000        0.0000000000000000     
         0.0000000000000000        1.0000000000000000        0.0000000000000000     
         0.0000000000000000        0.0000000000000000        1.0000000000000000     
         0.0000000000000000        1.0000000000000000        1.0000000000000000     
         0.0000000000000000       0.50000000000000000        0.0000000000000000     
         0.0000000000000000        0.0000000000000000       0.50000000000000000     
         0.0000000000000000       0.50000000000000000       0.50000000000000000     
         0.0000000000000000        1.0000000000000000       0.50000000000000000     
         0.0000000000000000       0.50000000000000000        1.0000000000000000     

 !NewElementMapDefinition
         606        1211
         0.0000000000000000        0.0000000000000000        0.0000000000000000     
         0.0000000000000000        1.0000000000000000        0.0000000000000000     
         0.0000000000000000        0.0000000000000000        1.0000000000000000     
         0.0000000000000000        1.0000000000000000        1.0000000000000000     
         0.0000000000000000       0.50000000000000000        0.0000000000000000     
         0.0000000000000000        0.0000000000000000       0.50000000000000000     
         0.0000000000000000       0.50000000000000000       0.50000000000000000     
         0.0000000000000000        1.0000000000000000       0.50000000000000000     
         0.0000000000000000       0.50000000000000000        1.0000000000000000     

 !NewElementMapDefinition
         607        1213
         0.0000000000000000        0.0000000000000000        0.0000000000000000     
         0.0000000000000000        1.0000000000000000        0.0000000000000000     
         0.0000000000000000        0.0000000000000000        1.0000000000000000     
         0.0000000000000000        1.0000000000000000        1.0000000000000000     
         0.0000000000000000       0.50000000000000000        0.0000000000000000     
         0.0000000000000000        0.0000000000000000       0.50000000000000000     
         0.0000000000000000       0.50000000000000000       0.50000000000000000     
         0.0000000000000000        1.0000000000000000       0.50000000000000000     
         0.0000000000000000       0.50000000000000000        1.0000000000000000     

 !NewElementMapDefinition
         608        1215
         0.0000000000000000        0.0000000000000000        0.0000000000000000     
         0.0000000000000000        1.0000000000000000        0.0000000000000000     
         0.0000000000000000        0.0000000000000000        1.0000000000000000     
         0.0000000000000000        1.0000000000000000        1.0000000000000000     
         0.0000000000000000       0.50000000000000000        0.0000000000000000     
         0.0000000000000000        0.0000000000000000       0.50000000000000000     
         0.0000000000000000       0.50000000000000000       0.50000000000000000     
         0.0000000000000000        1.0000000000000000       0.50000000000000000     
         0.0000000000000000       0.50000000000000000        1.0000000000000000     

 !NewElementMapDefinition
         609        1217
         0.0000000000000000        0.0000000000000000        0.0000000000000000     
         0.0000000000000000        1.0000000000000000        0.0000000000000000     
         0.0000000000000000        0.0000000000000000        1.0000000000000000     
         0.0000000000000000        1.0000000000000000        1.0000000000000000     
         0.0000000000000000       0.50000000000000000        0.0000000000000000     
         0.0000000000000000        0.0000000000000000       0.50000000000000000     
         0.0000000000000000       0.50000000000000000       0.50000000000000000     
         0.0000000000000000        1.0000000000000000       0.50000000000000000     
         0.0000000000000000       0.50000000000000000        1.0000000000000000     

 !NewElementMapDefinition
         610        1219
         0.0000000000000000        0.0000000000000000        0.0000000000000000     
         0.0000000000000000        1.0000000000000000        0.0000000000000000     
         0.0000000000000000        0.0000000000000000        1.0000000000000000     
         0.0000000000000000        1.0000000000000000        1.0000000000000000     
         0.0000000000000000       0.50000000000000000        0.0000000000000000     
         0.0000000000000000        0.0000000000000000       0.50000000000000000     
         0.0000000000000000       0.50000000000000000       0.50000000000000000     
         0.0000000000000000        1.0000000000000000       0.50000000000000000     
         0.0000000000000000       0.50000000000000000        1.0000000000000000     

 !NewElementMapDefinition
         611        1221
         0.0000000000000000        0.0000000000000000        0.0000000000000000     
         0.0000000000000000        1.0000000000000000        0.0000000000000000     
         0.0000000000000000        0.0000000000000000        1.0000000000000000     
         0.0000000000000000        1.0000000000000000        1.0000000000000000     
         0.0000000000000000       0.50000000000000000        0.0000000000000000     
         0.0000000000000000        0.0000000000000000       0.50000000000000000     
         0.0000000000000000       0.50000000000000000       0.50000000000000000     
         0.0000000000000000        1.0000000000000000       0.50000000000000000     
         0.0000000000000000       0.50000000000000000        1.0000000000000000     

 !NewElementMapDefinition
         612        1223
         0.0000000000000000        0.0000000000000000        0.0000000000000000     
         0.0000000000000000        1.0000000000000000        0.0000000000000000     
         0.0000000000000000        0.0000000000000000        1.0000000000000000     
         0.0000000000000000        1.0000000000000000        1.0000000000000000     
         0.0000000000000000       0.50000000000000000        0.0000000000000000     
         0.0000000000000000        0.0000000000000000       0.50000000000000000     
         0.0000000000000000       0.50000000000000000       0.50000000000000000     
         0.0000000000000000        1.0000000000000000       0.50000000000000000     
         0.0000000000000000       0.50000000000000000        1.0000000000000000     

 !NewElementMapDefinition
         613        1225
         0.0000000000000000        0.0000000000000000        0.0000000000000000     
         0.0000000000000000        1.0000000000000000        0.0000000000000000     
         0.0000000000000000        0.0000000000000000        1.0000000000000000     
         0.0000000000000000        1.0000000000000000        1.0000000000000000     
         0.0000000000000000       0.50000000000000000        0.0000000000000000     
         0.0000000000000000        0.0000000000000000       0.50000000000000000     
         0.0000000000000000       0.50000000000000000       0.50000000000000000     
         0.0000000000000000        1.0000000000000000       0.50000000000000000     
         0.0000000000000000       0.50000000000000000        1.0000000000000000     

 !NewElementMapDefinition
         614        1227
         0.0000000000000000        0.0000000000000000        0.0000000000000000     
         0.0000000000000000        1.0000000000000000        0.0000000000000000     
         0.0000000000000000        0.0000000000000000        1.0000000000000000     
         0.0000000000000000        1.0000000000000000        1.0000000000000000     
         0.0000000000000000       0.50000000000000000        0.0000000000000000     
         0.0000000000000000        0.0000000000000000       0.50000000000000000     
         0.0000000000000000       0.50000000000000000       0.50000000000000000     
         0.0000000000000000        1.0000000000000000       0.50000000000000000     
         0.0000000000000000       0.50000000000000000        1.0000000000000000     

 !NewElementMapDefinition
         615        1229
         0.0000000000000000        0.0000000000000000        0.0000000000000000     
         0.0000000000000000        1.0000000000000000        0.0000000000000000     
         0.0000000000000000        0.0000000000000000        1.0000000000000000     
         0.0000000000000000        1.0000000000000000        1.0000000000000000     
         0.0000000000000000       0.50000000000000000        0.0000000000000000     
         0.0000000000000000        0.0000000000000000       0.50000000000000000     
         0.0000000000000000       0.50000000000000000       0.50000000000000000     
         0.0000000000000000        1.0000000000000000       0.50000000000000000     
         0.0000000000000000       0.50000000000000000        1.0000000000000000     

 !NewElementMapDefinition
         616        1231
         0.0000000000000000        0.0000000000000000        0.0000000000000000     
         0.0000000000000000        1.0000000000000000        0.0000000000000000     
         0.0000000000000000        0.0000000000000000        1.0000000000000000     
         0.0000000000000000        1.0000000000000000        1.0000000000000000     
         0.0000000000000000       0.50000000000000000        0.0000000000000000     
         0.0000000000000000        0.0000000000000000       0.50000000000000000     
         0.0000000000000000       0.50000000000000000       0.50000000000000000     
         0.0000000000000000        1.0000000000000000       0.50000000000000000     
         0.0000000000000000       0.50000000000000000        1.0000000000000000     

 !NewElementMapDefinition
         617        1233
         0.0000000000000000        0.0000000000000000        0.0000000000000000     
         0.0000000000000000        1.0000000000000000        0.0000000000000000     
         0.0000000000000000        0.0000000000000000        1.0000000000000000     
         0.0000000000000000        1.0000000000000000        1.0000000000000000     
         0.0000000000000000       0.50000000000000000        0.0000000000000000     
         0.0000000000000000        0.0000000000000000       0.50000000000000000     
         0.0000000000000000       0.50000000000000000       0.50000000000000000     
         0.0000000000000000        1.0000000000000000       0.50000000000000000     
         0.0000000000000000       0.50000000000000000        1.0000000000000000     

 !NewElementMapDefinition
         618        1235
         0.0000000000000000        0.0000000000000000        0.0000000000000000     
         0.0000000000000000        1.0000000000000000        0.0000000000000000     
         0.0000000000000000        0.0000000000000000        1.0000000000000000     
         0.0000000000000000        1.0000000000000000        1.0000000000000000     
         0.0000000000000000       0.50000000000000000        0.0000000000000000     
         0.0000000000000000        0.0000000000000000       0.50000000000000000     
         0.0000000000000000       0.50000000000000000       0.50000000000000000     
         0.0000000000000000        1.0000000000000000       0.50000000000000000     
         0.0000000000000000       0.50000000000000000        1.0000000000000000     

 !NewElementMapDefinition
         619        1237
         0.0000000000000000        0.0000000000000000        0.0000000000000000     
         0.0000000000000000        1.0000000000000000        0.0000000000000000     
         0.0000000000000000        0.0000000000000000        1.0000000000000000     
         0.0000000000000000        1.0000000000000000        1.0000000000000000     
         0.0000000000000000       0.50000000000000000        0.0000000000000000     
         0.0000000000000000        0.0000000000000000       0.50000000000000000     
         0.0000000000000000       0.50000000000000000       0.50000000000000000     
         0.0000000000000000        1.0000000000000000       0.50000000000000000     
         0.0000000000000000       0.50000000000000000        1.0000000000000000     

 !NewElementMapDefinition
         620        1239
         0.0000000000000000        0.0000000000000000        0.0000000000000000     
         0.0000000000000000        1.0000000000000000        0.0000000000000000     
         0.0000000000000000        0.0000000000000000        1.0000000000000000     
         0.0000000000000000        1.0000000000000000        1.0000000000000000     
         0.0000000000000000       0.50000000000000000        0.0000000000000000     
         0.0000000000000000        0.0000000000000000       0.50000000000000000     
         0.0000000000000000       0.50000000000000000       0.50000000000000000     
         0.0000000000000000        1.0000000000000000       0.50000000000000000     
         0.0000000000000000       0.50000000000000000        1.0000000000000000     

 !NewElementMapDefinition
         621        1241
         0.0000000000000000        0.0000000000000000        0.0000000000000000     
         0.0000000000000000        1.0000000000000000        0.0000000000000000     
         0.0000000000000000        0.0000000000000000        1.0000000000000000     
         0.0000000000000000        1.0000000000000000        1.0000000000000000     
         0.0000000000000000       0.50000000000000000        0.0000000000000000     
         0.0000000000000000        0.0000000000000000       0.50000000000000000     
         0.0000000000000000       0.50000000000000000       0.50000000000000000     
         0.0000000000000000        1.0000000000000000       0.50000000000000000     
         0.0000000000000000       0.50000000000000000        1.0000000000000000     

 !NewElementMapDefinition
         622        1243
         0.0000000000000000        0.0000000000000000        0.0000000000000000     
         0.0000000000000000        1.0000000000000000        0.0000000000000000     
         0.0000000000000000        0.0000000000000000        1.0000000000000000     
         0.0000000000000000        1.0000000000000000        1.0000000000000000     
         0.0000000000000000       0.50000000000000000        0.0000000000000000     
         0.0000000000000000        0.0000000000000000       0.50000000000000000     
         0.0000000000000000       0.50000000000000000       0.50000000000000000     
         0.0000000000000000        1.0000000000000000       0.50000000000000000     
         0.0000000000000000       0.50000000000000000        1.0000000000000000     

 !NewElementMapDefinition
         623        1245
         0.0000000000000000        0.0000000000000000        0.0000000000000000     
         0.0000000000000000        1.0000000000000000        0.0000000000000000     
         0.0000000000000000        0.0000000000000000        1.0000000000000000     
         0.0000000000000000        1.0000000000000000        1.0000000000000000     
         0.0000000000000000       0.50000000000000000        0.0000000000000000     
         0.0000000000000000        0.0000000000000000       0.50000000000000000     
         0.0000000000000000       0.50000000000000000       0.50000000000000000     
         0.0000000000000000        1.0000000000000000       0.50000000000000000     
         0.0000000000000000       0.50000000000000000        1.0000000000000000     

 !NewElementMapDefinition
         624        1247
         0.0000000000000000        0.0000000000000000        0.0000000000000000     
         0.0000000000000000        1.0000000000000000        0.0000000000000000     
         0.0000000000000000        0.0000000000000000        1.0000000000000000     
         0.0000000000000000        1.0000000000000000        1.0000000000000000     
         0.0000000000000000       0.50000000000000000        0.0000000000000000     
         0.0000000000000000        0.0000000000000000       0.50000000000000000     
         0.0000000000000000       0.50000000000000000       0.50000000000000000     
         0.0000000000000000        1.0000000000000000       0.50000000000000000     
         0.0000000000000000       0.50000000000000000        1.0000000000000000     

 !NewElementMapDefinition
         625        1249
         0.0000000000000000        0.0000000000000000        0.0000000000000000     
         0.0000000000000000        1.0000000000000000        0.0000000000000000     
         0.0000000000000000        0.0000000000000000        1.0000000000000000     
         0.0000000000000000        1.0000000000000000        1.0000000000000000     
         0.0000000000000000       0.50000000000000000        0.0000000000000000     
         0.0000000000000000        0.0000000000000000       0.50000000000000000     
         0.0000000000000000       0.50000000000000000       0.50000000000000000     
         0.0000000000000000        1.0000000000000000       0.50000000000000000     
         0.0000000000000000       0.50000000000000000        1.0000000000000000     

 !NewElementMapDefinition
         626        1251
         0.0000000000000000        0.0000000000000000        0.0000000000000000     
         0.0000000000000000        1.0000000000000000        0.0000000000000000     
         0.0000000000000000        0.0000000000000000        1.0000000000000000     
         0.0000000000000000        1.0000000000000000        1.0000000000000000     
         0.0000000000000000       0.50000000000000000        0.0000000000000000     
         0.0000000000000000        0.0000000000000000       0.50000000000000000     
         0.0000000000000000       0.50000000000000000       0.50000000000000000     
         0.0000000000000000        1.0000000000000000       0.50000000000000000     
         0.0000000000000000       0.50000000000000000        1.0000000000000000     

 !NewElementMapDefinition
         627        1253
         0.0000000000000000        0.0000000000000000        0.0000000000000000     
         0.0000000000000000        1.0000000000000000        0.0000000000000000     
         0.0000000000000000        0.0000000000000000        1.0000000000000000     
         0.0000000000000000        1.0000000000000000        1.0000000000000000     
         0.0000000000000000       0.50000000000000000        0.0000000000000000     
         0.0000000000000000        0.0000000000000000       0.50000000000000000     
         0.0000000000000000       0.50000000000000000       0.50000000000000000     
         0.0000000000000000        1.0000000000000000       0.50000000000000000     
         0.0000000000000000       0.50000000000000000        1.0000000000000000     

 !NewElementMapDefinition
         628        1255
         0.0000000000000000        0.0000000000000000        0.0000000000000000     
         0.0000000000000000        1.0000000000000000        0.0000000000000000     
         0.0000000000000000        0.0000000000000000        1.0000000000000000     
         0.0000000000000000        1.0000000000000000        1.0000000000000000     
         0.0000000000000000       0.50000000000000000        0.0000000000000000     
         0.0000000000000000        0.0000000000000000       0.50000000000000000     
         0.0000000000000000       0.50000000000000000       0.50000000000000000     
         0.0000000000000000        1.0000000000000000       0.50000000000000000     
         0.0000000000000000       0.50000000000000000        1.0000000000000000     

 !NewElementMapDefinition
         629        1257
         0.0000000000000000        0.0000000000000000        0.0000000000000000     
         0.0000000000000000        1.0000000000000000        0.0000000000000000     
         0.0000000000000000        0.0000000000000000        1.0000000000000000     
         0.0000000000000000        1.0000000000000000        1.0000000000000000     
         0.0000000000000000       0.50000000000000000        0.0000000000000000     
         0.0000000000000000        0.0000000000000000       0.50000000000000000     
         0.0000000000000000       0.50000000000000000       0.50000000000000000     
         0.0000000000000000        1.0000000000000000       0.50000000000000000     
         0.0000000000000000       0.50000000000000000        1.0000000000000000     

 !NewElementMapDefinition
         630        1259
         0.0000000000000000        0.0000000000000000        0.0000000000000000     
         0.0000000000000000        1.0000000000000000        0.0000000000000000     
         0.0000000000000000        0.0000000000000000        1.0000000000000000     
         0.0000000000000000        1.0000000000000000        1.0000000000000000     
         0.0000000000000000       0.50000000000000000        0.0000000000000000     
         0.0000000000000000        0.0000000000000000       0.50000000000000000     
         0.0000000000000000       0.50000000000000000       0.50000000000000000     
         0.0000000000000000        1.0000000000000000       0.50000000000000000     
         0.0000000000000000       0.50000000000000000        1.0000000000000000     

 !NewElementMapDefinition
         631        1261
         0.0000000000000000        0.0000000000000000        0.0000000000000000     
         0.0000000000000000        1.0000000000000000        0.0000000000000000     
         0.0000000000000000        0.0000000000000000        1.0000000000000000     
         0.0000000000000000        1.0000000000000000        1.0000000000000000     
         0.0000000000000000       0.50000000000000000        0.0000000000000000     
         0.0000000000000000        0.0000000000000000       0.50000000000000000     
         0.0000000000000000       0.50000000000000000       0.50000000000000000     
         0.0000000000000000        1.0000000000000000       0.50000000000000000     
         0.0000000000000000       0.50000000000000000        1.0000000000000000     

 !NewElementMapDefinition
         632        1263
         0.0000000000000000        0.0000000000000000        0.0000000000000000     
         0.0000000000000000        1.0000000000000000        0.0000000000000000     
         0.0000000000000000        0.0000000000000000        1.0000000000000000     
         0.0000000000000000        1.0000000000000000        1.0000000000000000     
         0.0000000000000000       0.50000000000000000        0.0000000000000000     
         0.0000000000000000        0.0000000000000000       0.50000000000000000     
         0.0000000000000000       0.50000000000000000       0.50000000000000000     
         0.0000000000000000        1.0000000000000000       0.50000000000000000     
         0.0000000000000000       0.50000000000000000        1.0000000000000000     

 !NewElementMapDefinition
         633        1265
         0.0000000000000000        0.0000000000000000        0.0000000000000000     
         0.0000000000000000        1.0000000000000000        0.0000000000000000     
         0.0000000000000000        0.0000000000000000        1.0000000000000000     
         0.0000000000000000        1.0000000000000000        1.0000000000000000     
         0.0000000000000000       0.50000000000000000        0.0000000000000000     
         0.0000000000000000        0.0000000000000000       0.50000000000000000     
         0.0000000000000000       0.50000000000000000       0.50000000000000000     
         0.0000000000000000        1.0000000000000000       0.50000000000000000     
         0.0000000000000000       0.50000000000000000        1.0000000000000000     

 !NewElementMapDefinition
         634        1267
         0.0000000000000000        0.0000000000000000        0.0000000000000000     
         0.0000000000000000        1.0000000000000000        0.0000000000000000     
         0.0000000000000000        0.0000000000000000        1.0000000000000000     
         0.0000000000000000        1.0000000000000000        1.0000000000000000     
         0.0000000000000000       0.50000000000000000        0.0000000000000000     
         0.0000000000000000        0.0000000000000000       0.50000000000000000     
         0.0000000000000000       0.50000000000000000       0.50000000000000000     
         0.0000000000000000        1.0000000000000000       0.50000000000000000     
         0.0000000000000000       0.50000000000000000        1.0000000000000000     

 !NewElementMapDefinition
         635        1269
         0.0000000000000000        0.0000000000000000        0.0000000000000000     
         0.0000000000000000        1.0000000000000000        0.0000000000000000     
         0.0000000000000000        0.0000000000000000        1.0000000000000000     
         0.0000000000000000        1.0000000000000000        1.0000000000000000     
         0.0000000000000000       0.50000000000000000        0.0000000000000000     
         0.0000000000000000        0.0000000000000000       0.50000000000000000     
         0.0000000000000000       0.50000000000000000       0.50000000000000000     
         0.0000000000000000        1.0000000000000000       0.50000000000000000     
         0.0000000000000000       0.50000000000000000        1.0000000000000000     

 !NewElementMapDefinition
         636        1271
         0.0000000000000000        0.0000000000000000        0.0000000000000000     
         0.0000000000000000        1.0000000000000000        0.0000000000000000     
         0.0000000000000000        0.0000000000000000        1.0000000000000000     
         0.0000000000000000        1.0000000000000000        1.0000000000000000     
         0.0000000000000000       0.50000000000000000        0.0000000000000000     
         0.0000000000000000        0.0000000000000000       0.50000000000000000     
         0.0000000000000000       0.50000000000000000       0.50000000000000000     
         0.0000000000000000        1.0000000000000000       0.50000000000000000     
         0.0000000000000000       0.50000000000000000        1.0000000000000000     

 !NewElementMapDefinition
         637        1273
         0.0000000000000000        0.0000000000000000        0.0000000000000000     
         0.0000000000000000        1.0000000000000000        0.0000000000000000     
         0.0000000000000000        0.0000000000000000        1.0000000000000000     
         0.0000000000000000        1.0000000000000000        1.0000000000000000     
         0.0000000000000000       0.50000000000000000        0.0000000000000000     
         0.0000000000000000        0.0000000000000000       0.50000000000000000     
         0.0000000000000000       0.50000000000000000       0.50000000000000000     
         0.0000000000000000        1.0000000000000000       0.50000000000000000     
         0.0000000000000000       0.50000000000000000        1.0000000000000000     

 !NewElementMapDefinition
         638        1275
         0.0000000000000000        0.0000000000000000        0.0000000000000000     
         0.0000000000000000        1.0000000000000000        0.0000000000000000     
         0.0000000000000000        0.0000000000000000        1.0000000000000000     
         0.0000000000000000        1.0000000000000000        1.0000000000000000     
         0.0000000000000000       0.50000000000000000        0.0000000000000000     
         0.0000000000000000        0.0000000000000000       0.50000000000000000     
         0.0000000000000000       0.50000000000000000       0.50000000000000000     
         0.0000000000000000        1.0000000000000000       0.50000000000000000     
         0.0000000000000000       0.50000000000000000        1.0000000000000000     

 !NewElementMapDefinition
         639        1277
         0.0000000000000000        0.0000000000000000        0.0000000000000000     
         0.0000000000000000        1.0000000000000000        0.0000000000000000     
         0.0000000000000000        0.0000000000000000        1.0000000000000000     
         0.0000000000000000        1.0000000000000000        1.0000000000000000     
         0.0000000000000000       0.50000000000000000        0.0000000000000000     
         0.0000000000000000        0.0000000000000000       0.50000000000000000     
         0.0000000000000000       0.50000000000000000       0.50000000000000000     
         0.0000000000000000        1.0000000000000000       0.50000000000000000     
         0.0000000000000000       0.50000000000000000        1.0000000000000000     

 !NewElementMapDefinition
         640        1279
         0.0000000000000000        0.0000000000000000        0.0000000000000000     
         0.0000000000000000        1.0000000000000000        0.0000000000000000     
         0.0000000000000000        0.0000000000000000        1.0000000000000000     
         0.0000000000000000        1.0000000000000000        1.0000000000000000     
         0.0000000000000000       0.50000000000000000        0.0000000000000000     
         0.0000000000000000        0.0000000000000000       0.50000000000000000     
         0.0000000000000000       0.50000000000000000       0.50000000000000000     
         0.0000000000000000        1.0000000000000000       0.50000000000000000     
         0.0000000000000000       0.50000000000000000        1.0000000000000000     

 !NewElementMapDefinition
         641        1281
         0.0000000000000000        0.0000000000000000        0.0000000000000000     
         0.0000000000000000        1.0000000000000000        0.0000000000000000     
         0.0000000000000000        0.0000000000000000        1.0000000000000000     
         0.0000000000000000        1.0000000000000000        1.0000000000000000     
         0.0000000000000000       0.50000000000000000        0.0000000000000000     
         0.0000000000000000        0.0000000000000000       0.50000000000000000     
         0.0000000000000000       0.50000000000000000       0.50000000000000000     
         0.0000000000000000        1.0000000000000000       0.50000000000000000     
         0.0000000000000000       0.50000000000000000        1.0000000000000000     

 !NewElementMapDefinition
         642        1283
         0.0000000000000000        0.0000000000000000        0.0000000000000000     
         0.0000000000000000        1.0000000000000000        0.0000000000000000     
         0.0000000000000000        0.0000000000000000        1.0000000000000000     
         0.0000000000000000        1.0000000000000000        1.0000000000000000     
         0.0000000000000000       0.50000000000000000        0.0000000000000000     
         0.0000000000000000        0.0000000000000000       0.50000000000000000     
         0.0000000000000000       0.50000000000000000       0.50000000000000000     
         0.0000000000000000        1.0000000000000000       0.50000000000000000     
         0.0000000000000000       0.50000000000000000        1.0000000000000000     

 !NewElementMapDefinition
         643        1285
         0.0000000000000000        0.0000000000000000        0.0000000000000000     
         0.0000000000000000        1.0000000000000000        0.0000000000000000     
         0.0000000000000000        0.0000000000000000        1.0000000000000000     
         0.0000000000000000        1.0000000000000000        1.0000000000000000     
         0.0000000000000000       0.50000000000000000        0.0000000000000000     
         0.0000000000000000        0.0000000000000000       0.50000000000000000     
         0.0000000000000000       0.50000000000000000       0.50000000000000000     
         0.0000000000000000        1.0000000000000000       0.50000000000000000     
         0.0000000000000000       0.50000000000000000        1.0000000000000000     

 !NewElementMapDefinition
         644        1287
         0.0000000000000000        0.0000000000000000        0.0000000000000000     
         0.0000000000000000        1.0000000000000000        0.0000000000000000     
         0.0000000000000000        0.0000000000000000        1.0000000000000000     
         0.0000000000000000        1.0000000000000000        1.0000000000000000     
         0.0000000000000000       0.50000000000000000        0.0000000000000000     
         0.0000000000000000        0.0000000000000000       0.50000000000000000     
         0.0000000000000000       0.50000000000000000       0.50000000000000000     
         0.0000000000000000        1.0000000000000000       0.50000000000000000     
         0.0000000000000000       0.50000000000000000        1.0000000000000000     

 !NewElementMapDefinition
         645        1289
         0.0000000000000000        0.0000000000000000        0.0000000000000000     
         0.0000000000000000        1.0000000000000000        0.0000000000000000     
         0.0000000000000000        0.0000000000000000        1.0000000000000000     
         0.0000000000000000        1.0000000000000000        1.0000000000000000     
         0.0000000000000000       0.50000000000000000        0.0000000000000000     
         0.0000000000000000        0.0000000000000000       0.50000000000000000     
         0.0000000000000000       0.50000000000000000       0.50000000000000000     
         0.0000000000000000        1.0000000000000000       0.50000000000000000     
         0.0000000000000000       0.50000000000000000        1.0000000000000000     

 !NewElementMapDefinition
         646        1291
         0.0000000000000000        0.0000000000000000        0.0000000000000000     
         0.0000000000000000        1.0000000000000000        0.0000000000000000     
         0.0000000000000000        0.0000000000000000        1.0000000000000000     
         0.0000000000000000        1.0000000000000000        1.0000000000000000     
         0.0000000000000000       0.50000000000000000        0.0000000000000000     
         0.0000000000000000        0.0000000000000000       0.50000000000000000     
         0.0000000000000000       0.50000000000000000       0.50000000000000000     
         0.0000000000000000        1.0000000000000000       0.50000000000000000     
         0.0000000000000000       0.50000000000000000        1.0000000000000000     

 !NewElementMapDefinition
         647        1293
         0.0000000000000000        0.0000000000000000        0.0000000000000000     
         0.0000000000000000        1.0000000000000000        0.0000000000000000     
         0.0000000000000000        0.0000000000000000        1.0000000000000000     
         0.0000000000000000        1.0000000000000000        1.0000000000000000     
         0.0000000000000000       0.50000000000000000        0.0000000000000000     
         0.0000000000000000        0.0000000000000000       0.50000000000000000     
         0.0000000000000000       0.50000000000000000       0.50000000000000000     
         0.0000000000000000        1.0000000000000000       0.50000000000000000     
         0.0000000000000000       0.50000000000000000        1.0000000000000000     

 !NewElementMapDefinition
         648        1295
         0.0000000000000000        0.0000000000000000        0.0000000000000000     
         0.0000000000000000        1.0000000000000000        0.0000000000000000     
         0.0000000000000000        0.0000000000000000        1.0000000000000000     
         0.0000000000000000        1.0000000000000000        1.0000000000000000     
         0.0000000000000000       0.50000000000000000        0.0000000000000000     
         0.0000000000000000        0.0000000000000000       0.50000000000000000     
         0.0000000000000000       0.50000000000000000       0.50000000000000000     
         0.0000000000000000        1.0000000000000000       0.50000000000000000     
         0.0000000000000000       0.50000000000000000        1.0000000000000000     

 !NewElementMapDefinition
         649        1297
         0.0000000000000000        0.0000000000000000        0.0000000000000000     
         0.0000000000000000        1.0000000000000000        0.0000000000000000     
         0.0000000000000000        0.0000000000000000        1.0000000000000000     
         0.0000000000000000        1.0000000000000000        1.0000000000000000     
         0.0000000000000000       0.50000000000000000        0.0000000000000000     
         0.0000000000000000        0.0000000000000000       0.50000000000000000     
         0.0000000000000000       0.50000000000000000       0.50000000000000000     
         0.0000000000000000        1.0000000000000000       0.50000000000000000     
         0.0000000000000000       0.50000000000000000        1.0000000000000000     

 !NewElementMapDefinition
         650        1299
         0.0000000000000000        0.0000000000000000        0.0000000000000000     
         0.0000000000000000        1.0000000000000000        0.0000000000000000     
         0.0000000000000000        0.0000000000000000        1.0000000000000000     
         0.0000000000000000        1.0000000000000000        1.0000000000000000     
         0.0000000000000000       0.50000000000000000        0.0000000000000000     
         0.0000000000000000        0.0000000000000000       0.50000000000000000     
         0.0000000000000000       0.50000000000000000       0.50000000000000000     
         0.0000000000000000        1.0000000000000000       0.50000000000000000     
         0.0000000000000000       0.50000000000000000        1.0000000000000000     

 !NewElementMapDefinition
         651        1301
         0.0000000000000000        0.0000000000000000        0.0000000000000000     
         0.0000000000000000        1.0000000000000000        0.0000000000000000     
         0.0000000000000000        0.0000000000000000        1.0000000000000000     
         0.0000000000000000        1.0000000000000000        1.0000000000000000     
         0.0000000000000000       0.50000000000000000        0.0000000000000000     
         0.0000000000000000        0.0000000000000000       0.50000000000000000     
         0.0000000000000000       0.50000000000000000       0.50000000000000000     
         0.0000000000000000        1.0000000000000000       0.50000000000000000     
         0.0000000000000000       0.50000000000000000        1.0000000000000000     

 !NewElementMapDefinition
         652        1303
         0.0000000000000000        0.0000000000000000        0.0000000000000000     
         0.0000000000000000        1.0000000000000000        0.0000000000000000     
         0.0000000000000000        0.0000000000000000        1.0000000000000000     
         0.0000000000000000        1.0000000000000000        1.0000000000000000     
         0.0000000000000000       0.50000000000000000        0.0000000000000000     
         0.0000000000000000        0.0000000000000000       0.50000000000000000     
         0.0000000000000000       0.50000000000000000       0.50000000000000000     
         0.0000000000000000        1.0000000000000000       0.50000000000000000     
         0.0000000000000000       0.50000000000000000        1.0000000000000000     

 !NewElementMapDefinition
         653        1305
         0.0000000000000000        0.0000000000000000        0.0000000000000000     
         0.0000000000000000        1.0000000000000000        0.0000000000000000     
         0.0000000000000000        0.0000000000000000        1.0000000000000000     
         0.0000000000000000        1.0000000000000000        1.0000000000000000     
         0.0000000000000000       0.50000000000000000        0.0000000000000000     
         0.0000000000000000        0.0000000000000000       0.50000000000000000     
         0.0000000000000000       0.50000000000000000       0.50000000000000000     
         0.0000000000000000        1.0000000000000000       0.50000000000000000     
         0.0000000000000000       0.50000000000000000        1.0000000000000000     

 !NewElementMapDefinition
         654        1307
         0.0000000000000000        0.0000000000000000        0.0000000000000000     
         0.0000000000000000        1.0000000000000000        0.0000000000000000     
         0.0000000000000000        0.0000000000000000        1.0000000000000000     
         0.0000000000000000        1.0000000000000000        1.0000000000000000     
         0.0000000000000000       0.50000000000000000        0.0000000000000000     
         0.0000000000000000        0.0000000000000000       0.50000000000000000     
         0.0000000000000000       0.50000000000000000       0.50000000000000000     
         0.0000000000000000        1.0000000000000000       0.50000000000000000     
         0.0000000000000000       0.50000000000000000        1.0000000000000000     

 !NewElementMapDefinition
         655        1309
         0.0000000000000000        0.0000000000000000        0.0000000000000000     
         0.0000000000000000        1.0000000000000000        0.0000000000000000     
         0.0000000000000000        0.0000000000000000        1.0000000000000000     
         0.0000000000000000        1.0000000000000000        1.0000000000000000     
         0.0000000000000000       0.50000000000000000        0.0000000000000000     
         0.0000000000000000        0.0000000000000000       0.50000000000000000     
         0.0000000000000000       0.50000000000000000       0.50000000000000000     
         0.0000000000000000        1.0000000000000000       0.50000000000000000     
         0.0000000000000000       0.50000000000000000        1.0000000000000000     

 !NewElementMapDefinition
         656        1311
         0.0000000000000000        0.0000000000000000        0.0000000000000000     
         0.0000000000000000        1.0000000000000000        0.0000000000000000     
         0.0000000000000000        0.0000000000000000        1.0000000000000000     
         0.0000000000000000        1.0000000000000000        1.0000000000000000     
         0.0000000000000000       0.50000000000000000        0.0000000000000000     
         0.0000000000000000        0.0000000000000000       0.50000000000000000     
         0.0000000000000000       0.50000000000000000       0.50000000000000000     
         0.0000000000000000        1.0000000000000000       0.50000000000000000     
         0.0000000000000000       0.50000000000000000        1.0000000000000000     

 !NewElementMapDefinition
         657        1313
         0.0000000000000000        0.0000000000000000        0.0000000000000000     
         0.0000000000000000        1.0000000000000000        0.0000000000000000     
         0.0000000000000000        0.0000000000000000        1.0000000000000000     
         0.0000000000000000        1.0000000000000000        1.0000000000000000     
         0.0000000000000000       0.50000000000000000        0.0000000000000000     
         0.0000000000000000        0.0000000000000000       0.50000000000000000     
         0.0000000000000000       0.50000000000000000       0.50000000000000000     
         0.0000000000000000        1.0000000000000000       0.50000000000000000     
         0.0000000000000000       0.50000000000000000        1.0000000000000000     

 !NewElementMapDefinition
         658        1315
         0.0000000000000000        0.0000000000000000        0.0000000000000000     
         0.0000000000000000        1.0000000000000000        0.0000000000000000     
         0.0000000000000000        0.0000000000000000        1.0000000000000000     
         0.0000000000000000        1.0000000000000000        1.0000000000000000     
         0.0000000000000000       0.50000000000000000        0.0000000000000000     
         0.0000000000000000        0.0000000000000000       0.50000000000000000     
         0.0000000000000000       0.50000000000000000       0.50000000000000000     
         0.0000000000000000        1.0000000000000000       0.50000000000000000     
         0.0000000000000000       0.50000000000000000        1.0000000000000000     

 !NewElementMapDefinition
         659        1317
         0.0000000000000000        0.0000000000000000        0.0000000000000000     
         0.0000000000000000        1.0000000000000000        0.0000000000000000     
         0.0000000000000000        0.0000000000000000        1.0000000000000000     
         0.0000000000000000        1.0000000000000000        1.0000000000000000     
         0.0000000000000000       0.50000000000000000        0.0000000000000000     
         0.0000000000000000        0.0000000000000000       0.50000000000000000     
         0.0000000000000000       0.50000000000000000       0.50000000000000000     
         0.0000000000000000        1.0000000000000000       0.50000000000000000     
         0.0000000000000000       0.50000000000000000        1.0000000000000000     

 !NewElementMapDefinition
         660        1319
         0.0000000000000000        0.0000000000000000        0.0000000000000000     
         0.0000000000000000        1.0000000000000000        0.0000000000000000     
         0.0000000000000000        0.0000000000000000        1.0000000000000000     
         0.0000000000000000        1.0000000000000000        1.0000000000000000     
         0.0000000000000000       0.50000000000000000        0.0000000000000000     
         0.0000000000000000        0.0000000000000000       0.50000000000000000     
         0.0000000000000000       0.50000000000000000       0.50000000000000000     
         0.0000000000000000        1.0000000000000000       0.50000000000000000     
         0.0000000000000000       0.50000000000000000        1.0000000000000000     

 !NewElementMapDefinition
         661        1321
         0.0000000000000000        0.0000000000000000        0.0000000000000000     
         0.0000000000000000        1.0000000000000000        0.0000000000000000     
         0.0000000000000000        0.0000000000000000        1.0000000000000000     
         0.0000000000000000        1.0000000000000000        1.0000000000000000     
         0.0000000000000000       0.50000000000000000        0.0000000000000000     
         0.0000000000000000        0.0000000000000000       0.50000000000000000     
         0.0000000000000000       0.50000000000000000       0.50000000000000000     
         0.0000000000000000        1.0000000000000000       0.50000000000000000     
         0.0000000000000000       0.50000000000000000        1.0000000000000000     

 !NewElementMapDefinition
         662        1323
         0.0000000000000000        0.0000000000000000        0.0000000000000000     
         0.0000000000000000        1.0000000000000000        0.0000000000000000     
         0.0000000000000000        0.0000000000000000        1.0000000000000000     
         0.0000000000000000        1.0000000000000000        1.0000000000000000     
         0.0000000000000000       0.50000000000000000        0.0000000000000000     
         0.0000000000000000        0.0000000000000000       0.50000000000000000     
         0.0000000000000000       0.50000000000000000       0.50000000000000000     
         0.0000000000000000        1.0000000000000000       0.50000000000000000     
         0.0000000000000000       0.50000000000000000        1.0000000000000000     

 !NewElementMapDefinition
         663        1325
         0.0000000000000000        0.0000000000000000        0.0000000000000000     
         0.0000000000000000        1.0000000000000000        0.0000000000000000     
         0.0000000000000000        0.0000000000000000        1.0000000000000000     
         0.0000000000000000        1.0000000000000000        1.0000000000000000     
         0.0000000000000000       0.50000000000000000        0.0000000000000000     
         0.0000000000000000        0.0000000000000000       0.50000000000000000     
         0.0000000000000000       0.50000000000000000       0.50000000000000000     
         0.0000000000000000        1.0000000000000000       0.50000000000000000     
         0.0000000000000000       0.50000000000000000        1.0000000000000000     

 !NewElementMapDefinition
         664        1327
         0.0000000000000000        0.0000000000000000        0.0000000000000000     
         0.0000000000000000        1.0000000000000000        0.0000000000000000     
         0.0000000000000000        0.0000000000000000        1.0000000000000000     
         0.0000000000000000        1.0000000000000000        1.0000000000000000     
         0.0000000000000000       0.50000000000000000        0.0000000000000000     
         0.0000000000000000        0.0000000000000000       0.50000000000000000     
         0.0000000000000000       0.50000000000000000       0.50000000000000000     
         0.0000000000000000        1.0000000000000000       0.50000000000000000     
         0.0000000000000000       0.50000000000000000        1.0000000000000000     

 !NewElementMapDefinition
         665        1329
         0.0000000000000000        0.0000000000000000        0.0000000000000000     
         0.0000000000000000        1.0000000000000000        0.0000000000000000     
         0.0000000000000000        0.0000000000000000        1.0000000000000000     
         0.0000000000000000        1.0000000000000000        1.0000000000000000     
         0.0000000000000000       0.50000000000000000        0.0000000000000000     
         0.0000000000000000        0.0000000000000000       0.50000000000000000     
         0.0000000000000000       0.50000000000000000       0.50000000000000000     
         0.0000000000000000        1.0000000000000000       0.50000000000000000     
         0.0000000000000000       0.50000000000000000        1.0000000000000000     

 !NewElementMapDefinition
         666        1331
         0.0000000000000000        0.0000000000000000        0.0000000000000000     
         0.0000000000000000        1.0000000000000000        0.0000000000000000     
         0.0000000000000000        0.0000000000000000        1.0000000000000000     
         0.0000000000000000        1.0000000000000000        1.0000000000000000     
         0.0000000000000000       0.50000000000000000        0.0000000000000000     
         0.0000000000000000        0.0000000000000000       0.50000000000000000     
         0.0000000000000000       0.50000000000000000       0.50000000000000000     
         0.0000000000000000        1.0000000000000000       0.50000000000000000     
         0.0000000000000000       0.50000000000000000        1.0000000000000000     

 !NewElementMapDefinition
         667        1333
         0.0000000000000000        0.0000000000000000        0.0000000000000000     
         0.0000000000000000        1.0000000000000000        0.0000000000000000     
         0.0000000000000000        0.0000000000000000        1.0000000000000000     
         0.0000000000000000        1.0000000000000000        1.0000000000000000     
         0.0000000000000000       0.50000000000000000        0.0000000000000000     
         0.0000000000000000        0.0000000000000000       0.50000000000000000     
         0.0000000000000000       0.50000000000000000       0.50000000000000000     
         0.0000000000000000        1.0000000000000000       0.50000000000000000     
         0.0000000000000000       0.50000000000000000        1.0000000000000000     

 !NewElementMapDefinition
         668        1335
         0.0000000000000000        0.0000000000000000        0.0000000000000000     
         0.0000000000000000        1.0000000000000000        0.0000000000000000     
         0.0000000000000000        0.0000000000000000        1.0000000000000000     
         0.0000000000000000        1.0000000000000000        1.0000000000000000     
         0.0000000000000000       0.50000000000000000        0.0000000000000000     
         0.0000000000000000        0.0000000000000000       0.50000000000000000     
         0.0000000000000000       0.50000000000000000       0.50000000000000000     
         0.0000000000000000        1.0000000000000000       0.50000000000000000     
         0.0000000000000000       0.50000000000000000        1.0000000000000000     

 !NewElementMapDefinition
         669        1337
         0.0000000000000000        0.0000000000000000        0.0000000000000000     
         0.0000000000000000        1.0000000000000000        0.0000000000000000     
         0.0000000000000000        0.0000000000000000        1.0000000000000000     
         0.0000000000000000        1.0000000000000000        1.0000000000000000     
         0.0000000000000000       0.50000000000000000        0.0000000000000000     
         0.0000000000000000        0.0000000000000000       0.50000000000000000     
         0.0000000000000000       0.50000000000000000       0.50000000000000000     
         0.0000000000000000        1.0000000000000000       0.50000000000000000     
         0.0000000000000000       0.50000000000000000        1.0000000000000000     

 !NewElementMapDefinition
         670        1339
         0.0000000000000000        0.0000000000000000        0.0000000000000000     
         0.0000000000000000        1.0000000000000000        0.0000000000000000     
         0.0000000000000000        0.0000000000000000        1.0000000000000000     
         0.0000000000000000        1.0000000000000000        1.0000000000000000     
         0.0000000000000000       0.50000000000000000        0.0000000000000000     
         0.0000000000000000        0.0000000000000000       0.50000000000000000     
         0.0000000000000000       0.50000000000000000       0.50000000000000000     
         0.0000000000000000        1.0000000000000000       0.50000000000000000     
         0.0000000000000000       0.50000000000000000        1.0000000000000000     

 !NewElementMapDefinition
         671        1341
         0.0000000000000000        0.0000000000000000        0.0000000000000000     
         0.0000000000000000        1.0000000000000000        0.0000000000000000     
         0.0000000000000000        0.0000000000000000        1.0000000000000000     
         0.0000000000000000        1.0000000000000000        1.0000000000000000     
         0.0000000000000000       0.50000000000000000        0.0000000000000000     
         0.0000000000000000        0.0000000000000000       0.50000000000000000     
         0.0000000000000000       0.50000000000000000       0.50000000000000000     
         0.0000000000000000        1.0000000000000000       0.50000000000000000     
         0.0000000000000000       0.50000000000000000        1.0000000000000000     

 !NewElementMapDefinition
         672        1343
         0.0000000000000000        0.0000000000000000        0.0000000000000000     
         0.0000000000000000        1.0000000000000000        0.0000000000000000     
         0.0000000000000000        0.0000000000000000        1.0000000000000000     
         0.0000000000000000        1.0000000000000000        1.0000000000000000     
         0.0000000000000000       0.50000000000000000        0.0000000000000000     
         0.0000000000000000        0.0000000000000000       0.50000000000000000     
         0.0000000000000000       0.50000000000000000       0.50000000000000000     
         0.0000000000000000        1.0000000000000000       0.50000000000000000     
         0.0000000000000000       0.50000000000000000        1.0000000000000000     

 !NewElementMapDefinition
         673        1345
         0.0000000000000000        0.0000000000000000        0.0000000000000000     
         0.0000000000000000        1.0000000000000000        0.0000000000000000     
         0.0000000000000000        0.0000000000000000        1.0000000000000000     
         0.0000000000000000        1.0000000000000000        1.0000000000000000     
         0.0000000000000000       0.50000000000000000        0.0000000000000000     
         0.0000000000000000        0.0000000000000000       0.50000000000000000     
         0.0000000000000000       0.50000000000000000       0.50000000000000000     
         0.0000000000000000        1.0000000000000000       0.50000000000000000     
         0.0000000000000000       0.50000000000000000        1.0000000000000000     

 !NewElementMapDefinition
         674        1347
         0.0000000000000000        0.0000000000000000        0.0000000000000000     
         0.0000000000000000        1.0000000000000000        0.0000000000000000     
         0.0000000000000000        0.0000000000000000        1.0000000000000000     
         0.0000000000000000        1.0000000000000000        1.0000000000000000     
         0.0000000000000000       0.50000000000000000        0.0000000000000000     
         0.0000000000000000        0.0000000000000000       0.50000000000000000     
         0.0000000000000000       0.50000000000000000       0.50000000000000000     
         0.0000000000000000        1.0000000000000000       0.50000000000000000     
         0.0000000000000000       0.50000000000000000        1.0000000000000000     

 !NewElementMapDefinition
         675        1349
         0.0000000000000000        0.0000000000000000        0.0000000000000000     
         0.0000000000000000        1.0000000000000000        0.0000000000000000     
         0.0000000000000000        0.0000000000000000        1.0000000000000000     
         0.0000000000000000        1.0000000000000000        1.0000000000000000     
         0.0000000000000000       0.50000000000000000        0.0000000000000000     
         0.0000000000000000        0.0000000000000000       0.50000000000000000     
         0.0000000000000000       0.50000000000000000       0.50000000000000000     
         0.0000000000000000        1.0000000000000000       0.50000000000000000     
         0.0000000000000000       0.50000000000000000        1.0000000000000000     

 !NewElementMapDefinition
         676        1351
         0.0000000000000000        0.0000000000000000        0.0000000000000000     
         0.0000000000000000        1.0000000000000000        0.0000000000000000     
         0.0000000000000000        0.0000000000000000        1.0000000000000000     
         0.0000000000000000        1.0000000000000000        1.0000000000000000     
         0.0000000000000000       0.50000000000000000        0.0000000000000000     
         0.0000000000000000        0.0000000000000000       0.50000000000000000     
         0.0000000000000000       0.50000000000000000       0.50000000000000000     
         0.0000000000000000        1.0000000000000000       0.50000000000000000     
         0.0000000000000000       0.50000000000000000        1.0000000000000000     

 !NewElementMapDefinition
         677        1353
         0.0000000000000000        0.0000000000000000        0.0000000000000000     
         0.0000000000000000        1.0000000000000000        0.0000000000000000     
         0.0000000000000000        0.0000000000000000        1.0000000000000000     
         0.0000000000000000        1.0000000000000000        1.0000000000000000     
         0.0000000000000000       0.50000000000000000        0.0000000000000000     
         0.0000000000000000        0.0000000000000000       0.50000000000000000     
         0.0000000000000000       0.50000000000000000       0.50000000000000000     
         0.0000000000000000        1.0000000000000000       0.50000000000000000     
         0.0000000000000000       0.50000000000000000        1.0000000000000000     

 !NewElementMapDefinition
         678        1355
         0.0000000000000000        0.0000000000000000        0.0000000000000000     
         0.0000000000000000        1.0000000000000000        0.0000000000000000     
         0.0000000000000000        0.0000000000000000        1.0000000000000000     
         0.0000000000000000        1.0000000000000000        1.0000000000000000     
         0.0000000000000000       0.50000000000000000        0.0000000000000000     
         0.0000000000000000        0.0000000000000000       0.50000000000000000     
         0.0000000000000000       0.50000000000000000       0.50000000000000000     
         0.0000000000000000        1.0000000000000000       0.50000000000000000     
         0.0000000000000000       0.50000000000000000        1.0000000000000000     

 !NewElementMapDefinition
         679        1357
         0.0000000000000000        0.0000000000000000        0.0000000000000000     
         0.0000000000000000        1.0000000000000000        0.0000000000000000     
         0.0000000000000000        0.0000000000000000        1.0000000000000000     
         0.0000000000000000        1.0000000000000000        1.0000000000000000     
         0.0000000000000000       0.50000000000000000        0.0000000000000000     
         0.0000000000000000        0.0000000000000000       0.50000000000000000     
         0.0000000000000000       0.50000000000000000       0.50000000000000000     
         0.0000000000000000        1.0000000000000000       0.50000000000000000     
         0.0000000000000000       0.50000000000000000        1.0000000000000000     

 !NewElementMapDefinition
         680        1359
         0.0000000000000000        0.0000000000000000        0.0000000000000000     
         0.0000000000000000        1.0000000000000000        0.0000000000000000     
         0.0000000000000000        0.0000000000000000        1.0000000000000000     
         0.0000000000000000        1.0000000000000000        1.0000000000000000     
         0.0000000000000000       0.50000000000000000        0.0000000000000000     
         0.0000000000000000        0.0000000000000000       0.50000000000000000     
         0.0000000000000000       0.50000000000000000       0.50000000000000000     
         0.0000000000000000        1.0000000000000000       0.50000000000000000     
         0.0000000000000000       0.50000000000000000        1.0000000000000000     

 !NewElementMapDefinition
         681        1361
         0.0000000000000000        0.0000000000000000        0.0000000000000000     
         0.0000000000000000        1.0000000000000000        0.0000000000000000     
         0.0000000000000000        0.0000000000000000        1.0000000000000000     
         0.0000000000000000        1.0000000000000000        1.0000000000000000     
         0.0000000000000000       0.50000000000000000        0.0000000000000000     
         0.0000000000000000        0.0000000000000000       0.50000000000000000     
         0.0000000000000000       0.50000000000000000       0.50000000000000000     
         0.0000000000000000        1.0000000000000000       0.50000000000000000     
         0.0000000000000000       0.50000000000000000        1.0000000000000000     

 !NewElementMapDefinition
         682        1363
         0.0000000000000000        0.0000000000000000        0.0000000000000000     
         0.0000000000000000        1.0000000000000000        0.0000000000000000     
         0.0000000000000000        0.0000000000000000        1.0000000000000000     
         0.0000000000000000        1.0000000000000000        1.0000000000000000     
         0.0000000000000000       0.50000000000000000        0.0000000000000000     
         0.0000000000000000        0.0000000000000000       0.50000000000000000     
         0.0000000000000000       0.50000000000000000       0.50000000000000000     
         0.0000000000000000        1.0000000000000000       0.50000000000000000     
         0.0000000000000000       0.50000000000000000        1.0000000000000000     

 !NewElementMapDefinition
         683        1365
         0.0000000000000000        0.0000000000000000        0.0000000000000000     
         0.0000000000000000        1.0000000000000000        0.0000000000000000     
         0.0000000000000000        0.0000000000000000        1.0000000000000000     
         0.0000000000000000        1.0000000000000000        1.0000000000000000     
         0.0000000000000000       0.50000000000000000        0.0000000000000000     
         0.0000000000000000        0.0000000000000000       0.50000000000000000     
         0.0000000000000000       0.50000000000000000       0.50000000000000000     
         0.0000000000000000        1.0000000000000000       0.50000000000000000     
         0.0000000000000000       0.50000000000000000        1.0000000000000000     

 !NewElementMapDefinition
         684        1367
         0.0000000000000000        0.0000000000000000        0.0000000000000000     
         0.0000000000000000        1.0000000000000000        0.0000000000000000     
         0.0000000000000000        0.0000000000000000        1.0000000000000000     
         0.0000000000000000        1.0000000000000000        1.0000000000000000     
         0.0000000000000000       0.50000000000000000        0.0000000000000000     
         0.0000000000000000        0.0000000000000000       0.50000000000000000     
         0.0000000000000000       0.50000000000000000       0.50000000000000000     
         0.0000000000000000        1.0000000000000000       0.50000000000000000     
         0.0000000000000000       0.50000000000000000        1.0000000000000000     

 !NewElementMapDefinition
         685        1369
         0.0000000000000000        0.0000000000000000        0.0000000000000000     
         0.0000000000000000        1.0000000000000000        0.0000000000000000     
         0.0000000000000000        0.0000000000000000        1.0000000000000000     
         0.0000000000000000        1.0000000000000000        1.0000000000000000     
         0.0000000000000000       0.50000000000000000        0.0000000000000000     
         0.0000000000000000        0.0000000000000000       0.50000000000000000     
         0.0000000000000000       0.50000000000000000       0.50000000000000000     
         0.0000000000000000        1.0000000000000000       0.50000000000000000     
         0.0000000000000000       0.50000000000000000        1.0000000000000000     

 !NewElementMapDefinition
         686        1371
         0.0000000000000000        0.0000000000000000        0.0000000000000000     
         0.0000000000000000        1.0000000000000000        0.0000000000000000     
         0.0000000000000000        0.0000000000000000        1.0000000000000000     
         0.0000000000000000        1.0000000000000000        1.0000000000000000     
         0.0000000000000000       0.50000000000000000        0.0000000000000000     
         0.0000000000000000        0.0000000000000000       0.50000000000000000     
         0.0000000000000000       0.50000000000000000       0.50000000000000000     
         0.0000000000000000        1.0000000000000000       0.50000000000000000     
         0.0000000000000000       0.50000000000000000        1.0000000000000000     

 !NewElementMapDefinition
         687        1373
         0.0000000000000000        0.0000000000000000        0.0000000000000000     
         0.0000000000000000        1.0000000000000000        0.0000000000000000     
         0.0000000000000000        0.0000000000000000        1.0000000000000000     
         0.0000000000000000        1.0000000000000000        1.0000000000000000     
         0.0000000000000000       0.50000000000000000        0.0000000000000000     
         0.0000000000000000        0.0000000000000000       0.50000000000000000     
         0.0000000000000000       0.50000000000000000       0.50000000000000000     
         0.0000000000000000        1.0000000000000000       0.50000000000000000     
         0.0000000000000000       0.50000000000000000        1.0000000000000000     

 !NewElementMapDefinition
         688        1375
         0.0000000000000000        0.0000000000000000        0.0000000000000000     
         0.0000000000000000        1.0000000000000000        0.0000000000000000     
         0.0000000000000000        0.0000000000000000        1.0000000000000000     
         0.0000000000000000        1.0000000000000000        1.0000000000000000     
         0.0000000000000000       0.50000000000000000        0.0000000000000000     
         0.0000000000000000        0.0000000000000000       0.50000000000000000     
         0.0000000000000000       0.50000000000000000       0.50000000000000000     
         0.0000000000000000        1.0000000000000000       0.50000000000000000     
         0.0000000000000000       0.50000000000000000        1.0000000000000000     

 !NewElementMapDefinition
         689        1377
         0.0000000000000000        0.0000000000000000        0.0000000000000000     
         0.0000000000000000        1.0000000000000000        0.0000000000000000     
         0.0000000000000000        0.0000000000000000        1.0000000000000000     
         0.0000000000000000        1.0000000000000000        1.0000000000000000     
         0.0000000000000000       0.50000000000000000        0.0000000000000000     
         0.0000000000000000        0.0000000000000000       0.50000000000000000     
         0.0000000000000000       0.50000000000000000       0.50000000000000000     
         0.0000000000000000        1.0000000000000000       0.50000000000000000     
         0.0000000000000000       0.50000000000000000        1.0000000000000000     

 !NewElementMapDefinition
         690        1379
         0.0000000000000000        0.0000000000000000        0.0000000000000000     
         0.0000000000000000        1.0000000000000000        0.0000000000000000     
         0.0000000000000000        0.0000000000000000        1.0000000000000000     
         0.0000000000000000        1.0000000000000000        1.0000000000000000     
         0.0000000000000000       0.50000000000000000        0.0000000000000000     
         0.0000000000000000        0.0000000000000000       0.50000000000000000     
         0.0000000000000000       0.50000000000000000       0.50000000000000000     
         0.0000000000000000        1.0000000000000000       0.50000000000000000     
         0.0000000000000000       0.50000000000000000        1.0000000000000000     

 !NewElementMapDefinition
         691        1381
         0.0000000000000000        0.0000000000000000        0.0000000000000000     
         0.0000000000000000        1.0000000000000000        0.0000000000000000     
         0.0000000000000000        0.0000000000000000        1.0000000000000000     
         0.0000000000000000        1.0000000000000000        1.0000000000000000     
         0.0000000000000000       0.50000000000000000        0.0000000000000000     
         0.0000000000000000        0.0000000000000000       0.50000000000000000     
         0.0000000000000000       0.50000000000000000       0.50000000000000000     
         0.0000000000000000        1.0000000000000000       0.50000000000000000     
         0.0000000000000000       0.50000000000000000        1.0000000000000000     

 !NewElementMapDefinition
         692        1383
         0.0000000000000000        0.0000000000000000        0.0000000000000000     
         0.0000000000000000        1.0000000000000000        0.0000000000000000     
         0.0000000000000000        0.0000000000000000        1.0000000000000000     
         0.0000000000000000        1.0000000000000000        1.0000000000000000     
         0.0000000000000000       0.50000000000000000        0.0000000000000000     
         0.0000000000000000        0.0000000000000000       0.50000000000000000     
         0.0000000000000000       0.50000000000000000       0.50000000000000000     
         0.0000000000000000        1.0000000000000000       0.50000000000000000     
         0.0000000000000000       0.50000000000000000        1.0000000000000000     

 !NewElementMapDefinition
         693        1385
         0.0000000000000000        0.0000000000000000        0.0000000000000000     
         0.0000000000000000        1.0000000000000000        0.0000000000000000     
         0.0000000000000000        0.0000000000000000        1.0000000000000000     
         0.0000000000000000        1.0000000000000000        1.0000000000000000     
         0.0000000000000000       0.50000000000000000        0.0000000000000000     
         0.0000000000000000        0.0000000000000000       0.50000000000000000     
         0.0000000000000000       0.50000000000000000       0.50000000000000000     
         0.0000000000000000        1.0000000000000000       0.50000000000000000     
         0.0000000000000000       0.50000000000000000        1.0000000000000000     

 !NewElementMapDefinition
         694        1387
         0.0000000000000000        0.0000000000000000        0.0000000000000000     
         0.0000000000000000        1.0000000000000000        0.0000000000000000     
         0.0000000000000000        0.0000000000000000        1.0000000000000000     
         0.0000000000000000        1.0000000000000000        1.0000000000000000     
         0.0000000000000000       0.50000000000000000        0.0000000000000000     
         0.0000000000000000        0.0000000000000000       0.50000000000000000     
         0.0000000000000000       0.50000000000000000       0.50000000000000000     
         0.0000000000000000        1.0000000000000000       0.50000000000000000     
         0.0000000000000000       0.50000000000000000        1.0000000000000000     

 !NewElementMapDefinition
         695        1389
         0.0000000000000000        0.0000000000000000        0.0000000000000000     
         0.0000000000000000        1.0000000000000000        0.0000000000000000     
         0.0000000000000000        0.0000000000000000        1.0000000000000000     
         0.0000000000000000        1.0000000000000000        1.0000000000000000     
         0.0000000000000000       0.50000000000000000        0.0000000000000000     
         0.0000000000000000        0.0000000000000000       0.50000000000000000     
         0.0000000000000000       0.50000000000000000       0.50000000000000000     
         0.0000000000000000        1.0000000000000000       0.50000000000000000     
         0.0000000000000000       0.50000000000000000        1.0000000000000000     

 !NewElementMapDefinition
         696        1391
         0.0000000000000000        0.0000000000000000        0.0000000000000000     
         0.0000000000000000        1.0000000000000000        0.0000000000000000     
         0.0000000000000000        0.0000000000000000        1.0000000000000000     
         0.0000000000000000        1.0000000000000000        1.0000000000000000     
         0.0000000000000000       0.50000000000000000        0.0000000000000000     
         0.0000000000000000        0.0000000000000000       0.50000000000000000     
         0.0000000000000000       0.50000000000000000       0.50000000000000000     
         0.0000000000000000        1.0000000000000000       0.50000000000000000     
         0.0000000000000000       0.50000000000000000        1.0000000000000000     

 !NewElementMapDefinition
         697        1393
         0.0000000000000000        0.0000000000000000        0.0000000000000000     
         0.0000000000000000        1.0000000000000000        0.0000000000000000     
         0.0000000000000000        0.0000000000000000        1.0000000000000000     
         0.0000000000000000        1.0000000000000000        1.0000000000000000     
         0.0000000000000000       0.50000000000000000        0.0000000000000000     
         0.0000000000000000        0.0000000000000000       0.50000000000000000     
         0.0000000000000000       0.50000000000000000       0.50000000000000000     
         0.0000000000000000        1.0000000000000000       0.50000000000000000     
         0.0000000000000000       0.50000000000000000        1.0000000000000000     

 !NewElementMapDefinition
         698        1395
         0.0000000000000000        0.0000000000000000        0.0000000000000000     
         0.0000000000000000        1.0000000000000000        0.0000000000000000     
         0.0000000000000000        0.0000000000000000        1.0000000000000000     
         0.0000000000000000        1.0000000000000000        1.0000000000000000     
         0.0000000000000000       0.50000000000000000        0.0000000000000000     
         0.0000000000000000        0.0000000000000000       0.50000000000000000     
         0.0000000000000000       0.50000000000000000       0.50000000000000000     
         0.0000000000000000        1.0000000000000000       0.50000000000000000     
         0.0000000000000000       0.50000000000000000        1.0000000000000000     

 !NewElementMapDefinition
         699        1397
         0.0000000000000000        0.0000000000000000        0.0000000000000000     
         0.0000000000000000        1.0000000000000000        0.0000000000000000     
         0.0000000000000000        0.0000000000000000        1.0000000000000000     
         0.0000000000000000        1.0000000000000000        1.0000000000000000     
         0.0000000000000000       0.50000000000000000        0.0000000000000000     
         0.0000000000000000        0.0000000000000000       0.50000000000000000     
         0.0000000000000000       0.50000000000000000       0.50000000000000000     
         0.0000000000000000        1.0000000000000000       0.50000000000000000     
         0.0000000000000000       0.50000000000000000        1.0000000000000000     

 !NewElementMapDefinition
         700        1399
         0.0000000000000000        0.0000000000000000        0.0000000000000000     
         0.0000000000000000        1.0000000000000000        0.0000000000000000     
         0.0000000000000000        0.0000000000000000        1.0000000000000000     
         0.0000000000000000        1.0000000000000000        1.0000000000000000     
         0.0000000000000000       0.50000000000000000        0.0000000000000000     
         0.0000000000000000        0.0000000000000000       0.50000000000000000     
         0.0000000000000000       0.50000000000000000       0.50000000000000000     
         0.0000000000000000        1.0000000000000000       0.50000000000000000     
         0.0000000000000000       0.50000000000000000        1.0000000000000000     

 !NewElementMapDefinition
         701        1401
         0.0000000000000000        0.0000000000000000        0.0000000000000000     
         0.0000000000000000        1.0000000000000000        0.0000000000000000     
         0.0000000000000000        0.0000000000000000        1.0000000000000000     
         0.0000000000000000        1.0000000000000000        1.0000000000000000     
         0.0000000000000000       0.50000000000000000        0.0000000000000000     
         0.0000000000000000        0.0000000000000000       0.50000000000000000     
         0.0000000000000000       0.50000000000000000       0.50000000000000000     
         0.0000000000000000        1.0000000000000000       0.50000000000000000     
         0.0000000000000000       0.50000000000000000        1.0000000000000000     

 !NewElementMapDefinition
         702        1403
         0.0000000000000000        0.0000000000000000        0.0000000000000000     
         0.0000000000000000        1.0000000000000000        0.0000000000000000     
         0.0000000000000000        0.0000000000000000        1.0000000000000000     
         0.0000000000000000        1.0000000000000000        1.0000000000000000     
         0.0000000000000000       0.50000000000000000        0.0000000000000000     
         0.0000000000000000        0.0000000000000000       0.50000000000000000     
         0.0000000000000000       0.50000000000000000       0.50000000000000000     
         0.0000000000000000        1.0000000000000000       0.50000000000000000     
         0.0000000000000000       0.50000000000000000        1.0000000000000000     

 !NewElementMapDefinition
         703        1405
         0.0000000000000000        0.0000000000000000        0.0000000000000000     
         0.0000000000000000        1.0000000000000000        0.0000000000000000     
         0.0000000000000000        0.0000000000000000        1.0000000000000000     
         0.0000000000000000        1.0000000000000000        1.0000000000000000     
         0.0000000000000000       0.50000000000000000        0.0000000000000000     
         0.0000000000000000        0.0000000000000000       0.50000000000000000     
         0.0000000000000000       0.50000000000000000       0.50000000000000000     
         0.0000000000000000        1.0000000000000000       0.50000000000000000     
         0.0000000000000000       0.50000000000000000        1.0000000000000000     

 !NewElementMapDefinition
         704        1407
         0.0000000000000000        0.0000000000000000        0.0000000000000000     
         0.0000000000000000        1.0000000000000000        0.0000000000000000     
         0.0000000000000000        0.0000000000000000        1.0000000000000000     
         0.0000000000000000        1.0000000000000000        1.0000000000000000     
         0.0000000000000000       0.50000000000000000        0.0000000000000000     
         0.0000000000000000        0.0000000000000000       0.50000000000000000     
         0.0000000000000000       0.50000000000000000       0.50000000000000000     
         0.0000000000000000        1.0000000000000000       0.50000000000000000     
         0.0000000000000000       0.50000000000000000        1.0000000000000000     

 !NewElementMapDefinition
         705        1409
         0.0000000000000000        0.0000000000000000        0.0000000000000000     
         0.0000000000000000        1.0000000000000000        0.0000000000000000     
         0.0000000000000000        0.0000000000000000        1.0000000000000000     
         0.0000000000000000        1.0000000000000000        1.0000000000000000     
         0.0000000000000000       0.50000000000000000        0.0000000000000000     
         0.0000000000000000        0.0000000000000000       0.50000000000000000     
         0.0000000000000000       0.50000000000000000       0.50000000000000000     
         0.0000000000000000        1.0000000000000000       0.50000000000000000     
         0.0000000000000000       0.50000000000000000        1.0000000000000000     

 !NewElementMapDefinition
         706        1411
         0.0000000000000000        0.0000000000000000        0.0000000000000000     
         0.0000000000000000        1.0000000000000000        0.0000000000000000     
         0.0000000000000000        0.0000000000000000        1.0000000000000000     
         0.0000000000000000        1.0000000000000000        1.0000000000000000     
         0.0000000000000000       0.50000000000000000        0.0000000000000000     
         0.0000000000000000        0.0000000000000000       0.50000000000000000     
         0.0000000000000000       0.50000000000000000       0.50000000000000000     
         0.0000000000000000        1.0000000000000000       0.50000000000000000     
         0.0000000000000000       0.50000000000000000        1.0000000000000000     

 !NewElementMapDefinition
         707        1413
         0.0000000000000000        0.0000000000000000        0.0000000000000000     
         0.0000000000000000        1.0000000000000000        0.0000000000000000     
         0.0000000000000000        0.0000000000000000        1.0000000000000000     
         0.0000000000000000        1.0000000000000000        1.0000000000000000     
         0.0000000000000000       0.50000000000000000        0.0000000000000000     
         0.0000000000000000        0.0000000000000000       0.50000000000000000     
         0.0000000000000000       0.50000000000000000       0.50000000000000000     
         0.0000000000000000        1.0000000000000000       0.50000000000000000     
         0.0000000000000000       0.50000000000000000        1.0000000000000000     

 !NewElementMapDefinition
         708        1415
         0.0000000000000000        0.0000000000000000        0.0000000000000000     
         0.0000000000000000        1.0000000000000000        0.0000000000000000     
         0.0000000000000000        0.0000000000000000        1.0000000000000000     
         0.0000000000000000        1.0000000000000000        1.0000000000000000     
         0.0000000000000000       0.50000000000000000        0.0000000000000000     
         0.0000000000000000        0.0000000000000000       0.50000000000000000     
         0.0000000000000000       0.50000000000000000       0.50000000000000000     
         0.0000000000000000        1.0000000000000000       0.50000000000000000     
         0.0000000000000000       0.50000000000000000        1.0000000000000000     

 !NewElementMapDefinition
         709        1417
         0.0000000000000000        0.0000000000000000        0.0000000000000000     
         0.0000000000000000        1.0000000000000000        0.0000000000000000     
         0.0000000000000000        0.0000000000000000        1.0000000000000000     
         0.0000000000000000        1.0000000000000000        1.0000000000000000     
         0.0000000000000000       0.50000000000000000        0.0000000000000000     
         0.0000000000000000        0.0000000000000000       0.50000000000000000     
         0.0000000000000000       0.50000000000000000       0.50000000000000000     
         0.0000000000000000        1.0000000000000000       0.50000000000000000     
         0.0000000000000000       0.50000000000000000        1.0000000000000000     

 !NewElementMapDefinition
         710        1419
         0.0000000000000000        0.0000000000000000        0.0000000000000000     
         0.0000000000000000        1.0000000000000000        0.0000000000000000     
         0.0000000000000000        0.0000000000000000        1.0000000000000000     
         0.0000000000000000        1.0000000000000000        1.0000000000000000     
         0.0000000000000000       0.50000000000000000        0.0000000000000000     
         0.0000000000000000        0.0000000000000000       0.50000000000000000     
         0.0000000000000000       0.50000000000000000       0.50000000000000000     
         0.0000000000000000        1.0000000000000000       0.50000000000000000     
         0.0000000000000000       0.50000000000000000        1.0000000000000000     

 !NewElementMapDefinition
         711        1421
         0.0000000000000000        0.0000000000000000        0.0000000000000000     
         0.0000000000000000        1.0000000000000000        0.0000000000000000     
         0.0000000000000000        0.0000000000000000        1.0000000000000000     
         0.0000000000000000        1.0000000000000000        1.0000000000000000     
         0.0000000000000000       0.50000000000000000        0.0000000000000000     
         0.0000000000000000        0.0000000000000000       0.50000000000000000     
         0.0000000000000000       0.50000000000000000       0.50000000000000000     
         0.0000000000000000        1.0000000000000000       0.50000000000000000     
         0.0000000000000000       0.50000000000000000        1.0000000000000000     

 !NewElementMapDefinition
         712        1423
         0.0000000000000000        0.0000000000000000        0.0000000000000000     
         0.0000000000000000        1.0000000000000000        0.0000000000000000     
         0.0000000000000000        0.0000000000000000        1.0000000000000000     
         0.0000000000000000        1.0000000000000000        1.0000000000000000     
         0.0000000000000000       0.50000000000000000        0.0000000000000000     
         0.0000000000000000        0.0000000000000000       0.50000000000000000     
         0.0000000000000000       0.50000000000000000       0.50000000000000000     
         0.0000000000000000        1.0000000000000000       0.50000000000000000     
         0.0000000000000000       0.50000000000000000        1.0000000000000000     

 !NewElementMapDefinition
         713        1425
         0.0000000000000000        0.0000000000000000        0.0000000000000000     
         0.0000000000000000        1.0000000000000000        0.0000000000000000     
         0.0000000000000000        0.0000000000000000        1.0000000000000000     
         0.0000000000000000        1.0000000000000000        1.0000000000000000     
         0.0000000000000000       0.50000000000000000        0.0000000000000000     
         0.0000000000000000        0.0000000000000000       0.50000000000000000     
         0.0000000000000000       0.50000000000000000       0.50000000000000000     
         0.0000000000000000        1.0000000000000000       0.50000000000000000     
         0.0000000000000000       0.50000000000000000        1.0000000000000000     

 !NewElementMapDefinition
         714        1427
         0.0000000000000000        0.0000000000000000        0.0000000000000000     
         0.0000000000000000        1.0000000000000000        0.0000000000000000     
         0.0000000000000000        0.0000000000000000        1.0000000000000000     
         0.0000000000000000        1.0000000000000000        1.0000000000000000     
         0.0000000000000000       0.50000000000000000        0.0000000000000000     
         0.0000000000000000        0.0000000000000000       0.50000000000000000     
         0.0000000000000000       0.50000000000000000       0.50000000000000000     
         0.0000000000000000        1.0000000000000000       0.50000000000000000     
         0.0000000000000000       0.50000000000000000        1.0000000000000000     

 !NewElementMapDefinition
         715        1429
         0.0000000000000000        0.0000000000000000        0.0000000000000000     
         0.0000000000000000        1.0000000000000000        0.0000000000000000     
         0.0000000000000000        0.0000000000000000        1.0000000000000000     
         0.0000000000000000        1.0000000000000000        1.0000000000000000     
         0.0000000000000000       0.50000000000000000        0.0000000000000000     
         0.0000000000000000        0.0000000000000000       0.50000000000000000     
         0.0000000000000000       0.50000000000000000       0.50000000000000000     
         0.0000000000000000        1.0000000000000000       0.50000000000000000     
         0.0000000000000000       0.50000000000000000        1.0000000000000000     

 !NewElementMapDefinition
         716        1431
         0.0000000000000000        0.0000000000000000        0.0000000000000000     
         0.0000000000000000        1.0000000000000000        0.0000000000000000     
         0.0000000000000000        0.0000000000000000        1.0000000000000000     
         0.0000000000000000        1.0000000000000000        1.0000000000000000     
         0.0000000000000000       0.50000000000000000        0.0000000000000000     
         0.0000000000000000        0.0000000000000000       0.50000000000000000     
         0.0000000000000000       0.50000000000000000       0.50000000000000000     
         0.0000000000000000        1.0000000000000000       0.50000000000000000     
         0.0000000000000000       0.50000000000000000        1.0000000000000000     

 !NewElementMapDefinition
         717        1433
         0.0000000000000000        0.0000000000000000        0.0000000000000000     
         0.0000000000000000        1.0000000000000000        0.0000000000000000     
         0.0000000000000000        0.0000000000000000        1.0000000000000000     
         0.0000000000000000        1.0000000000000000        1.0000000000000000     
         0.0000000000000000       0.50000000000000000        0.0000000000000000     
         0.0000000000000000        0.0000000000000000       0.50000000000000000     
         0.0000000000000000       0.50000000000000000       0.50000000000000000     
         0.0000000000000000        1.0000000000000000       0.50000000000000000     
         0.0000000000000000       0.50000000000000000        1.0000000000000000     

 !NewElementMapDefinition
         718        1435
         0.0000000000000000        0.0000000000000000        0.0000000000000000     
         0.0000000000000000        1.0000000000000000        0.0000000000000000     
         0.0000000000000000        0.0000000000000000        1.0000000000000000     
         0.0000000000000000        1.0000000000000000        1.0000000000000000     
         0.0000000000000000       0.50000000000000000        0.0000000000000000     
         0.0000000000000000        0.0000000000000000       0.50000000000000000     
         0.0000000000000000       0.50000000000000000       0.50000000000000000     
         0.0000000000000000        1.0000000000000000       0.50000000000000000     
         0.0000000000000000       0.50000000000000000        1.0000000000000000     

 !NewElementMapDefinition
         719        1437
         0.0000000000000000        0.0000000000000000        0.0000000000000000     
         0.0000000000000000        1.0000000000000000        0.0000000000000000     
         0.0000000000000000        0.0000000000000000        1.0000000000000000     
         0.0000000000000000        1.0000000000000000        1.0000000000000000     
         0.0000000000000000       0.50000000000000000        0.0000000000000000     
         0.0000000000000000        0.0000000000000000       0.50000000000000000     
         0.0000000000000000       0.50000000000000000       0.50000000000000000     
         0.0000000000000000        1.0000000000000000       0.50000000000000000     
         0.0000000000000000       0.50000000000000000        1.0000000000000000     

 !NewElementMapDefinition
         720        1439
         0.0000000000000000        0.0000000000000000        0.0000000000000000     
         0.0000000000000000        1.0000000000000000        0.0000000000000000     
         0.0000000000000000        0.0000000000000000        1.0000000000000000     
         0.0000000000000000        1.0000000000000000        1.0000000000000000     
         0.0000000000000000       0.50000000000000000        0.0000000000000000     
         0.0000000000000000        0.0000000000000000       0.50000000000000000     
         0.0000000000000000       0.50000000000000000       0.50000000000000000     
         0.0000000000000000        1.0000000000000000       0.50000000000000000     
         0.0000000000000000       0.50000000000000000        1.0000000000000000     

 !NewElementMapDefinition
         721        1441
         0.0000000000000000        0.0000000000000000        0.0000000000000000     
         0.0000000000000000        1.0000000000000000        0.0000000000000000     
         0.0000000000000000        0.0000000000000000        1.0000000000000000     
         0.0000000000000000        1.0000000000000000        1.0000000000000000     
         0.0000000000000000       0.50000000000000000        0.0000000000000000     
         0.0000000000000000        0.0000000000000000       0.50000000000000000     
         0.0000000000000000       0.50000000000000000       0.50000000000000000     
         0.0000000000000000        1.0000000000000000       0.50000000000000000     
         0.0000000000000000       0.50000000000000000        1.0000000000000000     

 !NewElementMapDefinition
         722        1443
         0.0000000000000000        0.0000000000000000        0.0000000000000000     
         0.0000000000000000        1.0000000000000000        0.0000000000000000     
         0.0000000000000000        0.0000000000000000        1.0000000000000000     
         0.0000000000000000        1.0000000000000000        1.0000000000000000     
         0.0000000000000000       0.50000000000000000        0.0000000000000000     
         0.0000000000000000        0.0000000000000000       0.50000000000000000     
         0.0000000000000000       0.50000000000000000       0.50000000000000000     
         0.0000000000000000        1.0000000000000000       0.50000000000000000     
         0.0000000000000000       0.50000000000000000        1.0000000000000000     

 !NewElementMapDefinition
         723        1445
         0.0000000000000000        0.0000000000000000        0.0000000000000000     
         0.0000000000000000        1.0000000000000000        0.0000000000000000     
         0.0000000000000000        0.0000000000000000        1.0000000000000000     
         0.0000000000000000        1.0000000000000000        1.0000000000000000     
         0.0000000000000000       0.50000000000000000        0.0000000000000000     
         0.0000000000000000        0.0000000000000000       0.50000000000000000     
         0.0000000000000000       0.50000000000000000       0.50000000000000000     
         0.0000000000000000        1.0000000000000000       0.50000000000000000     
         0.0000000000000000       0.50000000000000000        1.0000000000000000     

 !NewElementMapDefinition
         724        1447
         0.0000000000000000        0.0000000000000000        0.0000000000000000     
         0.0000000000000000        1.0000000000000000        0.0000000000000000     
         0.0000000000000000        0.0000000000000000        1.0000000000000000     
         0.0000000000000000        1.0000000000000000        1.0000000000000000     
         0.0000000000000000       0.50000000000000000        0.0000000000000000     
         0.0000000000000000        0.0000000000000000       0.50000000000000000     
         0.0000000000000000       0.50000000000000000       0.50000000000000000     
         0.0000000000000000        1.0000000000000000       0.50000000000000000     
         0.0000000000000000       0.50000000000000000        1.0000000000000000     

 !NewElementMapDefinition
         725        1449
         0.0000000000000000        0.0000000000000000        0.0000000000000000     
         0.0000000000000000        1.0000000000000000        0.0000000000000000     
         0.0000000000000000        0.0000000000000000        1.0000000000000000     
         0.0000000000000000        1.0000000000000000        1.0000000000000000     
         0.0000000000000000       0.50000000000000000        0.0000000000000000     
         0.0000000000000000        0.0000000000000000       0.50000000000000000     
         0.0000000000000000       0.50000000000000000       0.50000000000000000     
         0.0000000000000000        1.0000000000000000       0.50000000000000000     
         0.0000000000000000       0.50000000000000000        1.0000000000000000     

 !NewElementMapDefinition
         726        1451
         0.0000000000000000        0.0000000000000000        0.0000000000000000     
         0.0000000000000000        1.0000000000000000        0.0000000000000000     
         0.0000000000000000        0.0000000000000000        1.0000000000000000     
         0.0000000000000000        1.0000000000000000        1.0000000000000000     
         0.0000000000000000       0.50000000000000000        0.0000000000000000     
         0.0000000000000000        0.0000000000000000       0.50000000000000000     
         0.0000000000000000       0.50000000000000000       0.50000000000000000     
         0.0000000000000000        1.0000000000000000       0.50000000000000000     
         0.0000000000000000       0.50000000000000000        1.0000000000000000     

 !NewElementMapDefinition
         727        1453
         0.0000000000000000        0.0000000000000000        0.0000000000000000     
         0.0000000000000000        1.0000000000000000        0.0000000000000000     
         0.0000000000000000        0.0000000000000000        1.0000000000000000     
         0.0000000000000000        1.0000000000000000        1.0000000000000000     
         0.0000000000000000       0.50000000000000000        0.0000000000000000     
         0.0000000000000000        0.0000000000000000       0.50000000000000000     
         0.0000000000000000       0.50000000000000000       0.50000000000000000     
         0.0000000000000000        1.0000000000000000       0.50000000000000000     
         0.0000000000000000       0.50000000000000000        1.0000000000000000     

 !NewElementMapDefinition
         728        1455
         0.0000000000000000        0.0000000000000000        0.0000000000000000     
         0.0000000000000000        1.0000000000000000        0.0000000000000000     
         0.0000000000000000        0.0000000000000000        1.0000000000000000     
         0.0000000000000000        1.0000000000000000        1.0000000000000000     
         0.0000000000000000       0.50000000000000000        0.0000000000000000     
         0.0000000000000000        0.0000000000000000       0.50000000000000000     
         0.0000000000000000       0.50000000000000000       0.50000000000000000     
         0.0000000000000000        1.0000000000000000       0.50000000000000000     
         0.0000000000000000       0.50000000000000000        1.0000000000000000     

 !NewElementMapDefinition
         729        1457
         0.0000000000000000        0.0000000000000000        0.0000000000000000     
         0.0000000000000000        1.0000000000000000        0.0000000000000000     
         0.0000000000000000        0.0000000000000000        1.0000000000000000     
         0.0000000000000000        1.0000000000000000        1.0000000000000000     
         0.0000000000000000       0.50000000000000000        0.0000000000000000     
         0.0000000000000000        0.0000000000000000       0.50000000000000000     
         0.0000000000000000       0.50000000000000000       0.50000000000000000     
         0.0000000000000000        1.0000000000000000       0.50000000000000000     
         0.0000000000000000       0.50000000000000000        1.0000000000000000     

 !NewElementMapDefinition
         730        1459
         0.0000000000000000        0.0000000000000000        0.0000000000000000     
         0.0000000000000000        1.0000000000000000        0.0000000000000000     
         0.0000000000000000        0.0000000000000000        1.0000000000000000     
         0.0000000000000000        1.0000000000000000        1.0000000000000000     
         0.0000000000000000       0.50000000000000000        0.0000000000000000     
         0.0000000000000000        0.0000000000000000       0.50000000000000000     
         0.0000000000000000       0.50000000000000000       0.50000000000000000     
         0.0000000000000000        1.0000000000000000       0.50000000000000000     
         0.0000000000000000       0.50000000000000000        1.0000000000000000     

 !NewElementMapDefinition
         731        1461
         0.0000000000000000        0.0000000000000000        0.0000000000000000     
         0.0000000000000000        1.0000000000000000        0.0000000000000000     
         0.0000000000000000        0.0000000000000000        1.0000000000000000     
         0.0000000000000000        1.0000000000000000        1.0000000000000000     
         0.0000000000000000       0.50000000000000000        0.0000000000000000     
         0.0000000000000000        0.0000000000000000       0.50000000000000000     
         0.0000000000000000       0.50000000000000000       0.50000000000000000     
         0.0000000000000000        1.0000000000000000       0.50000000000000000     
         0.0000000000000000       0.50000000000000000        1.0000000000000000     

 !NewElementMapDefinition
         732        1463
         0.0000000000000000        0.0000000000000000        0.0000000000000000     
         0.0000000000000000        1.0000000000000000        0.0000000000000000     
         0.0000000000000000        0.0000000000000000        1.0000000000000000     
         0.0000000000000000        1.0000000000000000        1.0000000000000000     
         0.0000000000000000       0.50000000000000000        0.0000000000000000     
         0.0000000000000000        0.0000000000000000       0.50000000000000000     
         0.0000000000000000       0.50000000000000000       0.50000000000000000     
         0.0000000000000000        1.0000000000000000       0.50000000000000000     
         0.0000000000000000       0.50000000000000000        1.0000000000000000     

 !NewElementMapDefinition
         733        1465
         0.0000000000000000        0.0000000000000000        0.0000000000000000     
         0.0000000000000000        1.0000000000000000        0.0000000000000000     
         0.0000000000000000        0.0000000000000000        1.0000000000000000     
         0.0000000000000000        1.0000000000000000        1.0000000000000000     
         0.0000000000000000       0.50000000000000000        0.0000000000000000     
         0.0000000000000000        0.0000000000000000       0.50000000000000000     
         0.0000000000000000       0.50000000000000000       0.50000000000000000     
         0.0000000000000000        1.0000000000000000       0.50000000000000000     
         0.0000000000000000       0.50000000000000000        1.0000000000000000     

 !NewElementMapDefinition
         734        1467
         0.0000000000000000        0.0000000000000000        0.0000000000000000     
         0.0000000000000000        1.0000000000000000        0.0000000000000000     
         0.0000000000000000        0.0000000000000000        1.0000000000000000     
         0.0000000000000000        1.0000000000000000        1.0000000000000000     
         0.0000000000000000       0.50000000000000000        0.0000000000000000     
         0.0000000000000000        0.0000000000000000       0.50000000000000000     
         0.0000000000000000       0.50000000000000000       0.50000000000000000     
         0.0000000000000000        1.0000000000000000       0.50000000000000000     
         0.0000000000000000       0.50000000000000000        1.0000000000000000     

 !NewElementMapDefinition
         735        1469
         0.0000000000000000        0.0000000000000000        0.0000000000000000     
         0.0000000000000000        1.0000000000000000        0.0000000000000000     
         0.0000000000000000        0.0000000000000000        1.0000000000000000     
         0.0000000000000000        1.0000000000000000        1.0000000000000000     
         0.0000000000000000       0.50000000000000000        0.0000000000000000     
         0.0000000000000000        0.0000000000000000       0.50000000000000000     
         0.0000000000000000       0.50000000000000000       0.50000000000000000     
         0.0000000000000000        1.0000000000000000       0.50000000000000000     
         0.0000000000000000       0.50000000000000000        1.0000000000000000     

 !NewElementMapDefinition
         736        1471
         0.0000000000000000        0.0000000000000000        0.0000000000000000     
         0.0000000000000000        1.0000000000000000        0.0000000000000000     
         0.0000000000000000        0.0000000000000000        1.0000000000000000     
         0.0000000000000000        1.0000000000000000        1.0000000000000000     
         0.0000000000000000       0.50000000000000000        0.0000000000000000     
         0.0000000000000000        0.0000000000000000       0.50000000000000000     
         0.0000000000000000       0.50000000000000000       0.50000000000000000     
         0.0000000000000000        1.0000000000000000       0.50000000000000000     
         0.0000000000000000       0.50000000000000000        1.0000000000000000     

 !NewElementMapDefinition
         737        1473
         0.0000000000000000        0.0000000000000000        0.0000000000000000     
         0.0000000000000000        1.0000000000000000        0.0000000000000000     
         0.0000000000000000        0.0000000000000000        1.0000000000000000     
         0.0000000000000000        1.0000000000000000        1.0000000000000000     
         0.0000000000000000       0.50000000000000000        0.0000000000000000     
         0.0000000000000000        0.0000000000000000       0.50000000000000000     
         0.0000000000000000       0.50000000000000000       0.50000000000000000     
         0.0000000000000000        1.0000000000000000       0.50000000000000000     
         0.0000000000000000       0.50000000000000000        1.0000000000000000     

 !NewElementMapDefinition
         738        1475
         0.0000000000000000        0.0000000000000000        0.0000000000000000     
         0.0000000000000000        1.0000000000000000        0.0000000000000000     
         0.0000000000000000        0.0000000000000000        1.0000000000000000     
         0.0000000000000000        1.0000000000000000        1.0000000000000000     
         0.0000000000000000       0.50000000000000000        0.0000000000000000     
         0.0000000000000000        0.0000000000000000       0.50000000000000000     
         0.0000000000000000       0.50000000000000000       0.50000000000000000     
         0.0000000000000000        1.0000000000000000       0.50000000000000000     
         0.0000000000000000       0.50000000000000000        1.0000000000000000     

 !NewElementMapDefinition
         739        1477
         0.0000000000000000        0.0000000000000000        0.0000000000000000     
         0.0000000000000000        1.0000000000000000        0.0000000000000000     
         0.0000000000000000        0.0000000000000000        1.0000000000000000     
         0.0000000000000000        1.0000000000000000        1.0000000000000000     
         0.0000000000000000       0.50000000000000000        0.0000000000000000     
         0.0000000000000000        0.0000000000000000       0.50000000000000000     
         0.0000000000000000       0.50000000000000000       0.50000000000000000     
         0.0000000000000000        1.0000000000000000       0.50000000000000000     
         0.0000000000000000       0.50000000000000000        1.0000000000000000     

 !NewElementMapDefinition
         740        1479
         0.0000000000000000        0.0000000000000000        0.0000000000000000     
         0.0000000000000000        1.0000000000000000        0.0000000000000000     
         0.0000000000000000        0.0000000000000000        1.0000000000000000     
         0.0000000000000000        1.0000000000000000        1.0000000000000000     
         0.0000000000000000       0.50000000000000000        0.0000000000000000     
         0.0000000000000000        0.0000000000000000       0.50000000000000000     
         0.0000000000000000       0.50000000000000000       0.50000000000000000     
         0.0000000000000000        1.0000000000000000       0.50000000000000000     
         0.0000000000000000       0.50000000000000000        1.0000000000000000     

 !NewElementMapDefinition
         741        1481
         0.0000000000000000        0.0000000000000000        0.0000000000000000     
         0.0000000000000000        1.0000000000000000        0.0000000000000000     
         0.0000000000000000        0.0000000000000000        1.0000000000000000     
         0.0000000000000000        1.0000000000000000        1.0000000000000000     
         0.0000000000000000       0.50000000000000000        0.0000000000000000     
         0.0000000000000000        0.0000000000000000       0.50000000000000000     
         0.0000000000000000       0.50000000000000000       0.50000000000000000     
         0.0000000000000000        1.0000000000000000       0.50000000000000000     
         0.0000000000000000       0.50000000000000000        1.0000000000000000     

 !NewElementMapDefinition
         742        1483
         0.0000000000000000        0.0000000000000000        0.0000000000000000     
         0.0000000000000000        1.0000000000000000        0.0000000000000000     
         0.0000000000000000        0.0000000000000000        1.0000000000000000     
         0.0000000000000000        1.0000000000000000        1.0000000000000000     
         0.0000000000000000       0.50000000000000000        0.0000000000000000     
         0.0000000000000000        0.0000000000000000       0.50000000000000000     
         0.0000000000000000       0.50000000000000000       0.50000000000000000     
         0.0000000000000000        1.0000000000000000       0.50000000000000000     
         0.0000000000000000       0.50000000000000000        1.0000000000000000     

 !NewElementMapDefinition
         743        1485
         0.0000000000000000        0.0000000000000000        0.0000000000000000     
         0.0000000000000000        1.0000000000000000        0.0000000000000000     
         0.0000000000000000        0.0000000000000000        1.0000000000000000     
         0.0000000000000000        1.0000000000000000        1.0000000000000000     
         0.0000000000000000       0.50000000000000000        0.0000000000000000     
         0.0000000000000000        0.0000000000000000       0.50000000000000000     
         0.0000000000000000       0.50000000000000000       0.50000000000000000     
         0.0000000000000000        1.0000000000000000       0.50000000000000000     
         0.0000000000000000       0.50000000000000000        1.0000000000000000     

 !NewElementMapDefinition
         744        1487
         0.0000000000000000        0.0000000000000000        0.0000000000000000     
         0.0000000000000000        1.0000000000000000        0.0000000000000000     
         0.0000000000000000        0.0000000000000000        1.0000000000000000     
         0.0000000000000000        1.0000000000000000        1.0000000000000000     
         0.0000000000000000       0.50000000000000000        0.0000000000000000     
         0.0000000000000000        0.0000000000000000       0.50000000000000000     
         0.0000000000000000       0.50000000000000000       0.50000000000000000     
         0.0000000000000000        1.0000000000000000       0.50000000000000000     
         0.0000000000000000       0.50000000000000000        1.0000000000000000     

 !NewElementMapDefinition
         745        1489
         0.0000000000000000        0.0000000000000000        0.0000000000000000     
         0.0000000000000000        1.0000000000000000        0.0000000000000000     
         0.0000000000000000        0.0000000000000000        1.0000000000000000     
         0.0000000000000000        1.0000000000000000        1.0000000000000000     
         0.0000000000000000       0.50000000000000000        0.0000000000000000     
         0.0000000000000000        0.0000000000000000       0.50000000000000000     
         0.0000000000000000       0.50000000000000000       0.50000000000000000     
         0.0000000000000000        1.0000000000000000       0.50000000000000000     
         0.0000000000000000       0.50000000000000000        1.0000000000000000     

 !NewElementMapDefinition
         746        1491
         0.0000000000000000        0.0000000000000000        0.0000000000000000     
         0.0000000000000000        1.0000000000000000        0.0000000000000000     
         0.0000000000000000        0.0000000000000000        1.0000000000000000     
         0.0000000000000000        1.0000000000000000        1.0000000000000000     
         0.0000000000000000       0.50000000000000000        0.0000000000000000     
         0.0000000000000000        0.0000000000000000       0.50000000000000000     
         0.0000000000000000       0.50000000000000000       0.50000000000000000     
         0.0000000000000000        1.0000000000000000       0.50000000000000000     
         0.0000000000000000       0.50000000000000000        1.0000000000000000     

 !NewElementMapDefinition
         747        1493
         0.0000000000000000        0.0000000000000000        0.0000000000000000     
         0.0000000000000000        1.0000000000000000        0.0000000000000000     
         0.0000000000000000        0.0000000000000000        1.0000000000000000     
         0.0000000000000000        1.0000000000000000        1.0000000000000000     
         0.0000000000000000       0.50000000000000000        0.0000000000000000     
         0.0000000000000000        0.0000000000000000       0.50000000000000000     
         0.0000000000000000       0.50000000000000000       0.50000000000000000     
         0.0000000000000000        1.0000000000000000       0.50000000000000000     
         0.0000000000000000       0.50000000000000000        1.0000000000000000     

 !NewElementMapDefinition
         748        1495
         0.0000000000000000        0.0000000000000000        0.0000000000000000     
         0.0000000000000000        1.0000000000000000        0.0000000000000000     
         0.0000000000000000        0.0000000000000000        1.0000000000000000     
         0.0000000000000000        1.0000000000000000        1.0000000000000000     
         0.0000000000000000       0.50000000000000000        0.0000000000000000     
         0.0000000000000000        0.0000000000000000       0.50000000000000000     
         0.0000000000000000       0.50000000000000000       0.50000000000000000     
         0.0000000000000000        1.0000000000000000       0.50000000000000000     
         0.0000000000000000       0.50000000000000000        1.0000000000000000     

 !NewElementMapDefinition
         749        1497
         0.0000000000000000        0.0000000000000000        0.0000000000000000     
         0.0000000000000000        1.0000000000000000        0.0000000000000000     
         0.0000000000000000        0.0000000000000000        1.0000000000000000     
         0.0000000000000000        1.0000000000000000        1.0000000000000000     
         0.0000000000000000       0.50000000000000000        0.0000000000000000     
         0.0000000000000000        0.0000000000000000       0.50000000000000000     
         0.0000000000000000       0.50000000000000000       0.50000000000000000     
         0.0000000000000000        1.0000000000000000       0.50000000000000000     
         0.0000000000000000       0.50000000000000000        1.0000000000000000     

 !NewElementMapDefinition
         750        1499
         0.0000000000000000        0.0000000000000000        0.0000000000000000     
         0.0000000000000000        1.0000000000000000        0.0000000000000000     
         0.0000000000000000        0.0000000000000000        1.0000000000000000     
         0.0000000000000000        1.0000000000000000        1.0000000000000000     
         0.0000000000000000       0.50000000000000000        0.0000000000000000     
         0.0000000000000000        0.0000000000000000       0.50000000000000000     
         0.0000000000000000       0.50000000000000000       0.50000000000000000     
         0.0000000000000000        1.0000000000000000       0.50000000000000000     
         0.0000000000000000       0.50000000000000000        1.0000000000000000     

 !NewElementMapDefinition
         751        1501
         0.0000000000000000        0.0000000000000000        0.0000000000000000     
         0.0000000000000000        1.0000000000000000        0.0000000000000000     
         0.0000000000000000        0.0000000000000000        1.0000000000000000     
         0.0000000000000000        1.0000000000000000        1.0000000000000000     
         0.0000000000000000       0.50000000000000000        0.0000000000000000     
         0.0000000000000000        0.0000000000000000       0.50000000000000000     
         0.0000000000000000       0.50000000000000000       0.50000000000000000     
         0.0000000000000000        1.0000000000000000       0.50000000000000000     
         0.0000000000000000       0.50000000000000000        1.0000000000000000     

 !NewElementMapDefinition
         752        1503
         0.0000000000000000        0.0000000000000000        0.0000000000000000     
         0.0000000000000000        1.0000000000000000        0.0000000000000000     
         0.0000000000000000        0.0000000000000000        1.0000000000000000     
         0.0000000000000000        1.0000000000000000        1.0000000000000000     
         0.0000000000000000       0.50000000000000000        0.0000000000000000     
         0.0000000000000000        0.0000000000000000       0.50000000000000000     
         0.0000000000000000       0.50000000000000000       0.50000000000000000     
         0.0000000000000000        1.0000000000000000       0.50000000000000000     
         0.0000000000000000       0.50000000000000000        1.0000000000000000     

 !NewElementMapDefinition
         753        1505
         0.0000000000000000        0.0000000000000000        0.0000000000000000     
         0.0000000000000000        1.0000000000000000        0.0000000000000000     
         0.0000000000000000        0.0000000000000000        1.0000000000000000     
         0.0000000000000000        1.0000000000000000        1.0000000000000000     
         0.0000000000000000       0.50000000000000000        0.0000000000000000     
         0.0000000000000000        0.0000000000000000       0.50000000000000000     
         0.0000000000000000       0.50000000000000000       0.50000000000000000     
         0.0000000000000000        1.0000000000000000       0.50000000000000000     
         0.0000000000000000       0.50000000000000000        1.0000000000000000     

 !NewElementMapDefinition
         754        1507
         0.0000000000000000        0.0000000000000000        0.0000000000000000     
         0.0000000000000000        1.0000000000000000        0.0000000000000000     
         0.0000000000000000        0.0000000000000000        1.0000000000000000     
         0.0000000000000000        1.0000000000000000        1.0000000000000000     
         0.0000000000000000       0.50000000000000000        0.0000000000000000     
         0.0000000000000000        0.0000000000000000       0.50000000000000000     
         0.0000000000000000       0.50000000000000000       0.50000000000000000     
         0.0000000000000000        1.0000000000000000       0.50000000000000000     
         0.0000000000000000       0.50000000000000000        1.0000000000000000     

 !NewElementMapDefinition
         755        1509
         0.0000000000000000        0.0000000000000000        0.0000000000000000     
         0.0000000000000000        1.0000000000000000        0.0000000000000000     
         0.0000000000000000        0.0000000000000000        1.0000000000000000     
         0.0000000000000000        1.0000000000000000        1.0000000000000000     
         0.0000000000000000       0.50000000000000000        0.0000000000000000     
         0.0000000000000000        0.0000000000000000       0.50000000000000000     
         0.0000000000000000       0.50000000000000000       0.50000000000000000     
         0.0000000000000000        1.0000000000000000       0.50000000000000000     
         0.0000000000000000       0.50000000000000000        1.0000000000000000     

 !NewElementMapDefinition
         756        1511
         0.0000000000000000        0.0000000000000000        0.0000000000000000     
         0.0000000000000000        1.0000000000000000        0.0000000000000000     
         0.0000000000000000        0.0000000000000000        1.0000000000000000     
         0.0000000000000000        1.0000000000000000        1.0000000000000000     
         0.0000000000000000       0.50000000000000000        0.0000000000000000     
         0.0000000000000000        0.0000000000000000       0.50000000000000000     
         0.0000000000000000       0.50000000000000000       0.50000000000000000     
         0.0000000000000000        1.0000000000000000       0.50000000000000000     
         0.0000000000000000       0.50000000000000000        1.0000000000000000     

 !NewElementMapDefinition
         757        1513
         0.0000000000000000        0.0000000000000000        0.0000000000000000     
         0.0000000000000000        1.0000000000000000        0.0000000000000000     
         0.0000000000000000        0.0000000000000000        1.0000000000000000     
         0.0000000000000000        1.0000000000000000        1.0000000000000000     
         0.0000000000000000       0.50000000000000000        0.0000000000000000     
         0.0000000000000000        0.0000000000000000       0.50000000000000000     
         0.0000000000000000       0.50000000000000000       0.50000000000000000     
         0.0000000000000000        1.0000000000000000       0.50000000000000000     
         0.0000000000000000       0.50000000000000000        1.0000000000000000     

 !NewElementMapDefinition
         758        1515
         0.0000000000000000        0.0000000000000000        0.0000000000000000     
         0.0000000000000000        1.0000000000000000        0.0000000000000000     
         0.0000000000000000        0.0000000000000000        1.0000000000000000     
         0.0000000000000000        1.0000000000000000        1.0000000000000000     
         0.0000000000000000       0.50000000000000000        0.0000000000000000     
         0.0000000000000000        0.0000000000000000       0.50000000000000000     
         0.0000000000000000       0.50000000000000000       0.50000000000000000     
         0.0000000000000000        1.0000000000000000       0.50000000000000000     
         0.0000000000000000       0.50000000000000000        1.0000000000000000     

 !NewElementMapDefinition
         759        1517
         0.0000000000000000        0.0000000000000000        0.0000000000000000     
         0.0000000000000000        1.0000000000000000        0.0000000000000000     
         0.0000000000000000        0.0000000000000000        1.0000000000000000     
         0.0000000000000000        1.0000000000000000        1.0000000000000000     
         0.0000000000000000       0.50000000000000000        0.0000000000000000     
         0.0000000000000000        0.0000000000000000       0.50000000000000000     
         0.0000000000000000       0.50000000000000000       0.50000000000000000     
         0.0000000000000000        1.0000000000000000       0.50000000000000000     
         0.0000000000000000       0.50000000000000000        1.0000000000000000     

 !NewElementMapDefinition
         760        1519
         0.0000000000000000        0.0000000000000000        0.0000000000000000     
         0.0000000000000000        1.0000000000000000        0.0000000000000000     
         0.0000000000000000        0.0000000000000000        1.0000000000000000     
         0.0000000000000000        1.0000000000000000        1.0000000000000000     
         0.0000000000000000       0.50000000000000000        0.0000000000000000     
         0.0000000000000000        0.0000000000000000       0.50000000000000000     
         0.0000000000000000       0.50000000000000000       0.50000000000000000     
         0.0000000000000000        1.0000000000000000       0.50000000000000000     
         0.0000000000000000       0.50000000000000000        1.0000000000000000     

 !NewElementMapDefinition
         761        1521
         0.0000000000000000        0.0000000000000000        0.0000000000000000     
         0.0000000000000000        1.0000000000000000        0.0000000000000000     
         0.0000000000000000        0.0000000000000000        1.0000000000000000     
         0.0000000000000000        1.0000000000000000        1.0000000000000000     
         0.0000000000000000       0.50000000000000000        0.0000000000000000     
         0.0000000000000000        0.0000000000000000       0.50000000000000000     
         0.0000000000000000       0.50000000000000000       0.50000000000000000     
         0.0000000000000000        1.0000000000000000       0.50000000000000000     
         0.0000000000000000       0.50000000000000000        1.0000000000000000     

 !NewElementMapDefinition
         762        1523
         0.0000000000000000        0.0000000000000000        0.0000000000000000     
         0.0000000000000000        1.0000000000000000        0.0000000000000000     
         0.0000000000000000        0.0000000000000000        1.0000000000000000     
         0.0000000000000000        1.0000000000000000        1.0000000000000000     
         0.0000000000000000       0.50000000000000000        0.0000000000000000     
         0.0000000000000000        0.0000000000000000       0.50000000000000000     
         0.0000000000000000       0.50000000000000000       0.50000000000000000     
         0.0000000000000000        1.0000000000000000       0.50000000000000000     
         0.0000000000000000       0.50000000000000000        1.0000000000000000     

 !NewElementMapDefinition
         763        1525
         0.0000000000000000        0.0000000000000000        0.0000000000000000     
         0.0000000000000000        1.0000000000000000        0.0000000000000000     
         0.0000000000000000        0.0000000000000000        1.0000000000000000     
         0.0000000000000000        1.0000000000000000        1.0000000000000000     
         0.0000000000000000       0.50000000000000000        0.0000000000000000     
         0.0000000000000000        0.0000000000000000       0.50000000000000000     
         0.0000000000000000       0.50000000000000000       0.50000000000000000     
         0.0000000000000000        1.0000000000000000       0.50000000000000000     
         0.0000000000000000       0.50000000000000000        1.0000000000000000     

 !NewElementMapDefinition
         764        1527
         0.0000000000000000        0.0000000000000000        0.0000000000000000     
         0.0000000000000000        1.0000000000000000        0.0000000000000000     
         0.0000000000000000        0.0000000000000000        1.0000000000000000     
         0.0000000000000000        1.0000000000000000        1.0000000000000000     
         0.0000000000000000       0.50000000000000000        0.0000000000000000     
         0.0000000000000000        0.0000000000000000       0.50000000000000000     
         0.0000000000000000       0.50000000000000000       0.50000000000000000     
         0.0000000000000000        1.0000000000000000       0.50000000000000000     
         0.0000000000000000       0.50000000000000000        1.0000000000000000     

 !NewElementMapDefinition
         765        1529
         0.0000000000000000        0.0000000000000000        0.0000000000000000     
         0.0000000000000000        1.0000000000000000        0.0000000000000000     
         0.0000000000000000        0.0000000000000000        1.0000000000000000     
         0.0000000000000000        1.0000000000000000        1.0000000000000000     
         0.0000000000000000       0.50000000000000000        0.0000000000000000     
         0.0000000000000000        0.0000000000000000       0.50000000000000000     
         0.0000000000000000       0.50000000000000000       0.50000000000000000     
         0.0000000000000000        1.0000000000000000       0.50000000000000000     
         0.0000000000000000       0.50000000000000000        1.0000000000000000     

 !NewElementMapDefinition
         766        1531
         0.0000000000000000        0.0000000000000000        0.0000000000000000     
         0.0000000000000000        1.0000000000000000        0.0000000000000000     
         0.0000000000000000        0.0000000000000000        1.0000000000000000     
         0.0000000000000000        1.0000000000000000        1.0000000000000000     
         0.0000000000000000       0.50000000000000000        0.0000000000000000     
         0.0000000000000000        0.0000000000000000       0.50000000000000000     
         0.0000000000000000       0.50000000000000000       0.50000000000000000     
         0.0000000000000000        1.0000000000000000       0.50000000000000000     
         0.0000000000000000       0.50000000000000000        1.0000000000000000     

 !NewElementMapDefinition
         767        1533
         0.0000000000000000        0.0000000000000000        0.0000000000000000     
         0.0000000000000000        1.0000000000000000        0.0000000000000000     
         0.0000000000000000        0.0000000000000000        1.0000000000000000     
         0.0000000000000000        1.0000000000000000        1.0000000000000000     
         0.0000000000000000       0.50000000000000000        0.0000000000000000     
         0.0000000000000000        0.0000000000000000       0.50000000000000000     
         0.0000000000000000       0.50000000000000000       0.50000000000000000     
         0.0000000000000000        1.0000000000000000       0.50000000000000000     
         0.0000000000000000       0.50000000000000000        1.0000000000000000     

 !NewElementMapDefinition
         768        1535
         0.0000000000000000        0.0000000000000000        0.0000000000000000     
         0.0000000000000000        1.0000000000000000        0.0000000000000000     
         0.0000000000000000        0.0000000000000000        1.0000000000000000     
         0.0000000000000000        1.0000000000000000        1.0000000000000000     
         0.0000000000000000       0.50000000000000000        0.0000000000000000     
         0.0000000000000000        0.0000000000000000       0.50000000000000000     
         0.0000000000000000       0.50000000000000000       0.50000000000000000     
         0.0000000000000000        1.0000000000000000       0.50000000000000000     
         0.0000000000000000       0.50000000000000000        1.0000000000000000     

 !NewElementMapDefinition
         769        1537
         0.0000000000000000        0.0000000000000000        0.0000000000000000     
         0.0000000000000000        1.0000000000000000        0.0000000000000000     
         0.0000000000000000        0.0000000000000000        1.0000000000000000     
         0.0000000000000000        1.0000000000000000        1.0000000000000000     
         0.0000000000000000       0.50000000000000000        0.0000000000000000     
         0.0000000000000000        0.0000000000000000       0.50000000000000000     
         0.0000000000000000       0.50000000000000000       0.50000000000000000     
         0.0000000000000000        1.0000000000000000       0.50000000000000000     
         0.0000000000000000       0.50000000000000000        1.0000000000000000     

 !NewElementMapDefinition
         770        1539
         0.0000000000000000        0.0000000000000000        0.0000000000000000     
         0.0000000000000000        1.0000000000000000        0.0000000000000000     
         0.0000000000000000        0.0000000000000000        1.0000000000000000     
         0.0000000000000000        1.0000000000000000        1.0000000000000000     
         0.0000000000000000       0.50000000000000000        0.0000000000000000     
         0.0000000000000000        0.0000000000000000       0.50000000000000000     
         0.0000000000000000       0.50000000000000000       0.50000000000000000     
         0.0000000000000000        1.0000000000000000       0.50000000000000000     
         0.0000000000000000       0.50000000000000000        1.0000000000000000     

 !NewElementMapDefinition
         771        1541
         0.0000000000000000        0.0000000000000000        0.0000000000000000     
         0.0000000000000000        1.0000000000000000        0.0000000000000000     
         0.0000000000000000        0.0000000000000000        1.0000000000000000     
         0.0000000000000000        1.0000000000000000        1.0000000000000000     
         0.0000000000000000       0.50000000000000000        0.0000000000000000     
         0.0000000000000000        0.0000000000000000       0.50000000000000000     
         0.0000000000000000       0.50000000000000000       0.50000000000000000     
         0.0000000000000000        1.0000000000000000       0.50000000000000000     
         0.0000000000000000       0.50000000000000000        1.0000000000000000     

 !NewElementMapDefinition
         772        1543
         0.0000000000000000        0.0000000000000000        0.0000000000000000     
         0.0000000000000000        1.0000000000000000        0.0000000000000000     
         0.0000000000000000        0.0000000000000000        1.0000000000000000     
         0.0000000000000000        1.0000000000000000        1.0000000000000000     
         0.0000000000000000       0.50000000000000000        0.0000000000000000     
         0.0000000000000000        0.0000000000000000       0.50000000000000000     
         0.0000000000000000       0.50000000000000000       0.50000000000000000     
         0.0000000000000000        1.0000000000000000       0.50000000000000000     
         0.0000000000000000       0.50000000000000000        1.0000000000000000     

 !NewElementMapDefinition
         773        1545
         0.0000000000000000        0.0000000000000000        0.0000000000000000     
         0.0000000000000000        1.0000000000000000        0.0000000000000000     
         0.0000000000000000        0.0000000000000000        1.0000000000000000     
         0.0000000000000000        1.0000000000000000        1.0000000000000000     
         0.0000000000000000       0.50000000000000000        0.0000000000000000     
         0.0000000000000000        0.0000000000000000       0.50000000000000000     
         0.0000000000000000       0.50000000000000000       0.50000000000000000     
         0.0000000000000000        1.0000000000000000       0.50000000000000000     
         0.0000000000000000       0.50000000000000000        1.0000000000000000     

 !NewElementMapDefinition
         774        1547
         0.0000000000000000        0.0000000000000000        0.0000000000000000     
         0.0000000000000000        1.0000000000000000        0.0000000000000000     
         0.0000000000000000        0.0000000000000000        1.0000000000000000     
         0.0000000000000000        1.0000000000000000        1.0000000000000000     
         0.0000000000000000       0.50000000000000000        0.0000000000000000     
         0.0000000000000000        0.0000000000000000       0.50000000000000000     
         0.0000000000000000       0.50000000000000000       0.50000000000000000     
         0.0000000000000000        1.0000000000000000       0.50000000000000000     
         0.0000000000000000       0.50000000000000000        1.0000000000000000     

 !NewElementMapDefinition
         775        1549
         0.0000000000000000        0.0000000000000000        0.0000000000000000     
         0.0000000000000000        1.0000000000000000        0.0000000000000000     
         0.0000000000000000        0.0000000000000000        1.0000000000000000     
         0.0000000000000000        1.0000000000000000        1.0000000000000000     
         0.0000000000000000       0.50000000000000000        0.0000000000000000     
         0.0000000000000000        0.0000000000000000       0.50000000000000000     
         0.0000000000000000       0.50000000000000000       0.50000000000000000     
         0.0000000000000000        1.0000000000000000       0.50000000000000000     
         0.0000000000000000       0.50000000000000000        1.0000000000000000     

 !NewElementMapDefinition
         776        1551
         0.0000000000000000        0.0000000000000000        0.0000000000000000     
         0.0000000000000000        1.0000000000000000        0.0000000000000000     
         0.0000000000000000        0.0000000000000000        1.0000000000000000     
         0.0000000000000000        1.0000000000000000        1.0000000000000000     
         0.0000000000000000       0.50000000000000000        0.0000000000000000     
         0.0000000000000000        0.0000000000000000       0.50000000000000000     
         0.0000000000000000       0.50000000000000000       0.50000000000000000     
         0.0000000000000000        1.0000000000000000       0.50000000000000000     
         0.0000000000000000       0.50000000000000000        1.0000000000000000     

 !NewElementMapDefinition
         777        1553
         0.0000000000000000        0.0000000000000000        0.0000000000000000     
         0.0000000000000000        1.0000000000000000        0.0000000000000000     
         0.0000000000000000        0.0000000000000000        1.0000000000000000     
         0.0000000000000000        1.0000000000000000        1.0000000000000000     
         0.0000000000000000       0.50000000000000000        0.0000000000000000     
         0.0000000000000000        0.0000000000000000       0.50000000000000000     
         0.0000000000000000       0.50000000000000000       0.50000000000000000     
         0.0000000000000000        1.0000000000000000       0.50000000000000000     
         0.0000000000000000       0.50000000000000000        1.0000000000000000     

 !NewElementMapDefinition
         778        1555
         0.0000000000000000        0.0000000000000000        0.0000000000000000     
         0.0000000000000000        1.0000000000000000        0.0000000000000000     
         0.0000000000000000        0.0000000000000000        1.0000000000000000     
         0.0000000000000000        1.0000000000000000        1.0000000000000000     
         0.0000000000000000       0.50000000000000000        0.0000000000000000     
         0.0000000000000000        0.0000000000000000       0.50000000000000000     
         0.0000000000000000       0.50000000000000000       0.50000000000000000     
         0.0000000000000000        1.0000000000000000       0.50000000000000000     
         0.0000000000000000       0.50000000000000000        1.0000000000000000     

 !NewElementMapDefinition
         779        1557
         0.0000000000000000        0.0000000000000000        0.0000000000000000     
         0.0000000000000000        1.0000000000000000        0.0000000000000000     
         0.0000000000000000        0.0000000000000000        1.0000000000000000     
         0.0000000000000000        1.0000000000000000        1.0000000000000000     
         0.0000000000000000       0.50000000000000000        0.0000000000000000     
         0.0000000000000000        0.0000000000000000       0.50000000000000000     
         0.0000000000000000       0.50000000000000000       0.50000000000000000     
         0.0000000000000000        1.0000000000000000       0.50000000000000000     
         0.0000000000000000       0.50000000000000000        1.0000000000000000     

 !NewElementMapDefinition
         780        1559
         0.0000000000000000        0.0000000000000000        0.0000000000000000     
         0.0000000000000000        1.0000000000000000        0.0000000000000000     
         0.0000000000000000        0.0000000000000000        1.0000000000000000     
         0.0000000000000000        1.0000000000000000        1.0000000000000000     
         0.0000000000000000       0.50000000000000000        0.0000000000000000     
         0.0000000000000000        0.0000000000000000       0.50000000000000000     
         0.0000000000000000       0.50000000000000000       0.50000000000000000     
         0.0000000000000000        1.0000000000000000       0.50000000000000000     
         0.0000000000000000       0.50000000000000000        1.0000000000000000     

 !NewElementMapDefinition
         781        1561
         0.0000000000000000        0.0000000000000000        0.0000000000000000     
         0.0000000000000000        1.0000000000000000        0.0000000000000000     
         0.0000000000000000        0.0000000000000000        1.0000000000000000     
         0.0000000000000000        1.0000000000000000        1.0000000000000000     
         0.0000000000000000       0.50000000000000000        0.0000000000000000     
         0.0000000000000000        0.0000000000000000       0.50000000000000000     
         0.0000000000000000       0.50000000000000000       0.50000000000000000     
         0.0000000000000000        1.0000000000000000       0.50000000000000000     
         0.0000000000000000       0.50000000000000000        1.0000000000000000     

 !NewElementMapDefinition
         782        1563
         0.0000000000000000        0.0000000000000000        0.0000000000000000     
         0.0000000000000000        1.0000000000000000        0.0000000000000000     
         0.0000000000000000        0.0000000000000000        1.0000000000000000     
         0.0000000000000000        1.0000000000000000        1.0000000000000000     
         0.0000000000000000       0.50000000000000000        0.0000000000000000     
         0.0000000000000000        0.0000000000000000       0.50000000000000000     
         0.0000000000000000       0.50000000000000000       0.50000000000000000     
         0.0000000000000000        1.0000000000000000       0.50000000000000000     
         0.0000000000000000       0.50000000000000000        1.0000000000000000     

 !NewElementMapDefinition
         783        1565
         0.0000000000000000        0.0000000000000000        0.0000000000000000     
         0.0000000000000000        1.0000000000000000        0.0000000000000000     
         0.0000000000000000        0.0000000000000000        1.0000000000000000     
         0.0000000000000000        1.0000000000000000        1.0000000000000000     
         0.0000000000000000       0.50000000000000000        0.0000000000000000     
         0.0000000000000000        0.0000000000000000       0.50000000000000000     
         0.0000000000000000       0.50000000000000000       0.50000000000000000     
         0.0000000000000000        1.0000000000000000       0.50000000000000000     
         0.0000000000000000       0.50000000000000000        1.0000000000000000     

 !NewElementMapDefinition
         784        1567
         0.0000000000000000        0.0000000000000000        0.0000000000000000     
         0.0000000000000000        1.0000000000000000        0.0000000000000000     
         0.0000000000000000        0.0000000000000000        1.0000000000000000     
         0.0000000000000000        1.0000000000000000        1.0000000000000000     
         0.0000000000000000       0.50000000000000000        0.0000000000000000     
         0.0000000000000000        0.0000000000000000       0.50000000000000000     
         0.0000000000000000       0.50000000000000000       0.50000000000000000     
         0.0000000000000000        1.0000000000000000       0.50000000000000000     
         0.0000000000000000       0.50000000000000000        1.0000000000000000     

 !NewElementMapDefinition
         785        1569
         0.0000000000000000        0.0000000000000000        0.0000000000000000     
         0.0000000000000000        1.0000000000000000        0.0000000000000000     
         0.0000000000000000        0.0000000000000000        1.0000000000000000     
         0.0000000000000000        1.0000000000000000        1.0000000000000000     
         0.0000000000000000       0.50000000000000000        0.0000000000000000     
         0.0000000000000000        0.0000000000000000       0.50000000000000000     
         0.0000000000000000       0.50000000000000000       0.50000000000000000     
         0.0000000000000000        1.0000000000000000       0.50000000000000000     
         0.0000000000000000       0.50000000000000000        1.0000000000000000     

 !NewElementMapDefinition
         786        1571
         0.0000000000000000        0.0000000000000000        0.0000000000000000     
         0.0000000000000000        1.0000000000000000        0.0000000000000000     
         0.0000000000000000        0.0000000000000000        1.0000000000000000     
         0.0000000000000000        1.0000000000000000        1.0000000000000000     
         0.0000000000000000       0.50000000000000000        0.0000000000000000     
         0.0000000000000000        0.0000000000000000       0.50000000000000000     
         0.0000000000000000       0.50000000000000000       0.50000000000000000     
         0.0000000000000000        1.0000000000000000       0.50000000000000000     
         0.0000000000000000       0.50000000000000000        1.0000000000000000     

 !NewElementMapDefinition
         787        1573
         0.0000000000000000        0.0000000000000000        0.0000000000000000     
         0.0000000000000000        1.0000000000000000        0.0000000000000000     
         0.0000000000000000        0.0000000000000000        1.0000000000000000     
         0.0000000000000000        1.0000000000000000        1.0000000000000000     
         0.0000000000000000       0.50000000000000000        0.0000000000000000     
         0.0000000000000000        0.0000000000000000       0.50000000000000000     
         0.0000000000000000       0.50000000000000000       0.50000000000000000     
         0.0000000000000000        1.0000000000000000       0.50000000000000000     
         0.0000000000000000       0.50000000000000000        1.0000000000000000     

 !NewElementMapDefinition
         788        1575
         0.0000000000000000        0.0000000000000000        0.0000000000000000     
         0.0000000000000000        1.0000000000000000        0.0000000000000000     
         0.0000000000000000        0.0000000000000000        1.0000000000000000     
         0.0000000000000000        1.0000000000000000        1.0000000000000000     
         0.0000000000000000       0.50000000000000000        0.0000000000000000     
         0.0000000000000000        0.0000000000000000       0.50000000000000000     
         0.0000000000000000       0.50000000000000000       0.50000000000000000     
         0.0000000000000000        1.0000000000000000       0.50000000000000000     
         0.0000000000000000       0.50000000000000000        1.0000000000000000     

 !NewElementMapDefinition
         789        1577
         0.0000000000000000        0.0000000000000000        0.0000000000000000     
         0.0000000000000000        1.0000000000000000        0.0000000000000000     
         0.0000000000000000        0.0000000000000000        1.0000000000000000     
         0.0000000000000000        1.0000000000000000        1.0000000000000000     
         0.0000000000000000       0.50000000000000000        0.0000000000000000     
         0.0000000000000000        0.0000000000000000       0.50000000000000000     
         0.0000000000000000       0.50000000000000000       0.50000000000000000     
         0.0000000000000000        1.0000000000000000       0.50000000000000000     
         0.0000000000000000       0.50000000000000000        1.0000000000000000     

 !NewElementMapDefinition
         790        1579
         0.0000000000000000        0.0000000000000000        0.0000000000000000     
         0.0000000000000000        1.0000000000000000        0.0000000000000000     
         0.0000000000000000        0.0000000000000000        1.0000000000000000     
         0.0000000000000000        1.0000000000000000        1.0000000000000000     
         0.0000000000000000       0.50000000000000000        0.0000000000000000     
         0.0000000000000000        0.0000000000000000       0.50000000000000000     
         0.0000000000000000       0.50000000000000000       0.50000000000000000     
         0.0000000000000000        1.0000000000000000       0.50000000000000000     
         0.0000000000000000       0.50000000000000000        1.0000000000000000     

 !NewElementMapDefinition
         791        1581
         0.0000000000000000        0.0000000000000000        0.0000000000000000     
         0.0000000000000000        1.0000000000000000        0.0000000000000000     
         0.0000000000000000        0.0000000000000000        1.0000000000000000     
         0.0000000000000000        1.0000000000000000        1.0000000000000000     
         0.0000000000000000       0.50000000000000000        0.0000000000000000     
         0.0000000000000000        0.0000000000000000       0.50000000000000000     
         0.0000000000000000       0.50000000000000000       0.50000000000000000     
         0.0000000000000000        1.0000000000000000       0.50000000000000000     
         0.0000000000000000       0.50000000000000000        1.0000000000000000     

 !NewElementMapDefinition
         792        1583
         0.0000000000000000        0.0000000000000000        0.0000000000000000     
         0.0000000000000000        1.0000000000000000        0.0000000000000000     
         0.0000000000000000        0.0000000000000000        1.0000000000000000     
         0.0000000000000000        1.0000000000000000        1.0000000000000000     
         0.0000000000000000       0.50000000000000000        0.0000000000000000     
         0.0000000000000000        0.0000000000000000       0.50000000000000000     
         0.0000000000000000       0.50000000000000000       0.50000000000000000     
         0.0000000000000000        1.0000000000000000       0.50000000000000000     
         0.0000000000000000       0.50000000000000000        1.0000000000000000     

 !NewElementMapDefinition
         793        1585
         0.0000000000000000        0.0000000000000000        0.0000000000000000     
         0.0000000000000000        1.0000000000000000        0.0000000000000000     
         0.0000000000000000        0.0000000000000000        1.0000000000000000     
         0.0000000000000000        1.0000000000000000        1.0000000000000000     
         0.0000000000000000       0.50000000000000000        0.0000000000000000     
         0.0000000000000000        0.0000000000000000       0.50000000000000000     
         0.0000000000000000       0.50000000000000000       0.50000000000000000     
         0.0000000000000000        1.0000000000000000       0.50000000000000000     
         0.0000000000000000       0.50000000000000000        1.0000000000000000     

 !NewElementMapDefinition
         794        1587
         0.0000000000000000        0.0000000000000000        0.0000000000000000     
         0.0000000000000000        1.0000000000000000        0.0000000000000000     
         0.0000000000000000        0.0000000000000000        1.0000000000000000     
         0.0000000000000000        1.0000000000000000        1.0000000000000000     
         0.0000000000000000       0.50000000000000000        0.0000000000000000     
         0.0000000000000000        0.0000000000000000       0.50000000000000000     
         0.0000000000000000       0.50000000000000000       0.50000000000000000     
         0.0000000000000000        1.0000000000000000       0.50000000000000000     
         0.0000000000000000       0.50000000000000000        1.0000000000000000     

 !NewElementMapDefinition
         795        1589
         0.0000000000000000        0.0000000000000000        0.0000000000000000     
         0.0000000000000000        1.0000000000000000        0.0000000000000000     
         0.0000000000000000        0.0000000000000000        1.0000000000000000     
         0.0000000000000000        1.0000000000000000        1.0000000000000000     
         0.0000000000000000       0.50000000000000000        0.0000000000000000     
         0.0000000000000000        0.0000000000000000       0.50000000000000000     
         0.0000000000000000       0.50000000000000000       0.50000000000000000     
         0.0000000000000000        1.0000000000000000       0.50000000000000000     
         0.0000000000000000       0.50000000000000000        1.0000000000000000     

 !NewElementMapDefinition
         796        1591
         0.0000000000000000        0.0000000000000000        0.0000000000000000     
         0.0000000000000000        1.0000000000000000        0.0000000000000000     
         0.0000000000000000        0.0000000000000000        1.0000000000000000     
         0.0000000000000000        1.0000000000000000        1.0000000000000000     
         0.0000000000000000       0.50000000000000000        0.0000000000000000     
         0.0000000000000000        0.0000000000000000       0.50000000000000000     
         0.0000000000000000       0.50000000000000000       0.50000000000000000     
         0.0000000000000000        1.0000000000000000       0.50000000000000000     
         0.0000000000000000       0.50000000000000000        1.0000000000000000     

 !NewElementMapDefinition
         797        1593
         0.0000000000000000        0.0000000000000000        0.0000000000000000     
         0.0000000000000000        1.0000000000000000        0.0000000000000000     
         0.0000000000000000        0.0000000000000000        1.0000000000000000     
         0.0000000000000000        1.0000000000000000        1.0000000000000000     
         0.0000000000000000       0.50000000000000000        0.0000000000000000     
         0.0000000000000000        0.0000000000000000       0.50000000000000000     
         0.0000000000000000       0.50000000000000000       0.50000000000000000     
         0.0000000000000000        1.0000000000000000       0.50000000000000000     
         0.0000000000000000       0.50000000000000000        1.0000000000000000     

 !NewElementMapDefinition
         798        1595
         0.0000000000000000        0.0000000000000000        0.0000000000000000     
         0.0000000000000000        1.0000000000000000        0.0000000000000000     
         0.0000000000000000        0.0000000000000000        1.0000000000000000     
         0.0000000000000000        1.0000000000000000        1.0000000000000000     
         0.0000000000000000       0.50000000000000000        0.0000000000000000     
         0.0000000000000000        0.0000000000000000       0.50000000000000000     
         0.0000000000000000       0.50000000000000000       0.50000000000000000     
         0.0000000000000000        1.0000000000000000       0.50000000000000000     
         0.0000000000000000       0.50000000000000000        1.0000000000000000     

 !NewElementMapDefinition
         799        1597
         0.0000000000000000        0.0000000000000000        0.0000000000000000     
         0.0000000000000000        1.0000000000000000        0.0000000000000000     
         0.0000000000000000        0.0000000000000000        1.0000000000000000     
         0.0000000000000000        1.0000000000000000        1.0000000000000000     
         0.0000000000000000       0.50000000000000000        0.0000000000000000     
         0.0000000000000000        0.0000000000000000       0.50000000000000000     
         0.0000000000000000       0.50000000000000000       0.50000000000000000     
         0.0000000000000000        1.0000000000000000       0.50000000000000000     
         0.0000000000000000       0.50000000000000000        1.0000000000000000     

 !NewElementMapDefinition
         800        1599
         0.0000000000000000        0.0000000000000000        0.0000000000000000     
         0.0000000000000000        1.0000000000000000        0.0000000000000000     
         0.0000000000000000        0.0000000000000000        1.0000000000000000     
         0.0000000000000000        1.0000000000000000        1.0000000000000000     
         0.0000000000000000       0.50000000000000000        0.0000000000000000     
         0.0000000000000000        0.0000000000000000       0.50000000000000000     
         0.0000000000000000       0.50000000000000000       0.50000000000000000     
         0.0000000000000000        1.0000000000000000       0.50000000000000000     
         0.0000000000000000       0.50000000000000000        1.0000000000000000     

 !NewElementMapDefinition
         801        1601
         0.0000000000000000        0.0000000000000000        0.0000000000000000     
         0.0000000000000000        1.0000000000000000        0.0000000000000000     
         0.0000000000000000        0.0000000000000000        1.0000000000000000     
         0.0000000000000000        1.0000000000000000        1.0000000000000000     
         0.0000000000000000       0.50000000000000000        0.0000000000000000     
         0.0000000000000000        0.0000000000000000       0.50000000000000000     
         0.0000000000000000       0.50000000000000000       0.50000000000000000     
         0.0000000000000000        1.0000000000000000       0.50000000000000000     
         0.0000000000000000       0.50000000000000000        1.0000000000000000     

 !NewElementMapDefinition
         802        1603
         0.0000000000000000        0.0000000000000000        0.0000000000000000     
         0.0000000000000000        1.0000000000000000        0.0000000000000000     
         0.0000000000000000        0.0000000000000000        1.0000000000000000     
         0.0000000000000000        1.0000000000000000        1.0000000000000000     
         0.0000000000000000       0.50000000000000000        0.0000000000000000     
         0.0000000000000000        0.0000000000000000       0.50000000000000000     
         0.0000000000000000       0.50000000000000000       0.50000000000000000     
         0.0000000000000000        1.0000000000000000       0.50000000000000000     
         0.0000000000000000       0.50000000000000000        1.0000000000000000     

 !NewElementMapDefinition
         803        1605
         0.0000000000000000        0.0000000000000000        0.0000000000000000     
         0.0000000000000000        1.0000000000000000        0.0000000000000000     
         0.0000000000000000        0.0000000000000000        1.0000000000000000     
         0.0000000000000000        1.0000000000000000        1.0000000000000000     
         0.0000000000000000       0.50000000000000000        0.0000000000000000     
         0.0000000000000000        0.0000000000000000       0.50000000000000000     
         0.0000000000000000       0.50000000000000000       0.50000000000000000     
         0.0000000000000000        1.0000000000000000       0.50000000000000000     
         0.0000000000000000       0.50000000000000000        1.0000000000000000     

 !NewElementMapDefinition
         804        1607
         0.0000000000000000        0.0000000000000000        0.0000000000000000     
         0.0000000000000000        1.0000000000000000        0.0000000000000000     
         0.0000000000000000        0.0000000000000000        1.0000000000000000     
         0.0000000000000000        1.0000000000000000        1.0000000000000000     
         0.0000000000000000       0.50000000000000000        0.0000000000000000     
         0.0000000000000000        0.0000000000000000       0.50000000000000000     
         0.0000000000000000       0.50000000000000000       0.50000000000000000     
         0.0000000000000000        1.0000000000000000       0.50000000000000000     
         0.0000000000000000       0.50000000000000000        1.0000000000000000     

 !NewElementMapDefinition
         805        1609
         0.0000000000000000        0.0000000000000000        0.0000000000000000     
         0.0000000000000000        1.0000000000000000        0.0000000000000000     
         0.0000000000000000        0.0000000000000000        1.0000000000000000     
         0.0000000000000000        1.0000000000000000        1.0000000000000000     
         0.0000000000000000       0.50000000000000000        0.0000000000000000     
         0.0000000000000000        0.0000000000000000       0.50000000000000000     
         0.0000000000000000       0.50000000000000000       0.50000000000000000     
         0.0000000000000000        1.0000000000000000       0.50000000000000000     
         0.0000000000000000       0.50000000000000000        1.0000000000000000     

 !NewElementMapDefinition
         806        1611
         0.0000000000000000        0.0000000000000000        0.0000000000000000     
         0.0000000000000000        1.0000000000000000        0.0000000000000000     
         0.0000000000000000        0.0000000000000000        1.0000000000000000     
         0.0000000000000000        1.0000000000000000        1.0000000000000000     
         0.0000000000000000       0.50000000000000000        0.0000000000000000     
         0.0000000000000000        0.0000000000000000       0.50000000000000000     
         0.0000000000000000       0.50000000000000000       0.50000000000000000     
         0.0000000000000000        1.0000000000000000       0.50000000000000000     
         0.0000000000000000       0.50000000000000000        1.0000000000000000     

 !NewElementMapDefinition
         807        1613
         0.0000000000000000        0.0000000000000000        0.0000000000000000     
         0.0000000000000000        1.0000000000000000        0.0000000000000000     
         0.0000000000000000        0.0000000000000000        1.0000000000000000     
         0.0000000000000000        1.0000000000000000        1.0000000000000000     
         0.0000000000000000       0.50000000000000000        0.0000000000000000     
         0.0000000000000000        0.0000000000000000       0.50000000000000000     
         0.0000000000000000       0.50000000000000000       0.50000000000000000     
         0.0000000000000000        1.0000000000000000       0.50000000000000000     
         0.0000000000000000       0.50000000000000000        1.0000000000000000     

 !NewElementMapDefinition
         808        1615
         0.0000000000000000        0.0000000000000000        0.0000000000000000     
         0.0000000000000000        1.0000000000000000        0.0000000000000000     
         0.0000000000000000        0.0000000000000000        1.0000000000000000     
         0.0000000000000000        1.0000000000000000        1.0000000000000000     
         0.0000000000000000       0.50000000000000000        0.0000000000000000     
         0.0000000000000000        0.0000000000000000       0.50000000000000000     
         0.0000000000000000       0.50000000000000000       0.50000000000000000     
         0.0000000000000000        1.0000000000000000       0.50000000000000000     
         0.0000000000000000       0.50000000000000000        1.0000000000000000     

 !NewElementMapDefinition
         809        1617
         0.0000000000000000        0.0000000000000000        0.0000000000000000     
         0.0000000000000000        1.0000000000000000        0.0000000000000000     
         0.0000000000000000        0.0000000000000000        1.0000000000000000     
         0.0000000000000000        1.0000000000000000        1.0000000000000000     
         0.0000000000000000       0.50000000000000000        0.0000000000000000     
         0.0000000000000000        0.0000000000000000       0.50000000000000000     
         0.0000000000000000       0.50000000000000000       0.50000000000000000     
         0.0000000000000000        1.0000000000000000       0.50000000000000000     
         0.0000000000000000       0.50000000000000000        1.0000000000000000     

 !NewElementMapDefinition
         810        1619
         0.0000000000000000        0.0000000000000000        0.0000000000000000     
         0.0000000000000000        1.0000000000000000        0.0000000000000000     
         0.0000000000000000        0.0000000000000000        1.0000000000000000     
         0.0000000000000000        1.0000000000000000        1.0000000000000000     
         0.0000000000000000       0.50000000000000000        0.0000000000000000     
         0.0000000000000000        0.0000000000000000       0.50000000000000000     
         0.0000000000000000       0.50000000000000000       0.50000000000000000     
         0.0000000000000000        1.0000000000000000       0.50000000000000000     
         0.0000000000000000       0.50000000000000000        1.0000000000000000     

 !NewElementMapDefinition
         811        1621
         0.0000000000000000        0.0000000000000000        0.0000000000000000     
         0.0000000000000000        1.0000000000000000        0.0000000000000000     
         0.0000000000000000        0.0000000000000000        1.0000000000000000     
         0.0000000000000000        1.0000000000000000        1.0000000000000000     
         0.0000000000000000       0.50000000000000000        0.0000000000000000     
         0.0000000000000000        0.0000000000000000       0.50000000000000000     
         0.0000000000000000       0.50000000000000000       0.50000000000000000     
         0.0000000000000000        1.0000000000000000       0.50000000000000000     
         0.0000000000000000       0.50000000000000000        1.0000000000000000     

 !NewElementMapDefinition
         812        1623
         0.0000000000000000        0.0000000000000000        0.0000000000000000     
         0.0000000000000000        1.0000000000000000        0.0000000000000000     
         0.0000000000000000        0.0000000000000000        1.0000000000000000     
         0.0000000000000000        1.0000000000000000        1.0000000000000000     
         0.0000000000000000       0.50000000000000000        0.0000000000000000     
         0.0000000000000000        0.0000000000000000       0.50000000000000000     
         0.0000000000000000       0.50000000000000000       0.50000000000000000     
         0.0000000000000000        1.0000000000000000       0.50000000000000000     
         0.0000000000000000       0.50000000000000000        1.0000000000000000     

 !NewElementMapDefinition
         813        1625
         0.0000000000000000        0.0000000000000000        0.0000000000000000     
         0.0000000000000000        1.0000000000000000        0.0000000000000000     
         0.0000000000000000        0.0000000000000000        1.0000000000000000     
         0.0000000000000000        1.0000000000000000        1.0000000000000000     
         0.0000000000000000       0.50000000000000000        0.0000000000000000     
         0.0000000000000000        0.0000000000000000       0.50000000000000000     
         0.0000000000000000       0.50000000000000000       0.50000000000000000     
         0.0000000000000000        1.0000000000000000       0.50000000000000000     
         0.0000000000000000       0.50000000000000000        1.0000000000000000     

 !NewElementMapDefinition
         814        1627
         0.0000000000000000        0.0000000000000000        0.0000000000000000     
         0.0000000000000000        1.0000000000000000        0.0000000000000000     
         0.0000000000000000        0.0000000000000000        1.0000000000000000     
         0.0000000000000000        1.0000000000000000        1.0000000000000000     
         0.0000000000000000       0.50000000000000000        0.0000000000000000     
         0.0000000000000000        0.0000000000000000       0.50000000000000000     
         0.0000000000000000       0.50000000000000000       0.50000000000000000     
         0.0000000000000000        1.0000000000000000       0.50000000000000000     
         0.0000000000000000       0.50000000000000000        1.0000000000000000     

 !NewElementMapDefinition
         815        1629
         0.0000000000000000        0.0000000000000000        0.0000000000000000     
         0.0000000000000000        1.0000000000000000        0.0000000000000000     
         0.0000000000000000        0.0000000000000000        1.0000000000000000     
         0.0000000000000000        1.0000000000000000        1.0000000000000000     
         0.0000000000000000       0.50000000000000000        0.0000000000000000     
         0.0000000000000000        0.0000000000000000       0.50000000000000000     
         0.0000000000000000       0.50000000000000000       0.50000000000000000     
         0.0000000000000000        1.0000000000000000       0.50000000000000000     
         0.0000000000000000       0.50000000000000000        1.0000000000000000     

 !NewElementMapDefinition
         816        1631
         0.0000000000000000        0.0000000000000000        0.0000000000000000     
         0.0000000000000000        1.0000000000000000        0.0000000000000000     
         0.0000000000000000        0.0000000000000000        1.0000000000000000     
         0.0000000000000000        1.0000000000000000        1.0000000000000000     
         0.0000000000000000       0.50000000000000000        0.0000000000000000     
         0.0000000000000000        0.0000000000000000       0.50000000000000000     
         0.0000000000000000       0.50000000000000000       0.50000000000000000     
         0.0000000000000000        1.0000000000000000       0.50000000000000000     
         0.0000000000000000       0.50000000000000000        1.0000000000000000     

 !NewElementMapDefinition
         817        1633
         0.0000000000000000        0.0000000000000000        0.0000000000000000     
         0.0000000000000000        1.0000000000000000        0.0000000000000000     
         0.0000000000000000        0.0000000000000000        1.0000000000000000     
         0.0000000000000000        1.0000000000000000        1.0000000000000000     
         0.0000000000000000       0.50000000000000000        0.0000000000000000     
         0.0000000000000000        0.0000000000000000       0.50000000000000000     
         0.0000000000000000       0.50000000000000000       0.50000000000000000     
         0.0000000000000000        1.0000000000000000       0.50000000000000000     
         0.0000000000000000       0.50000000000000000        1.0000000000000000     

 !NewElementMapDefinition
         818        1635
         0.0000000000000000        0.0000000000000000        0.0000000000000000     
         0.0000000000000000        1.0000000000000000        0.0000000000000000     
         0.0000000000000000        0.0000000000000000        1.0000000000000000     
         0.0000000000000000        1.0000000000000000        1.0000000000000000     
         0.0000000000000000       0.50000000000000000        0.0000000000000000     
         0.0000000000000000        0.0000000000000000       0.50000000000000000     
         0.0000000000000000       0.50000000000000000       0.50000000000000000     
         0.0000000000000000        1.0000000000000000       0.50000000000000000     
         0.0000000000000000       0.50000000000000000        1.0000000000000000     

 !NewElementMapDefinition
         819        1637
         0.0000000000000000        0.0000000000000000        0.0000000000000000     
         0.0000000000000000        1.0000000000000000        0.0000000000000000     
         0.0000000000000000        0.0000000000000000        1.0000000000000000     
         0.0000000000000000        1.0000000000000000        1.0000000000000000     
         0.0000000000000000       0.50000000000000000        0.0000000000000000     
         0.0000000000000000        0.0000000000000000       0.50000000000000000     
         0.0000000000000000       0.50000000000000000       0.50000000000000000     
         0.0000000000000000        1.0000000000000000       0.50000000000000000     
         0.0000000000000000       0.50000000000000000        1.0000000000000000     

 !NewElementMapDefinition
         820        1639
         0.0000000000000000        0.0000000000000000        0.0000000000000000     
         0.0000000000000000        1.0000000000000000        0.0000000000000000     
         0.0000000000000000        0.0000000000000000        1.0000000000000000     
         0.0000000000000000        1.0000000000000000        1.0000000000000000     
         0.0000000000000000       0.50000000000000000        0.0000000000000000     
         0.0000000000000000        0.0000000000000000       0.50000000000000000     
         0.0000000000000000       0.50000000000000000       0.50000000000000000     
         0.0000000000000000        1.0000000000000000       0.50000000000000000     
         0.0000000000000000       0.50000000000000000        1.0000000000000000     

 !NewElementMapDefinition
         821        1641
         0.0000000000000000        0.0000000000000000        0.0000000000000000     
         0.0000000000000000        1.0000000000000000        0.0000000000000000     
         0.0000000000000000        0.0000000000000000        1.0000000000000000     
         0.0000000000000000        1.0000000000000000        1.0000000000000000     
         0.0000000000000000       0.50000000000000000        0.0000000000000000     
         0.0000000000000000        0.0000000000000000       0.50000000000000000     
         0.0000000000000000       0.50000000000000000       0.50000000000000000     
         0.0000000000000000        1.0000000000000000       0.50000000000000000     
         0.0000000000000000       0.50000000000000000        1.0000000000000000     

 !NewElementMapDefinition
         822        1643
         0.0000000000000000        0.0000000000000000        0.0000000000000000     
         0.0000000000000000        1.0000000000000000        0.0000000000000000     
         0.0000000000000000        0.0000000000000000        1.0000000000000000     
         0.0000000000000000        1.0000000000000000        1.0000000000000000     
         0.0000000000000000       0.50000000000000000        0.0000000000000000     
         0.0000000000000000        0.0000000000000000       0.50000000000000000     
         0.0000000000000000       0.50000000000000000       0.50000000000000000     
         0.0000000000000000        1.0000000000000000       0.50000000000000000     
         0.0000000000000000       0.50000000000000000        1.0000000000000000     

 !NewElementMapDefinition
         823        1645
         0.0000000000000000        0.0000000000000000        0.0000000000000000     
         0.0000000000000000        1.0000000000000000        0.0000000000000000     
         0.0000000000000000        0.0000000000000000        1.0000000000000000     
         0.0000000000000000        1.0000000000000000        1.0000000000000000     
         0.0000000000000000       0.50000000000000000        0.0000000000000000     
         0.0000000000000000        0.0000000000000000       0.50000000000000000     
         0.0000000000000000       0.50000000000000000       0.50000000000000000     
         0.0000000000000000        1.0000000000000000       0.50000000000000000     
         0.0000000000000000       0.50000000000000000        1.0000000000000000     

 !NewElementMapDefinition
         824        1647
         0.0000000000000000        0.0000000000000000        0.0000000000000000     
         0.0000000000000000        1.0000000000000000        0.0000000000000000     
         0.0000000000000000        0.0000000000000000        1.0000000000000000     
         0.0000000000000000        1.0000000000000000        1.0000000000000000     
         0.0000000000000000       0.50000000000000000        0.0000000000000000     
         0.0000000000000000        0.0000000000000000       0.50000000000000000     
         0.0000000000000000       0.50000000000000000       0.50000000000000000     
         0.0000000000000000        1.0000000000000000       0.50000000000000000     
         0.0000000000000000       0.50000000000000000        1.0000000000000000     

 !NewElementMapDefinition
         825        1649
         0.0000000000000000        0.0000000000000000        0.0000000000000000     
         0.0000000000000000        1.0000000000000000        0.0000000000000000     
         0.0000000000000000        0.0000000000000000        1.0000000000000000     
         0.0000000000000000        1.0000000000000000        1.0000000000000000     
         0.0000000000000000       0.50000000000000000        0.0000000000000000     
         0.0000000000000000        0.0000000000000000       0.50000000000000000     
         0.0000000000000000       0.50000000000000000       0.50000000000000000     
         0.0000000000000000        1.0000000000000000       0.50000000000000000     
         0.0000000000000000       0.50000000000000000        1.0000000000000000     

 !NewElementMapDefinition
         826        1651
         0.0000000000000000        0.0000000000000000        0.0000000000000000     
         0.0000000000000000        1.0000000000000000        0.0000000000000000     
         0.0000000000000000        0.0000000000000000        1.0000000000000000     
         0.0000000000000000        1.0000000000000000        1.0000000000000000     
         0.0000000000000000       0.50000000000000000        0.0000000000000000     
         0.0000000000000000        0.0000000000000000       0.50000000000000000     
         0.0000000000000000       0.50000000000000000       0.50000000000000000     
         0.0000000000000000        1.0000000000000000       0.50000000000000000     
         0.0000000000000000       0.50000000000000000        1.0000000000000000     

 !NewElementMapDefinition
         827        1653
         0.0000000000000000        0.0000000000000000        0.0000000000000000     
         0.0000000000000000        1.0000000000000000        0.0000000000000000     
         0.0000000000000000        0.0000000000000000        1.0000000000000000     
         0.0000000000000000        1.0000000000000000        1.0000000000000000     
         0.0000000000000000       0.50000000000000000        0.0000000000000000     
         0.0000000000000000        0.0000000000000000       0.50000000000000000     
         0.0000000000000000       0.50000000000000000       0.50000000000000000     
         0.0000000000000000        1.0000000000000000       0.50000000000000000     
         0.0000000000000000       0.50000000000000000        1.0000000000000000     

 !NewElementMapDefinition
         828        1655
         0.0000000000000000        0.0000000000000000        0.0000000000000000     
         0.0000000000000000        1.0000000000000000        0.0000000000000000     
         0.0000000000000000        0.0000000000000000        1.0000000000000000     
         0.0000000000000000        1.0000000000000000        1.0000000000000000     
         0.0000000000000000       0.50000000000000000        0.0000000000000000     
         0.0000000000000000        0.0000000000000000       0.50000000000000000     
         0.0000000000000000       0.50000000000000000       0.50000000000000000     
         0.0000000000000000        1.0000000000000000       0.50000000000000000     
         0.0000000000000000       0.50000000000000000        1.0000000000000000     

 !NewElementMapDefinition
         829        1657
         0.0000000000000000        0.0000000000000000        0.0000000000000000     
         0.0000000000000000        1.0000000000000000        0.0000000000000000     
         0.0000000000000000        0.0000000000000000        1.0000000000000000     
         0.0000000000000000        1.0000000000000000        1.0000000000000000     
         0.0000000000000000       0.50000000000000000        0.0000000000000000     
         0.0000000000000000        0.0000000000000000       0.50000000000000000     
         0.0000000000000000       0.50000000000000000       0.50000000000000000     
         0.0000000000000000        1.0000000000000000       0.50000000000000000     
         0.0000000000000000       0.50000000000000000        1.0000000000000000     

 !NewElementMapDefinition
         830        1659
         0.0000000000000000        0.0000000000000000        0.0000000000000000     
         0.0000000000000000        1.0000000000000000        0.0000000000000000     
         0.0000000000000000        0.0000000000000000        1.0000000000000000     
         0.0000000000000000        1.0000000000000000        1.0000000000000000     
         0.0000000000000000       0.50000000000000000        0.0000000000000000     
         0.0000000000000000        0.0000000000000000       0.50000000000000000     
         0.0000000000000000       0.50000000000000000       0.50000000000000000     
         0.0000000000000000        1.0000000000000000       0.50000000000000000     
         0.0000000000000000       0.50000000000000000        1.0000000000000000     

 !NewElementMapDefinition
         831        1661
         0.0000000000000000        0.0000000000000000        0.0000000000000000     
         0.0000000000000000        1.0000000000000000        0.0000000000000000     
         0.0000000000000000        0.0000000000000000        1.0000000000000000     
         0.0000000000000000        1.0000000000000000        1.0000000000000000     
         0.0000000000000000       0.50000000000000000        0.0000000000000000     
         0.0000000000000000        0.0000000000000000       0.50000000000000000     
         0.0000000000000000       0.50000000000000000       0.50000000000000000     
         0.0000000000000000        1.0000000000000000       0.50000000000000000     
         0.0000000000000000       0.50000000000000000        1.0000000000000000     

 !NewElementMapDefinition
         832        1663
         0.0000000000000000        0.0000000000000000        0.0000000000000000     
         0.0000000000000000        1.0000000000000000        0.0000000000000000     
         0.0000000000000000        0.0000000000000000        1.0000000000000000     
         0.0000000000000000        1.0000000000000000        1.0000000000000000     
         0.0000000000000000       0.50000000000000000        0.0000000000000000     
         0.0000000000000000        0.0000000000000000       0.50000000000000000     
         0.0000000000000000       0.50000000000000000       0.50000000000000000     
         0.0000000000000000        1.0000000000000000       0.50000000000000000     
         0.0000000000000000       0.50000000000000000        1.0000000000000000     

 !NewElementMapDefinition
         833        1665
         0.0000000000000000        0.0000000000000000        0.0000000000000000     
         0.0000000000000000        1.0000000000000000        0.0000000000000000     
         0.0000000000000000        0.0000000000000000        1.0000000000000000     
         0.0000000000000000        1.0000000000000000        1.0000000000000000     
         0.0000000000000000       0.50000000000000000        0.0000000000000000     
         0.0000000000000000        0.0000000000000000       0.50000000000000000     
         0.0000000000000000       0.50000000000000000       0.50000000000000000     
         0.0000000000000000        1.0000000000000000       0.50000000000000000     
         0.0000000000000000       0.50000000000000000        1.0000000000000000     

 !NewElementMapDefinition
         834        1667
         0.0000000000000000        0.0000000000000000        0.0000000000000000     
         0.0000000000000000        1.0000000000000000        0.0000000000000000     
         0.0000000000000000        0.0000000000000000        1.0000000000000000     
         0.0000000000000000        1.0000000000000000        1.0000000000000000     
         0.0000000000000000       0.50000000000000000        0.0000000000000000     
         0.0000000000000000        0.0000000000000000       0.50000000000000000     
         0.0000000000000000       0.50000000000000000       0.50000000000000000     
         0.0000000000000000        1.0000000000000000       0.50000000000000000     
         0.0000000000000000       0.50000000000000000        1.0000000000000000     

 !NewElementMapDefinition
         835        1669
         0.0000000000000000        0.0000000000000000        0.0000000000000000     
         0.0000000000000000        1.0000000000000000        0.0000000000000000     
         0.0000000000000000        0.0000000000000000        1.0000000000000000     
         0.0000000000000000        1.0000000000000000        1.0000000000000000     
         0.0000000000000000       0.50000000000000000        0.0000000000000000     
         0.0000000000000000        0.0000000000000000       0.50000000000000000     
         0.0000000000000000       0.50000000000000000       0.50000000000000000     
         0.0000000000000000        1.0000000000000000       0.50000000000000000     
         0.0000000000000000       0.50000000000000000        1.0000000000000000     

 !NewElementMapDefinition
         836        1671
         0.0000000000000000        0.0000000000000000        0.0000000000000000     
         0.0000000000000000        1.0000000000000000        0.0000000000000000     
         0.0000000000000000        0.0000000000000000        1.0000000000000000     
         0.0000000000000000        1.0000000000000000        1.0000000000000000     
         0.0000000000000000       0.50000000000000000        0.0000000000000000     
         0.0000000000000000        0.0000000000000000       0.50000000000000000     
         0.0000000000000000       0.50000000000000000       0.50000000000000000     
         0.0000000000000000        1.0000000000000000       0.50000000000000000     
         0.0000000000000000       0.50000000000000000        1.0000000000000000     

 !NewElementMapDefinition
         837        1673
         0.0000000000000000        0.0000000000000000        0.0000000000000000     
         0.0000000000000000        1.0000000000000000        0.0000000000000000     
         0.0000000000000000        0.0000000000000000        1.0000000000000000     
         0.0000000000000000        1.0000000000000000        1.0000000000000000     
         0.0000000000000000       0.50000000000000000        0.0000000000000000     
         0.0000000000000000        0.0000000000000000       0.50000000000000000     
         0.0000000000000000       0.50000000000000000       0.50000000000000000     
         0.0000000000000000        1.0000000000000000       0.50000000000000000     
         0.0000000000000000       0.50000000000000000        1.0000000000000000     

 !NewElementMapDefinition
         838        1675
         0.0000000000000000        0.0000000000000000        0.0000000000000000     
         0.0000000000000000        1.0000000000000000        0.0000000000000000     
         0.0000000000000000        0.0000000000000000        1.0000000000000000     
         0.0000000000000000        1.0000000000000000        1.0000000000000000     
         0.0000000000000000       0.50000000000000000        0.0000000000000000     
         0.0000000000000000        0.0000000000000000       0.50000000000000000     
         0.0000000000000000       0.50000000000000000       0.50000000000000000     
         0.0000000000000000        1.0000000000000000       0.50000000000000000     
         0.0000000000000000       0.50000000000000000        1.0000000000000000     

 !NewElementMapDefinition
         839        1677
         0.0000000000000000        0.0000000000000000        0.0000000000000000     
         0.0000000000000000        1.0000000000000000        0.0000000000000000     
         0.0000000000000000        0.0000000000000000        1.0000000000000000     
         0.0000000000000000        1.0000000000000000        1.0000000000000000     
         0.0000000000000000       0.50000000000000000        0.0000000000000000     
         0.0000000000000000        0.0000000000000000       0.50000000000000000     
         0.0000000000000000       0.50000000000000000       0.50000000000000000     
         0.0000000000000000        1.0000000000000000       0.50000000000000000     
         0.0000000000000000       0.50000000000000000        1.0000000000000000     

 !NewElementMapDefinition
         840        1679
         0.0000000000000000        0.0000000000000000        0.0000000000000000     
         0.0000000000000000        1.0000000000000000        0.0000000000000000     
         0.0000000000000000        0.0000000000000000        1.0000000000000000     
         0.0000000000000000        1.0000000000000000        1.0000000000000000     
         0.0000000000000000       0.50000000000000000        0.0000000000000000     
         0.0000000000000000        0.0000000000000000       0.50000000000000000     
         0.0000000000000000       0.50000000000000000       0.50000000000000000     
         0.0000000000000000        1.0000000000000000       0.50000000000000000     
         0.0000000000000000       0.50000000000000000        1.0000000000000000     

 !NewElementMapDefinition
         841        1681
         0.0000000000000000        0.0000000000000000        0.0000000000000000     
         0.0000000000000000        1.0000000000000000        0.0000000000000000     
         0.0000000000000000        0.0000000000000000        1.0000000000000000     
         0.0000000000000000        1.0000000000000000        1.0000000000000000     
         0.0000000000000000       0.50000000000000000        0.0000000000000000     
         0.0000000000000000        0.0000000000000000       0.50000000000000000     
         0.0000000000000000       0.50000000000000000       0.50000000000000000     
         0.0000000000000000        1.0000000000000000       0.50000000000000000     
         0.0000000000000000       0.50000000000000000        1.0000000000000000     

 !NewElementMapDefinition
         842        1683
         0.0000000000000000        0.0000000000000000        0.0000000000000000     
         0.0000000000000000        1.0000000000000000        0.0000000000000000     
         0.0000000000000000        0.0000000000000000        1.0000000000000000     
         0.0000000000000000        1.0000000000000000        1.0000000000000000     
         0.0000000000000000       0.50000000000000000        0.0000000000000000     
         0.0000000000000000        0.0000000000000000       0.50000000000000000     
         0.0000000000000000       0.50000000000000000       0.50000000000000000     
         0.0000000000000000        1.0000000000000000       0.50000000000000000     
         0.0000000000000000       0.50000000000000000        1.0000000000000000     

 !NewElementMapDefinition
         843        1685
         0.0000000000000000        0.0000000000000000        0.0000000000000000     
         0.0000000000000000        1.0000000000000000        0.0000000000000000     
         0.0000000000000000        0.0000000000000000        1.0000000000000000     
         0.0000000000000000        1.0000000000000000        1.0000000000000000     
         0.0000000000000000       0.50000000000000000        0.0000000000000000     
         0.0000000000000000        0.0000000000000000       0.50000000000000000     
         0.0000000000000000       0.50000000000000000       0.50000000000000000     
         0.0000000000000000        1.0000000000000000       0.50000000000000000     
         0.0000000000000000       0.50000000000000000        1.0000000000000000     

 !NewElementMapDefinition
         844        1687
         0.0000000000000000        0.0000000000000000        0.0000000000000000     
         0.0000000000000000        1.0000000000000000        0.0000000000000000     
         0.0000000000000000        0.0000000000000000        1.0000000000000000     
         0.0000000000000000        1.0000000000000000        1.0000000000000000     
         0.0000000000000000       0.50000000000000000        0.0000000000000000     
         0.0000000000000000        0.0000000000000000       0.50000000000000000     
         0.0000000000000000       0.50000000000000000       0.50000000000000000     
         0.0000000000000000        1.0000000000000000       0.50000000000000000     
         0.0000000000000000       0.50000000000000000        1.0000000000000000     

 !NewElementMapDefinition
         845        1689
         0.0000000000000000        0.0000000000000000        0.0000000000000000     
         0.0000000000000000        1.0000000000000000        0.0000000000000000     
         0.0000000000000000        0.0000000000000000        1.0000000000000000     
         0.0000000000000000        1.0000000000000000        1.0000000000000000     
         0.0000000000000000       0.50000000000000000        0.0000000000000000     
         0.0000000000000000        0.0000000000000000       0.50000000000000000     
         0.0000000000000000       0.50000000000000000       0.50000000000000000     
         0.0000000000000000        1.0000000000000000       0.50000000000000000     
         0.0000000000000000       0.50000000000000000        1.0000000000000000     

 !NewElementMapDefinition
         846        1691
         0.0000000000000000        0.0000000000000000        0.0000000000000000     
         0.0000000000000000        1.0000000000000000        0.0000000000000000     
         0.0000000000000000        0.0000000000000000        1.0000000000000000     
         0.0000000000000000        1.0000000000000000        1.0000000000000000     
         0.0000000000000000       0.50000000000000000        0.0000000000000000     
         0.0000000000000000        0.0000000000000000       0.50000000000000000     
         0.0000000000000000       0.50000000000000000       0.50000000000000000     
         0.0000000000000000        1.0000000000000000       0.50000000000000000     
         0.0000000000000000       0.50000000000000000        1.0000000000000000     

 !NewElementMapDefinition
         847        1693
         0.0000000000000000        0.0000000000000000        0.0000000000000000     
         0.0000000000000000        1.0000000000000000        0.0000000000000000     
         0.0000000000000000        0.0000000000000000        1.0000000000000000     
         0.0000000000000000        1.0000000000000000        1.0000000000000000     
         0.0000000000000000       0.50000000000000000        0.0000000000000000     
         0.0000000000000000        0.0000000000000000       0.50000000000000000     
         0.0000000000000000       0.50000000000000000       0.50000000000000000     
         0.0000000000000000        1.0000000000000000       0.50000000000000000     
         0.0000000000000000       0.50000000000000000        1.0000000000000000     

 !NewElementMapDefinition
         848        1695
         0.0000000000000000        0.0000000000000000        0.0000000000000000     
         0.0000000000000000        1.0000000000000000        0.0000000000000000     
         0.0000000000000000        0.0000000000000000        1.0000000000000000     
         0.0000000000000000        1.0000000000000000        1.0000000000000000     
         0.0000000000000000       0.50000000000000000        0.0000000000000000     
         0.0000000000000000        0.0000000000000000       0.50000000000000000     
         0.0000000000000000       0.50000000000000000       0.50000000000000000     
         0.0000000000000000        1.0000000000000000       0.50000000000000000     
         0.0000000000000000       0.50000000000000000        1.0000000000000000     

 !NewElementMapDefinition
         849        1697
         0.0000000000000000        0.0000000000000000        0.0000000000000000     
         0.0000000000000000        1.0000000000000000        0.0000000000000000     
         0.0000000000000000        0.0000000000000000        1.0000000000000000     
         0.0000000000000000        1.0000000000000000        1.0000000000000000     
         0.0000000000000000       0.50000000000000000        0.0000000000000000     
         0.0000000000000000        0.0000000000000000       0.50000000000000000     
         0.0000000000000000       0.50000000000000000       0.50000000000000000     
         0.0000000000000000        1.0000000000000000       0.50000000000000000     
         0.0000000000000000       0.50000000000000000        1.0000000000000000     

 !NewElementMapDefinition
         850        1699
         0.0000000000000000        0.0000000000000000        0.0000000000000000     
         0.0000000000000000        1.0000000000000000        0.0000000000000000     
         0.0000000000000000        0.0000000000000000        1.0000000000000000     
         0.0000000000000000        1.0000000000000000        1.0000000000000000     
         0.0000000000000000       0.50000000000000000        0.0000000000000000     
         0.0000000000000000        0.0000000000000000       0.50000000000000000     
         0.0000000000000000       0.50000000000000000       0.50000000000000000     
         0.0000000000000000        1.0000000000000000       0.50000000000000000     
         0.0000000000000000       0.50000000000000000        1.0000000000000000     

 !NewElementMapDefinition
         851        1701
         0.0000000000000000        0.0000000000000000        0.0000000000000000     
         0.0000000000000000        1.0000000000000000        0.0000000000000000     
         0.0000000000000000        0.0000000000000000        1.0000000000000000     
         0.0000000000000000        1.0000000000000000        1.0000000000000000     
         0.0000000000000000       0.50000000000000000        0.0000000000000000     
         0.0000000000000000        0.0000000000000000       0.50000000000000000     
         0.0000000000000000       0.50000000000000000       0.50000000000000000     
         0.0000000000000000        1.0000000000000000       0.50000000000000000     
         0.0000000000000000       0.50000000000000000        1.0000000000000000     

 !NewElementMapDefinition
         852        1703
         0.0000000000000000        0.0000000000000000        0.0000000000000000     
         0.0000000000000000        1.0000000000000000        0.0000000000000000     
         0.0000000000000000        0.0000000000000000        1.0000000000000000     
         0.0000000000000000        1.0000000000000000        1.0000000000000000     
         0.0000000000000000       0.50000000000000000        0.0000000000000000     
         0.0000000000000000        0.0000000000000000       0.50000000000000000     
         0.0000000000000000       0.50000000000000000       0.50000000000000000     
         0.0000000000000000        1.0000000000000000       0.50000000000000000     
         0.0000000000000000       0.50000000000000000        1.0000000000000000     

 !NewElementMapDefinition
         853        1705
         0.0000000000000000        0.0000000000000000        0.0000000000000000     
         0.0000000000000000        1.0000000000000000        0.0000000000000000     
         0.0000000000000000        0.0000000000000000        1.0000000000000000     
         0.0000000000000000        1.0000000000000000        1.0000000000000000     
         0.0000000000000000       0.50000000000000000        0.0000000000000000     
         0.0000000000000000        0.0000000000000000       0.50000000000000000     
         0.0000000000000000       0.50000000000000000       0.50000000000000000     
         0.0000000000000000        1.0000000000000000       0.50000000000000000     
         0.0000000000000000       0.50000000000000000        1.0000000000000000     

 !NewElementMapDefinition
         854        1707
         0.0000000000000000        0.0000000000000000        0.0000000000000000     
         0.0000000000000000        1.0000000000000000        0.0000000000000000     
         0.0000000000000000        0.0000000000000000        1.0000000000000000     
         0.0000000000000000        1.0000000000000000        1.0000000000000000     
         0.0000000000000000       0.50000000000000000        0.0000000000000000     
         0.0000000000000000        0.0000000000000000       0.50000000000000000     
         0.0000000000000000       0.50000000000000000       0.50000000000000000     
         0.0000000000000000        1.0000000000000000       0.50000000000000000     
         0.0000000000000000       0.50000000000000000        1.0000000000000000     

 !NewElementMapDefinition
         855        1709
         0.0000000000000000        0.0000000000000000        0.0000000000000000     
         0.0000000000000000        1.0000000000000000        0.0000000000000000     
         0.0000000000000000        0.0000000000000000        1.0000000000000000     
         0.0000000000000000        1.0000000000000000        1.0000000000000000     
         0.0000000000000000       0.50000000000000000        0.0000000000000000     
         0.0000000000000000        0.0000000000000000       0.50000000000000000     
         0.0000000000000000       0.50000000000000000       0.50000000000000000     
         0.0000000000000000        1.0000000000000000       0.50000000000000000     
         0.0000000000000000       0.50000000000000000        1.0000000000000000     

 !NewElementMapDefinition
         856        1711
         0.0000000000000000        0.0000000000000000        0.0000000000000000     
         0.0000000000000000        1.0000000000000000        0.0000000000000000     
         0.0000000000000000        0.0000000000000000        1.0000000000000000     
         0.0000000000000000        1.0000000000000000        1.0000000000000000     
         0.0000000000000000       0.50000000000000000        0.0000000000000000     
         0.0000000000000000        0.0000000000000000       0.50000000000000000     
         0.0000000000000000       0.50000000000000000       0.50000000000000000     
         0.0000000000000000        1.0000000000000000       0.50000000000000000     
         0.0000000000000000       0.50000000000000000        1.0000000000000000     

 !NewElementMapDefinition
         857        1713
         0.0000000000000000        0.0000000000000000        0.0000000000000000     
         0.0000000000000000        1.0000000000000000        0.0000000000000000     
         0.0000000000000000        0.0000000000000000        1.0000000000000000     
         0.0000000000000000        1.0000000000000000        1.0000000000000000     
         0.0000000000000000       0.50000000000000000        0.0000000000000000     
         0.0000000000000000        0.0000000000000000       0.50000000000000000     
         0.0000000000000000       0.50000000000000000       0.50000000000000000     
         0.0000000000000000        1.0000000000000000       0.50000000000000000     
         0.0000000000000000       0.50000000000000000        1.0000000000000000     

 !NewElementMapDefinition
         858        1715
         0.0000000000000000        0.0000000000000000        0.0000000000000000     
         0.0000000000000000        1.0000000000000000        0.0000000000000000     
         0.0000000000000000        0.0000000000000000        1.0000000000000000     
         0.0000000000000000        1.0000000000000000        1.0000000000000000     
         0.0000000000000000       0.50000000000000000        0.0000000000000000     
         0.0000000000000000        0.0000000000000000       0.50000000000000000     
         0.0000000000000000       0.50000000000000000       0.50000000000000000     
         0.0000000000000000        1.0000000000000000       0.50000000000000000     
         0.0000000000000000       0.50000000000000000        1.0000000000000000     

 !NewElementMapDefinition
         859        1717
         0.0000000000000000        0.0000000000000000        0.0000000000000000     
         0.0000000000000000        1.0000000000000000        0.0000000000000000     
         0.0000000000000000        0.0000000000000000        1.0000000000000000     
         0.0000000000000000        1.0000000000000000        1.0000000000000000     
         0.0000000000000000       0.50000000000000000        0.0000000000000000     
         0.0000000000000000        0.0000000000000000       0.50000000000000000     
         0.0000000000000000       0.50000000000000000       0.50000000000000000     
         0.0000000000000000        1.0000000000000000       0.50000000000000000     
         0.0000000000000000       0.50000000000000000        1.0000000000000000     

 !NewElementMapDefinition
         860        1719
         0.0000000000000000        0.0000000000000000        0.0000000000000000     
         0.0000000000000000        1.0000000000000000        0.0000000000000000     
         0.0000000000000000        0.0000000000000000        1.0000000000000000     
         0.0000000000000000        1.0000000000000000        1.0000000000000000     
         0.0000000000000000       0.50000000000000000        0.0000000000000000     
         0.0000000000000000        0.0000000000000000       0.50000000000000000     
         0.0000000000000000       0.50000000000000000       0.50000000000000000     
         0.0000000000000000        1.0000000000000000       0.50000000000000000     
         0.0000000000000000       0.50000000000000000        1.0000000000000000     

 !NewElementMapDefinition
         861        1721
         0.0000000000000000        0.0000000000000000        0.0000000000000000     
         0.0000000000000000        1.0000000000000000        0.0000000000000000     
         0.0000000000000000        0.0000000000000000        1.0000000000000000     
         0.0000000000000000        1.0000000000000000        1.0000000000000000     
         0.0000000000000000       0.50000000000000000        0.0000000000000000     
         0.0000000000000000        0.0000000000000000       0.50000000000000000     
         0.0000000000000000       0.50000000000000000       0.50000000000000000     
         0.0000000000000000        1.0000000000000000       0.50000000000000000     
         0.0000000000000000       0.50000000000000000        1.0000000000000000     

 !NewElementMapDefinition
         862        1723
         0.0000000000000000        0.0000000000000000        0.0000000000000000     
         0.0000000000000000        1.0000000000000000        0.0000000000000000     
         0.0000000000000000        0.0000000000000000        1.0000000000000000     
         0.0000000000000000        1.0000000000000000        1.0000000000000000     
         0.0000000000000000       0.50000000000000000        0.0000000000000000     
         0.0000000000000000        0.0000000000000000       0.50000000000000000     
         0.0000000000000000       0.50000000000000000       0.50000000000000000     
         0.0000000000000000        1.0000000000000000       0.50000000000000000     
         0.0000000000000000       0.50000000000000000        1.0000000000000000     

 !NewElementMapDefinition
         863        1725
         0.0000000000000000        0.0000000000000000        0.0000000000000000     
         0.0000000000000000        1.0000000000000000        0.0000000000000000     
         0.0000000000000000        0.0000000000000000        1.0000000000000000     
         0.0000000000000000        1.0000000000000000        1.0000000000000000     
         0.0000000000000000       0.50000000000000000        0.0000000000000000     
         0.0000000000000000        0.0000000000000000       0.50000000000000000     
         0.0000000000000000       0.50000000000000000       0.50000000000000000     
         0.0000000000000000        1.0000000000000000       0.50000000000000000     
         0.0000000000000000       0.50000000000000000        1.0000000000000000     

 !NewElementMapDefinition
         864        1727
         0.0000000000000000        0.0000000000000000        0.0000000000000000     
         0.0000000000000000        1.0000000000000000        0.0000000000000000     
         0.0000000000000000        0.0000000000000000        1.0000000000000000     
         0.0000000000000000        1.0000000000000000        1.0000000000000000     
         0.0000000000000000       0.50000000000000000        0.0000000000000000     
         0.0000000000000000        0.0000000000000000       0.50000000000000000     
         0.0000000000000000       0.50000000000000000       0.50000000000000000     
         0.0000000000000000        1.0000000000000000       0.50000000000000000     
         0.0000000000000000       0.50000000000000000        1.0000000000000000     

 !NewElementMapDefinition
         865        1729
         0.0000000000000000        0.0000000000000000        0.0000000000000000     
         0.0000000000000000        1.0000000000000000        0.0000000000000000     
         0.0000000000000000        0.0000000000000000        1.0000000000000000     
         0.0000000000000000        1.0000000000000000        1.0000000000000000     
         0.0000000000000000       0.50000000000000000        0.0000000000000000     
         0.0000000000000000        0.0000000000000000       0.50000000000000000     
         0.0000000000000000       0.50000000000000000       0.50000000000000000     
         0.0000000000000000        1.0000000000000000       0.50000000000000000     
         0.0000000000000000       0.50000000000000000        1.0000000000000000     

 !NewElementMapDefinition
         866        1731
         0.0000000000000000        0.0000000000000000        0.0000000000000000     
         0.0000000000000000        1.0000000000000000        0.0000000000000000     
         0.0000000000000000        0.0000000000000000        1.0000000000000000     
         0.0000000000000000        1.0000000000000000        1.0000000000000000     
         0.0000000000000000       0.50000000000000000        0.0000000000000000     
         0.0000000000000000        0.0000000000000000       0.50000000000000000     
         0.0000000000000000       0.50000000000000000       0.50000000000000000     
         0.0000000000000000        1.0000000000000000       0.50000000000000000     
         0.0000000000000000       0.50000000000000000        1.0000000000000000     

 !NewElementMapDefinition
         867        1733
         0.0000000000000000        0.0000000000000000        0.0000000000000000     
         0.0000000000000000        1.0000000000000000        0.0000000000000000     
         0.0000000000000000        0.0000000000000000        1.0000000000000000     
         0.0000000000000000        1.0000000000000000        1.0000000000000000     
         0.0000000000000000       0.50000000000000000        0.0000000000000000     
         0.0000000000000000        0.0000000000000000       0.50000000000000000     
         0.0000000000000000       0.50000000000000000       0.50000000000000000     
         0.0000000000000000        1.0000000000000000       0.50000000000000000     
         0.0000000000000000       0.50000000000000000        1.0000000000000000     

 !NewElementMapDefinition
         868        1735
         0.0000000000000000        0.0000000000000000        0.0000000000000000     
         0.0000000000000000        1.0000000000000000        0.0000000000000000     
         0.0000000000000000        0.0000000000000000        1.0000000000000000     
         0.0000000000000000        1.0000000000000000        1.0000000000000000     
         0.0000000000000000       0.50000000000000000        0.0000000000000000     
         0.0000000000000000        0.0000000000000000       0.50000000000000000     
         0.0000000000000000       0.50000000000000000       0.50000000000000000     
         0.0000000000000000        1.0000000000000000       0.50000000000000000     
         0.0000000000000000       0.50000000000000000        1.0000000000000000     

 !NewElementMapDefinition
         869        1737
         0.0000000000000000        0.0000000000000000        0.0000000000000000     
         0.0000000000000000        1.0000000000000000        0.0000000000000000     
         0.0000000000000000        0.0000000000000000        1.0000000000000000     
         0.0000000000000000        1.0000000000000000        1.0000000000000000     
         0.0000000000000000       0.50000000000000000        0.0000000000000000     
         0.0000000000000000        0.0000000000000000       0.50000000000000000     
         0.0000000000000000       0.50000000000000000       0.50000000000000000     
         0.0000000000000000        1.0000000000000000       0.50000000000000000     
         0.0000000000000000       0.50000000000000000        1.0000000000000000     

 !NewElementMapDefinition
         870        1739
         0.0000000000000000        0.0000000000000000        0.0000000000000000     
         0.0000000000000000        1.0000000000000000        0.0000000000000000     
         0.0000000000000000        0.0000000000000000        1.0000000000000000     
         0.0000000000000000        1.0000000000000000        1.0000000000000000     
         0.0000000000000000       0.50000000000000000        0.0000000000000000     
         0.0000000000000000        0.0000000000000000       0.50000000000000000     
         0.0000000000000000       0.50000000000000000       0.50000000000000000     
         0.0000000000000000        1.0000000000000000       0.50000000000000000     
         0.0000000000000000       0.50000000000000000        1.0000000000000000     

 !NewElementMapDefinition
         871        1741
         0.0000000000000000        0.0000000000000000        0.0000000000000000     
         0.0000000000000000        1.0000000000000000        0.0000000000000000     
         0.0000000000000000        0.0000000000000000        1.0000000000000000     
         0.0000000000000000        1.0000000000000000        1.0000000000000000     
         0.0000000000000000       0.50000000000000000        0.0000000000000000     
         0.0000000000000000        0.0000000000000000       0.50000000000000000     
         0.0000000000000000       0.50000000000000000       0.50000000000000000     
         0.0000000000000000        1.0000000000000000       0.50000000000000000     
         0.0000000000000000       0.50000000000000000        1.0000000000000000     

 !NewElementMapDefinition
         872        1743
         0.0000000000000000        0.0000000000000000        0.0000000000000000     
         0.0000000000000000        1.0000000000000000        0.0000000000000000     
         0.0000000000000000        0.0000000000000000        1.0000000000000000     
         0.0000000000000000        1.0000000000000000        1.0000000000000000     
         0.0000000000000000       0.50000000000000000        0.0000000000000000     
         0.0000000000000000        0.0000000000000000       0.50000000000000000     
         0.0000000000000000       0.50000000000000000       0.50000000000000000     
         0.0000000000000000        1.0000000000000000       0.50000000000000000     
         0.0000000000000000       0.50000000000000000        1.0000000000000000     

 !NewElementMapDefinition
         873        1745
         0.0000000000000000        0.0000000000000000        0.0000000000000000     
         0.0000000000000000        1.0000000000000000        0.0000000000000000     
         0.0000000000000000        0.0000000000000000        1.0000000000000000     
         0.0000000000000000        1.0000000000000000        1.0000000000000000     
         0.0000000000000000       0.50000000000000000        0.0000000000000000     
         0.0000000000000000        0.0000000000000000       0.50000000000000000     
         0.0000000000000000       0.50000000000000000       0.50000000000000000     
         0.0000000000000000        1.0000000000000000       0.50000000000000000     
         0.0000000000000000       0.50000000000000000        1.0000000000000000     

 !NewElementMapDefinition
         874        1747
         0.0000000000000000        0.0000000000000000        0.0000000000000000     
         0.0000000000000000        1.0000000000000000        0.0000000000000000     
         0.0000000000000000        0.0000000000000000        1.0000000000000000     
         0.0000000000000000        1.0000000000000000        1.0000000000000000     
         0.0000000000000000       0.50000000000000000        0.0000000000000000     
         0.0000000000000000        0.0000000000000000       0.50000000000000000     
         0.0000000000000000       0.50000000000000000       0.50000000000000000     
         0.0000000000000000        1.0000000000000000       0.50000000000000000     
         0.0000000000000000       0.50000000000000000        1.0000000000000000     

 !NewElementMapDefinition
         875        1749
         0.0000000000000000        0.0000000000000000        0.0000000000000000     
         0.0000000000000000        1.0000000000000000        0.0000000000000000     
         0.0000000000000000        0.0000000000000000        1.0000000000000000     
         0.0000000000000000        1.0000000000000000        1.0000000000000000     
         0.0000000000000000       0.50000000000000000        0.0000000000000000     
         0.0000000000000000        0.0000000000000000       0.50000000000000000     
         0.0000000000000000       0.50000000000000000       0.50000000000000000     
         0.0000000000000000        1.0000000000000000       0.50000000000000000     
         0.0000000000000000       0.50000000000000000        1.0000000000000000     

 !NewElementMapDefinition
         876        1751
         0.0000000000000000        0.0000000000000000        0.0000000000000000     
         0.0000000000000000        1.0000000000000000        0.0000000000000000     
         0.0000000000000000        0.0000000000000000        1.0000000000000000     
         0.0000000000000000        1.0000000000000000        1.0000000000000000     
         0.0000000000000000       0.50000000000000000        0.0000000000000000     
         0.0000000000000000        0.0000000000000000       0.50000000000000000     
         0.0000000000000000       0.50000000000000000       0.50000000000000000     
         0.0000000000000000        1.0000000000000000       0.50000000000000000     
         0.0000000000000000       0.50000000000000000        1.0000000000000000     

 !NewElementMapDefinition
         877        1753
         0.0000000000000000        0.0000000000000000        0.0000000000000000     
         0.0000000000000000        1.0000000000000000        0.0000000000000000     
         0.0000000000000000        0.0000000000000000        1.0000000000000000     
         0.0000000000000000        1.0000000000000000        1.0000000000000000     
         0.0000000000000000       0.50000000000000000        0.0000000000000000     
         0.0000000000000000        0.0000000000000000       0.50000000000000000     
         0.0000000000000000       0.50000000000000000       0.50000000000000000     
         0.0000000000000000        1.0000000000000000       0.50000000000000000     
         0.0000000000000000       0.50000000000000000        1.0000000000000000     

 !NewElementMapDefinition
         878        1755
         0.0000000000000000        0.0000000000000000        0.0000000000000000     
         0.0000000000000000        1.0000000000000000        0.0000000000000000     
         0.0000000000000000        0.0000000000000000        1.0000000000000000     
         0.0000000000000000        1.0000000000000000        1.0000000000000000     
         0.0000000000000000       0.50000000000000000        0.0000000000000000     
         0.0000000000000000        0.0000000000000000       0.50000000000000000     
         0.0000000000000000       0.50000000000000000       0.50000000000000000     
         0.0000000000000000        1.0000000000000000       0.50000000000000000     
         0.0000000000000000       0.50000000000000000        1.0000000000000000     

 !NewElementMapDefinition
         879        1757
         0.0000000000000000        0.0000000000000000        0.0000000000000000     
         0.0000000000000000        1.0000000000000000        0.0000000000000000     
         0.0000000000000000        0.0000000000000000        1.0000000000000000     
         0.0000000000000000        1.0000000000000000        1.0000000000000000     
         0.0000000000000000       0.50000000000000000        0.0000000000000000     
         0.0000000000000000        0.0000000000000000       0.50000000000000000     
         0.0000000000000000       0.50000000000000000       0.50000000000000000     
         0.0000000000000000        1.0000000000000000       0.50000000000000000     
         0.0000000000000000       0.50000000000000000        1.0000000000000000     

 !NewElementMapDefinition
         880        1759
         0.0000000000000000        0.0000000000000000        0.0000000000000000     
         0.0000000000000000        1.0000000000000000        0.0000000000000000     
         0.0000000000000000        0.0000000000000000        1.0000000000000000     
         0.0000000000000000        1.0000000000000000        1.0000000000000000     
         0.0000000000000000       0.50000000000000000        0.0000000000000000     
         0.0000000000000000        0.0000000000000000       0.50000000000000000     
         0.0000000000000000       0.50000000000000000       0.50000000000000000     
         0.0000000000000000        1.0000000000000000       0.50000000000000000     
         0.0000000000000000       0.50000000000000000        1.0000000000000000     

 !NewElementMapDefinition
         881        1761
         0.0000000000000000        0.0000000000000000        0.0000000000000000     
         0.0000000000000000        1.0000000000000000        0.0000000000000000     
         0.0000000000000000        0.0000000000000000        1.0000000000000000     
         0.0000000000000000        1.0000000000000000        1.0000000000000000     
         0.0000000000000000       0.50000000000000000        0.0000000000000000     
         0.0000000000000000        0.0000000000000000       0.50000000000000000     
         0.0000000000000000       0.50000000000000000       0.50000000000000000     
         0.0000000000000000        1.0000000000000000       0.50000000000000000     
         0.0000000000000000       0.50000000000000000        1.0000000000000000     

 !NewElementMapDefinition
         882        1763
         0.0000000000000000        0.0000000000000000        0.0000000000000000     
         0.0000000000000000        1.0000000000000000        0.0000000000000000     
         0.0000000000000000        0.0000000000000000        1.0000000000000000     
         0.0000000000000000        1.0000000000000000        1.0000000000000000     
         0.0000000000000000       0.50000000000000000        0.0000000000000000     
         0.0000000000000000        0.0000000000000000       0.50000000000000000     
         0.0000000000000000       0.50000000000000000       0.50000000000000000     
         0.0000000000000000        1.0000000000000000       0.50000000000000000     
         0.0000000000000000       0.50000000000000000        1.0000000000000000     

 !NewElementMapDefinition
         883        1765
         0.0000000000000000        0.0000000000000000        0.0000000000000000     
         0.0000000000000000        1.0000000000000000        0.0000000000000000     
         0.0000000000000000        0.0000000000000000        1.0000000000000000     
         0.0000000000000000        1.0000000000000000        1.0000000000000000     
         0.0000000000000000       0.50000000000000000        0.0000000000000000     
         0.0000000000000000        0.0000000000000000       0.50000000000000000     
         0.0000000000000000       0.50000000000000000       0.50000000000000000     
         0.0000000000000000        1.0000000000000000       0.50000000000000000     
         0.0000000000000000       0.50000000000000000        1.0000000000000000     

 !NewElementMapDefinition
         884        1767
         0.0000000000000000        0.0000000000000000        0.0000000000000000     
         0.0000000000000000        1.0000000000000000        0.0000000000000000     
         0.0000000000000000        0.0000000000000000        1.0000000000000000     
         0.0000000000000000        1.0000000000000000        1.0000000000000000     
         0.0000000000000000       0.50000000000000000        0.0000000000000000     
         0.0000000000000000        0.0000000000000000       0.50000000000000000     
         0.0000000000000000       0.50000000000000000       0.50000000000000000     
         0.0000000000000000        1.0000000000000000       0.50000000000000000     
         0.0000000000000000       0.50000000000000000        1.0000000000000000     

 !NewElementMapDefinition
         885        1769
         0.0000000000000000        0.0000000000000000        0.0000000000000000     
         0.0000000000000000        1.0000000000000000        0.0000000000000000     
         0.0000000000000000        0.0000000000000000        1.0000000000000000     
         0.0000000000000000        1.0000000000000000        1.0000000000000000     
         0.0000000000000000       0.50000000000000000        0.0000000000000000     
         0.0000000000000000        0.0000000000000000       0.50000000000000000     
         0.0000000000000000       0.50000000000000000       0.50000000000000000     
         0.0000000000000000        1.0000000000000000       0.50000000000000000     
         0.0000000000000000       0.50000000000000000        1.0000000000000000     

 !NewElementMapDefinition
         886        1771
         0.0000000000000000        0.0000000000000000        0.0000000000000000     
         0.0000000000000000        1.0000000000000000        0.0000000000000000     
         0.0000000000000000        0.0000000000000000        1.0000000000000000     
         0.0000000000000000        1.0000000000000000        1.0000000000000000     
         0.0000000000000000       0.50000000000000000        0.0000000000000000     
         0.0000000000000000        0.0000000000000000       0.50000000000000000     
         0.0000000000000000       0.50000000000000000       0.50000000000000000     
         0.0000000000000000        1.0000000000000000       0.50000000000000000     
         0.0000000000000000       0.50000000000000000        1.0000000000000000     

 !NewElementMapDefinition
         887        1773
         0.0000000000000000        0.0000000000000000        0.0000000000000000     
         0.0000000000000000        1.0000000000000000        0.0000000000000000     
         0.0000000000000000        0.0000000000000000        1.0000000000000000     
         0.0000000000000000        1.0000000000000000        1.0000000000000000     
         0.0000000000000000       0.50000000000000000        0.0000000000000000     
         0.0000000000000000        0.0000000000000000       0.50000000000000000     
         0.0000000000000000       0.50000000000000000       0.50000000000000000     
         0.0000000000000000        1.0000000000000000       0.50000000000000000     
         0.0000000000000000       0.50000000000000000        1.0000000000000000     

 !NewElementMapDefinition
         888        1775
         0.0000000000000000        0.0000000000000000        0.0000000000000000     
         0.0000000000000000        1.0000000000000000        0.0000000000000000     
         0.0000000000000000        0.0000000000000000        1.0000000000000000     
         0.0000000000000000        1.0000000000000000        1.0000000000000000     
         0.0000000000000000       0.50000000000000000        0.0000000000000000     
         0.0000000000000000        0.0000000000000000       0.50000000000000000     
         0.0000000000000000       0.50000000000000000       0.50000000000000000     
         0.0000000000000000        1.0000000000000000       0.50000000000000000     
         0.0000000000000000       0.50000000000000000        1.0000000000000000     

 !NewElementMapDefinition
         889        1777
         0.0000000000000000        0.0000000000000000        0.0000000000000000     
         0.0000000000000000        1.0000000000000000        0.0000000000000000     
         0.0000000000000000        0.0000000000000000        1.0000000000000000     
         0.0000000000000000        1.0000000000000000        1.0000000000000000     
         0.0000000000000000       0.50000000000000000        0.0000000000000000     
         0.0000000000000000        0.0000000000000000       0.50000000000000000     
         0.0000000000000000       0.50000000000000000       0.50000000000000000     
         0.0000000000000000        1.0000000000000000       0.50000000000000000     
         0.0000000000000000       0.50000000000000000        1.0000000000000000     

 !NewElementMapDefinition
         890        1779
         0.0000000000000000        0.0000000000000000        0.0000000000000000     
         0.0000000000000000        1.0000000000000000        0.0000000000000000     
         0.0000000000000000        0.0000000000000000        1.0000000000000000     
         0.0000000000000000        1.0000000000000000        1.0000000000000000     
         0.0000000000000000       0.50000000000000000        0.0000000000000000     
         0.0000000000000000        0.0000000000000000       0.50000000000000000     
         0.0000000000000000       0.50000000000000000       0.50000000000000000     
         0.0000000000000000        1.0000000000000000       0.50000000000000000     
         0.0000000000000000       0.50000000000000000        1.0000000000000000     

 !NewElementMapDefinition
         891        1781
         0.0000000000000000        0.0000000000000000        0.0000000000000000     
         0.0000000000000000        1.0000000000000000        0.0000000000000000     
         0.0000000000000000        0.0000000000000000        1.0000000000000000     
         0.0000000000000000        1.0000000000000000        1.0000000000000000     
         0.0000000000000000       0.50000000000000000        0.0000000000000000     
         0.0000000000000000        0.0000000000000000       0.50000000000000000     
         0.0000000000000000       0.50000000000000000       0.50000000000000000     
         0.0000000000000000        1.0000000000000000       0.50000000000000000     
         0.0000000000000000       0.50000000000000000        1.0000000000000000     

 !NewElementMapDefinition
         892        1783
         0.0000000000000000        0.0000000000000000        0.0000000000000000     
         0.0000000000000000        1.0000000000000000        0.0000000000000000     
         0.0000000000000000        0.0000000000000000        1.0000000000000000     
         0.0000000000000000        1.0000000000000000        1.0000000000000000     
         0.0000000000000000       0.50000000000000000        0.0000000000000000     
         0.0000000000000000        0.0000000000000000       0.50000000000000000     
         0.0000000000000000       0.50000000000000000       0.50000000000000000     
         0.0000000000000000        1.0000000000000000       0.50000000000000000     
         0.0000000000000000       0.50000000000000000        1.0000000000000000     

 !NewElementMapDefinition
         893        1785
         0.0000000000000000        0.0000000000000000        0.0000000000000000     
         0.0000000000000000        1.0000000000000000        0.0000000000000000     
         0.0000000000000000        0.0000000000000000        1.0000000000000000     
         0.0000000000000000        1.0000000000000000        1.0000000000000000     
         0.0000000000000000       0.50000000000000000        0.0000000000000000     
         0.0000000000000000        0.0000000000000000       0.50000000000000000     
         0.0000000000000000       0.50000000000000000       0.50000000000000000     
         0.0000000000000000        1.0000000000000000       0.50000000000000000     
         0.0000000000000000       0.50000000000000000        1.0000000000000000     

 !NewElementMapDefinition
         894        1787
         0.0000000000000000        0.0000000000000000        0.0000000000000000     
         0.0000000000000000        1.0000000000000000        0.0000000000000000     
         0.0000000000000000        0.0000000000000000        1.0000000000000000     
         0.0000000000000000        1.0000000000000000        1.0000000000000000     
         0.0000000000000000       0.50000000000000000        0.0000000000000000     
         0.0000000000000000        0.0000000000000000       0.50000000000000000     
         0.0000000000000000       0.50000000000000000       0.50000000000000000     
         0.0000000000000000        1.0000000000000000       0.50000000000000000     
         0.0000000000000000       0.50000000000000000        1.0000000000000000     

 !NewElementMapDefinition
         895        1789
         0.0000000000000000        0.0000000000000000        0.0000000000000000     
         0.0000000000000000        1.0000000000000000        0.0000000000000000     
         0.0000000000000000        0.0000000000000000        1.0000000000000000     
         0.0000000000000000        1.0000000000000000        1.0000000000000000     
         0.0000000000000000       0.50000000000000000        0.0000000000000000     
         0.0000000000000000        0.0000000000000000       0.50000000000000000     
         0.0000000000000000       0.50000000000000000       0.50000000000000000     
         0.0000000000000000        1.0000000000000000       0.50000000000000000     
         0.0000000000000000       0.50000000000000000        1.0000000000000000     

 !NewElementMapDefinition
         896        1791
         0.0000000000000000        0.0000000000000000        0.0000000000000000     
         0.0000000000000000        1.0000000000000000        0.0000000000000000     
         0.0000000000000000        0.0000000000000000        1.0000000000000000     
         0.0000000000000000        1.0000000000000000        1.0000000000000000     
         0.0000000000000000       0.50000000000000000        0.0000000000000000     
         0.0000000000000000        0.0000000000000000       0.50000000000000000     
         0.0000000000000000       0.50000000000000000       0.50000000000000000     
         0.0000000000000000        1.0000000000000000       0.50000000000000000     
         0.0000000000000000       0.50000000000000000        1.0000000000000000     

 !NewElementMapDefinition
         897        1793
         0.0000000000000000        0.0000000000000000        0.0000000000000000     
         0.0000000000000000        1.0000000000000000        0.0000000000000000     
         0.0000000000000000        0.0000000000000000        1.0000000000000000     
         0.0000000000000000        1.0000000000000000        1.0000000000000000     
         0.0000000000000000       0.50000000000000000        0.0000000000000000     
         0.0000000000000000        0.0000000000000000       0.50000000000000000     
         0.0000000000000000       0.50000000000000000       0.50000000000000000     
         0.0000000000000000        1.0000000000000000       0.50000000000000000     
         0.0000000000000000       0.50000000000000000        1.0000000000000000     

 !NewElementMapDefinition
         898        1795
         0.0000000000000000        0.0000000000000000        0.0000000000000000     
         0.0000000000000000        1.0000000000000000        0.0000000000000000     
         0.0000000000000000        0.0000000000000000        1.0000000000000000     
         0.0000000000000000        1.0000000000000000        1.0000000000000000     
         0.0000000000000000       0.50000000000000000        0.0000000000000000     
         0.0000000000000000        0.0000000000000000       0.50000000000000000     
         0.0000000000000000       0.50000000000000000       0.50000000000000000     
         0.0000000000000000        1.0000000000000000       0.50000000000000000     
         0.0000000000000000       0.50000000000000000        1.0000000000000000     

 !NewElementMapDefinition
         899        1797
         0.0000000000000000        0.0000000000000000        0.0000000000000000     
         0.0000000000000000        1.0000000000000000        0.0000000000000000     
         0.0000000000000000        0.0000000000000000        1.0000000000000000     
         0.0000000000000000        1.0000000000000000        1.0000000000000000     
         0.0000000000000000       0.50000000000000000        0.0000000000000000     
         0.0000000000000000        0.0000000000000000       0.50000000000000000     
         0.0000000000000000       0.50000000000000000       0.50000000000000000     
         0.0000000000000000        1.0000000000000000       0.50000000000000000     
         0.0000000000000000       0.50000000000000000        1.0000000000000000     

 !NewElementMapDefinition
         900        1799
         0.0000000000000000        0.0000000000000000        0.0000000000000000     
         0.0000000000000000        1.0000000000000000        0.0000000000000000     
         0.0000000000000000        0.0000000000000000        1.0000000000000000     
         0.0000000000000000        1.0000000000000000        1.0000000000000000     
         0.0000000000000000       0.50000000000000000        0.0000000000000000     
         0.0000000000000000        0.0000000000000000       0.50000000000000000     
         0.0000000000000000       0.50000000000000000       0.50000000000000000     
         0.0000000000000000        1.0000000000000000       0.50000000000000000     
         0.0000000000000000       0.50000000000000000        1.0000000000000000     

 !NewElementMapDefinition
         901        1801
         0.0000000000000000        0.0000000000000000        0.0000000000000000     
         0.0000000000000000        1.0000000000000000        0.0000000000000000     
         0.0000000000000000        0.0000000000000000        1.0000000000000000     
         0.0000000000000000        1.0000000000000000        1.0000000000000000     
         0.0000000000000000       0.50000000000000000        0.0000000000000000     
         0.0000000000000000        0.0000000000000000       0.50000000000000000     
         0.0000000000000000       0.50000000000000000       0.50000000000000000     
         0.0000000000000000        1.0000000000000000       0.50000000000000000     
         0.0000000000000000       0.50000000000000000        1.0000000000000000     

 !NewElementMapDefinition
         902        1803
         0.0000000000000000        0.0000000000000000        0.0000000000000000     
         0.0000000000000000        1.0000000000000000        0.0000000000000000     
         0.0000000000000000        0.0000000000000000        1.0000000000000000     
         0.0000000000000000        1.0000000000000000        1.0000000000000000     
         0.0000000000000000       0.50000000000000000        0.0000000000000000     
         0.0000000000000000        0.0000000000000000       0.50000000000000000     
         0.0000000000000000       0.50000000000000000       0.50000000000000000     
         0.0000000000000000        1.0000000000000000       0.50000000000000000     
         0.0000000000000000       0.50000000000000000        1.0000000000000000     

 !NewElementMapDefinition
         903        1805
         0.0000000000000000        0.0000000000000000        0.0000000000000000     
         0.0000000000000000        1.0000000000000000        0.0000000000000000     
         0.0000000000000000        0.0000000000000000        1.0000000000000000     
         0.0000000000000000        1.0000000000000000        1.0000000000000000     
         0.0000000000000000       0.50000000000000000        0.0000000000000000     
         0.0000000000000000        0.0000000000000000       0.50000000000000000     
         0.0000000000000000       0.50000000000000000       0.50000000000000000     
         0.0000000000000000        1.0000000000000000       0.50000000000000000     
         0.0000000000000000       0.50000000000000000        1.0000000000000000     

 !NewElementMapDefinition
         904        1807
         0.0000000000000000        0.0000000000000000        0.0000000000000000     
         0.0000000000000000        1.0000000000000000        0.0000000000000000     
         0.0000000000000000        0.0000000000000000        1.0000000000000000     
         0.0000000000000000        1.0000000000000000        1.0000000000000000     
         0.0000000000000000       0.50000000000000000        0.0000000000000000     
         0.0000000000000000        0.0000000000000000       0.50000000000000000     
         0.0000000000000000       0.50000000000000000       0.50000000000000000     
         0.0000000000000000        1.0000000000000000       0.50000000000000000     
         0.0000000000000000       0.50000000000000000        1.0000000000000000     

 !NewElementMapDefinition
         905        1809
         0.0000000000000000        0.0000000000000000        0.0000000000000000     
         0.0000000000000000        1.0000000000000000        0.0000000000000000     
         0.0000000000000000        0.0000000000000000        1.0000000000000000     
         0.0000000000000000        1.0000000000000000        1.0000000000000000     
         0.0000000000000000       0.50000000000000000        0.0000000000000000     
         0.0000000000000000        0.0000000000000000       0.50000000000000000     
         0.0000000000000000       0.50000000000000000       0.50000000000000000     
         0.0000000000000000        1.0000000000000000       0.50000000000000000     
         0.0000000000000000       0.50000000000000000        1.0000000000000000     

 !NewElementMapDefinition
         906        1811
         0.0000000000000000        0.0000000000000000        0.0000000000000000     
         0.0000000000000000        1.0000000000000000        0.0000000000000000     
         0.0000000000000000        0.0000000000000000        1.0000000000000000     
         0.0000000000000000        1.0000000000000000        1.0000000000000000     
         0.0000000000000000       0.50000000000000000        0.0000000000000000     
         0.0000000000000000        0.0000000000000000       0.50000000000000000     
         0.0000000000000000       0.50000000000000000       0.50000000000000000     
         0.0000000000000000        1.0000000000000000       0.50000000000000000     
         0.0000000000000000       0.50000000000000000        1.0000000000000000     

 !NewElementMapDefinition
         907        1813
         0.0000000000000000        0.0000000000000000        0.0000000000000000     
         0.0000000000000000        1.0000000000000000        0.0000000000000000     
         0.0000000000000000        0.0000000000000000        1.0000000000000000     
         0.0000000000000000        1.0000000000000000        1.0000000000000000     
         0.0000000000000000       0.50000000000000000        0.0000000000000000     
         0.0000000000000000        0.0000000000000000       0.50000000000000000     
         0.0000000000000000       0.50000000000000000       0.50000000000000000     
         0.0000000000000000        1.0000000000000000       0.50000000000000000     
         0.0000000000000000       0.50000000000000000        1.0000000000000000     

 !NewElementMapDefinition
         908        1815
         0.0000000000000000        0.0000000000000000        0.0000000000000000     
         0.0000000000000000        1.0000000000000000        0.0000000000000000     
         0.0000000000000000        0.0000000000000000        1.0000000000000000     
         0.0000000000000000        1.0000000000000000        1.0000000000000000     
         0.0000000000000000       0.50000000000000000        0.0000000000000000     
         0.0000000000000000        0.0000000000000000       0.50000000000000000     
         0.0000000000000000       0.50000000000000000       0.50000000000000000     
         0.0000000000000000        1.0000000000000000       0.50000000000000000     
         0.0000000000000000       0.50000000000000000        1.0000000000000000     

 !NewElementMapDefinition
         909        1817
         0.0000000000000000        0.0000000000000000        0.0000000000000000     
         0.0000000000000000        1.0000000000000000        0.0000000000000000     
         0.0000000000000000        0.0000000000000000        1.0000000000000000     
         0.0000000000000000        1.0000000000000000        1.0000000000000000     
         0.0000000000000000       0.50000000000000000        0.0000000000000000     
         0.0000000000000000        0.0000000000000000       0.50000000000000000     
         0.0000000000000000       0.50000000000000000       0.50000000000000000     
         0.0000000000000000        1.0000000000000000       0.50000000000000000     
         0.0000000000000000       0.50000000000000000        1.0000000000000000     

 !NewElementMapDefinition
         910        1819
         0.0000000000000000        0.0000000000000000        0.0000000000000000     
         0.0000000000000000        1.0000000000000000        0.0000000000000000     
         0.0000000000000000        0.0000000000000000        1.0000000000000000     
         0.0000000000000000        1.0000000000000000        1.0000000000000000     
         0.0000000000000000       0.50000000000000000        0.0000000000000000     
         0.0000000000000000        0.0000000000000000       0.50000000000000000     
         0.0000000000000000       0.50000000000000000       0.50000000000000000     
         0.0000000000000000        1.0000000000000000       0.50000000000000000     
         0.0000000000000000       0.50000000000000000        1.0000000000000000     

 !NewElementMapDefinition
         911        1821
         0.0000000000000000        0.0000000000000000        0.0000000000000000     
         0.0000000000000000        1.0000000000000000        0.0000000000000000     
         0.0000000000000000        0.0000000000000000        1.0000000000000000     
         0.0000000000000000        1.0000000000000000        1.0000000000000000     
         0.0000000000000000       0.50000000000000000        0.0000000000000000     
         0.0000000000000000        0.0000000000000000       0.50000000000000000     
         0.0000000000000000       0.50000000000000000       0.50000000000000000     
         0.0000000000000000        1.0000000000000000       0.50000000000000000     
         0.0000000000000000       0.50000000000000000        1.0000000000000000     

 !NewElementMapDefinition
         912        1823
         0.0000000000000000        0.0000000000000000        0.0000000000000000     
         0.0000000000000000        1.0000000000000000        0.0000000000000000     
         0.0000000000000000        0.0000000000000000        1.0000000000000000     
         0.0000000000000000        1.0000000000000000        1.0000000000000000     
         0.0000000000000000       0.50000000000000000        0.0000000000000000     
         0.0000000000000000        0.0000000000000000       0.50000000000000000     
         0.0000000000000000       0.50000000000000000       0.50000000000000000     
         0.0000000000000000        1.0000000000000000       0.50000000000000000     
         0.0000000000000000       0.50000000000000000        1.0000000000000000     

 !NewElementMapDefinition
         913        1825
         0.0000000000000000        0.0000000000000000        0.0000000000000000     
         0.0000000000000000        1.0000000000000000        0.0000000000000000     
         0.0000000000000000        0.0000000000000000        1.0000000000000000     
         0.0000000000000000        1.0000000000000000        1.0000000000000000     
         0.0000000000000000       0.50000000000000000        0.0000000000000000     
         0.0000000000000000        0.0000000000000000       0.50000000000000000     
         0.0000000000000000       0.50000000000000000       0.50000000000000000     
         0.0000000000000000        1.0000000000000000       0.50000000000000000     
         0.0000000000000000       0.50000000000000000        1.0000000000000000     

 !NewElementMapDefinition
         914        1827
         0.0000000000000000        0.0000000000000000        0.0000000000000000     
         0.0000000000000000        1.0000000000000000        0.0000000000000000     
         0.0000000000000000        0.0000000000000000        1.0000000000000000     
         0.0000000000000000        1.0000000000000000        1.0000000000000000     
         0.0000000000000000       0.50000000000000000        0.0000000000000000     
         0.0000000000000000        0.0000000000000000       0.50000000000000000     
         0.0000000000000000       0.50000000000000000       0.50000000000000000     
         0.0000000000000000        1.0000000000000000       0.50000000000000000     
         0.0000000000000000       0.50000000000000000        1.0000000000000000     

 !NewElementMapDefinition
         915        1829
         0.0000000000000000        0.0000000000000000        0.0000000000000000     
         0.0000000000000000        1.0000000000000000        0.0000000000000000     
         0.0000000000000000        0.0000000000000000        1.0000000000000000     
         0.0000000000000000        1.0000000000000000        1.0000000000000000     
         0.0000000000000000       0.50000000000000000        0.0000000000000000     
         0.0000000000000000        0.0000000000000000       0.50000000000000000     
         0.0000000000000000       0.50000000000000000       0.50000000000000000     
         0.0000000000000000        1.0000000000000000       0.50000000000000000     
         0.0000000000000000       0.50000000000000000        1.0000000000000000     

 !NewElementMapDefinition
         916        1831
         0.0000000000000000        0.0000000000000000        0.0000000000000000     
         0.0000000000000000        1.0000000000000000        0.0000000000000000     
         0.0000000000000000        0.0000000000000000        1.0000000000000000     
         0.0000000000000000        1.0000000000000000        1.0000000000000000     
         0.0000000000000000       0.50000000000000000        0.0000000000000000     
         0.0000000000000000        0.0000000000000000       0.50000000000000000     
         0.0000000000000000       0.50000000000000000       0.50000000000000000     
         0.0000000000000000        1.0000000000000000       0.50000000000000000     
         0.0000000000000000       0.50000000000000000        1.0000000000000000     

 !NewElementMapDefinition
         917        1833
         0.0000000000000000        0.0000000000000000        0.0000000000000000     
         0.0000000000000000        1.0000000000000000        0.0000000000000000     
         0.0000000000000000        0.0000000000000000        1.0000000000000000     
         0.0000000000000000        1.0000000000000000        1.0000000000000000     
         0.0000000000000000       0.50000000000000000        0.0000000000000000     
         0.0000000000000000        0.0000000000000000       0.50000000000000000     
         0.0000000000000000       0.50000000000000000       0.50000000000000000     
         0.0000000000000000        1.0000000000000000       0.50000000000000000     
         0.0000000000000000       0.50000000000000000        1.0000000000000000     

 !NewElementMapDefinition
         918        1835
         0.0000000000000000        0.0000000000000000        0.0000000000000000     
         0.0000000000000000        1.0000000000000000        0.0000000000000000     
         0.0000000000000000        0.0000000000000000        1.0000000000000000     
         0.0000000000000000        1.0000000000000000        1.0000000000000000     
         0.0000000000000000       0.50000000000000000        0.0000000000000000     
         0.0000000000000000        0.0000000000000000       0.50000000000000000     
         0.0000000000000000       0.50000000000000000       0.50000000000000000     
         0.0000000000000000        1.0000000000000000       0.50000000000000000     
         0.0000000000000000       0.50000000000000000        1.0000000000000000     

 !NewElementMapDefinition
         919        1837
         0.0000000000000000        0.0000000000000000        0.0000000000000000     
         0.0000000000000000        1.0000000000000000        0.0000000000000000     
         0.0000000000000000        0.0000000000000000        1.0000000000000000     
         0.0000000000000000        1.0000000000000000        1.0000000000000000     
         0.0000000000000000       0.50000000000000000        0.0000000000000000     
         0.0000000000000000        0.0000000000000000       0.50000000000000000     
         0.0000000000000000       0.50000000000000000       0.50000000000000000     
         0.0000000000000000        1.0000000000000000       0.50000000000000000     
         0.0000000000000000       0.50000000000000000        1.0000000000000000     

 !NewElementMapDefinition
         920        1839
         0.0000000000000000        0.0000000000000000        0.0000000000000000     
         0.0000000000000000        1.0000000000000000        0.0000000000000000     
         0.0000000000000000        0.0000000000000000        1.0000000000000000     
         0.0000000000000000        1.0000000000000000        1.0000000000000000     
         0.0000000000000000       0.50000000000000000        0.0000000000000000     
         0.0000000000000000        0.0000000000000000       0.50000000000000000     
         0.0000000000000000       0.50000000000000000       0.50000000000000000     
         0.0000000000000000        1.0000000000000000       0.50000000000000000     
         0.0000000000000000       0.50000000000000000        1.0000000000000000     

 !NewElementMapDefinition
         921        1841
         0.0000000000000000        0.0000000000000000        0.0000000000000000     
         0.0000000000000000        1.0000000000000000        0.0000000000000000     
         0.0000000000000000        0.0000000000000000        1.0000000000000000     
         0.0000000000000000        1.0000000000000000        1.0000000000000000     
         0.0000000000000000       0.50000000000000000        0.0000000000000000     
         0.0000000000000000        0.0000000000000000       0.50000000000000000     
         0.0000000000000000       0.50000000000000000       0.50000000000000000     
         0.0000000000000000        1.0000000000000000       0.50000000000000000     
         0.0000000000000000       0.50000000000000000        1.0000000000000000     

 !NewElementMapDefinition
         922        1843
         0.0000000000000000        0.0000000000000000        0.0000000000000000     
         0.0000000000000000        1.0000000000000000        0.0000000000000000     
         0.0000000000000000        0.0000000000000000        1.0000000000000000     
         0.0000000000000000        1.0000000000000000        1.0000000000000000     
         0.0000000000000000       0.50000000000000000        0.0000000000000000     
         0.0000000000000000        0.0000000000000000       0.50000000000000000     
         0.0000000000000000       0.50000000000000000       0.50000000000000000     
         0.0000000000000000        1.0000000000000000       0.50000000000000000     
         0.0000000000000000       0.50000000000000000        1.0000000000000000     

 !NewElementMapDefinition
         923        1845
         0.0000000000000000        0.0000000000000000        0.0000000000000000     
         0.0000000000000000        1.0000000000000000        0.0000000000000000     
         0.0000000000000000        0.0000000000000000        1.0000000000000000     
         0.0000000000000000        1.0000000000000000        1.0000000000000000     
         0.0000000000000000       0.50000000000000000        0.0000000000000000     
         0.0000000000000000        0.0000000000000000       0.50000000000000000     
         0.0000000000000000       0.50000000000000000       0.50000000000000000     
         0.0000000000000000        1.0000000000000000       0.50000000000000000     
         0.0000000000000000       0.50000000000000000        1.0000000000000000     

 !NewElementMapDefinition
         924        1847
         0.0000000000000000        0.0000000000000000        0.0000000000000000     
         0.0000000000000000        1.0000000000000000        0.0000000000000000     
         0.0000000000000000        0.0000000000000000        1.0000000000000000     
         0.0000000000000000        1.0000000000000000        1.0000000000000000     
         0.0000000000000000       0.50000000000000000        0.0000000000000000     
         0.0000000000000000        0.0000000000000000       0.50000000000000000     
         0.0000000000000000       0.50000000000000000       0.50000000000000000     
         0.0000000000000000        1.0000000000000000       0.50000000000000000     
         0.0000000000000000       0.50000000000000000        1.0000000000000000     

 !NewElementMapDefinition
         925        1849
         0.0000000000000000        0.0000000000000000        0.0000000000000000     
         0.0000000000000000        1.0000000000000000        0.0000000000000000     
         0.0000000000000000        0.0000000000000000        1.0000000000000000     
         0.0000000000000000        1.0000000000000000        1.0000000000000000     
         0.0000000000000000       0.50000000000000000        0.0000000000000000     
         0.0000000000000000        0.0000000000000000       0.50000000000000000     
         0.0000000000000000       0.50000000000000000       0.50000000000000000     
         0.0000000000000000        1.0000000000000000       0.50000000000000000     
         0.0000000000000000       0.50000000000000000        1.0000000000000000     

 !NewElementMapDefinition
         926        1851
         0.0000000000000000        0.0000000000000000        0.0000000000000000     
         0.0000000000000000        1.0000000000000000        0.0000000000000000     
         0.0000000000000000        0.0000000000000000        1.0000000000000000     
         0.0000000000000000        1.0000000000000000        1.0000000000000000     
         0.0000000000000000       0.50000000000000000        0.0000000000000000     
         0.0000000000000000        0.0000000000000000       0.50000000000000000     
         0.0000000000000000       0.50000000000000000       0.50000000000000000     
         0.0000000000000000        1.0000000000000000       0.50000000000000000     
         0.0000000000000000       0.50000000000000000        1.0000000000000000     

 !NewElementMapDefinition
         927        1853
         0.0000000000000000        0.0000000000000000        0.0000000000000000     
         0.0000000000000000        1.0000000000000000        0.0000000000000000     
         0.0000000000000000        0.0000000000000000        1.0000000000000000     
         0.0000000000000000        1.0000000000000000        1.0000000000000000     
         0.0000000000000000       0.50000000000000000        0.0000000000000000     
         0.0000000000000000        0.0000000000000000       0.50000000000000000     
         0.0000000000000000       0.50000000000000000       0.50000000000000000     
         0.0000000000000000        1.0000000000000000       0.50000000000000000     
         0.0000000000000000       0.50000000000000000        1.0000000000000000     

 !NewElementMapDefinition
         928        1855
         0.0000000000000000        0.0000000000000000        0.0000000000000000     
         0.0000000000000000        1.0000000000000000        0.0000000000000000     
         0.0000000000000000        0.0000000000000000        1.0000000000000000     
         0.0000000000000000        1.0000000000000000        1.0000000000000000     
         0.0000000000000000       0.50000000000000000        0.0000000000000000     
         0.0000000000000000        0.0000000000000000       0.50000000000000000     
         0.0000000000000000       0.50000000000000000       0.50000000000000000     
         0.0000000000000000        1.0000000000000000       0.50000000000000000     
         0.0000000000000000       0.50000000000000000        1.0000000000000000     

 !NewElementMapDefinition
         929        1857
         0.0000000000000000        0.0000000000000000        0.0000000000000000     
         0.0000000000000000        1.0000000000000000        0.0000000000000000     
         0.0000000000000000        0.0000000000000000        1.0000000000000000     
         0.0000000000000000        1.0000000000000000        1.0000000000000000     
         0.0000000000000000       0.50000000000000000        0.0000000000000000     
         0.0000000000000000        0.0000000000000000       0.50000000000000000     
         0.0000000000000000       0.50000000000000000       0.50000000000000000     
         0.0000000000000000        1.0000000000000000       0.50000000000000000     
         0.0000000000000000       0.50000000000000000        1.0000000000000000     

 !NewElementMapDefinition
         930        1859
         0.0000000000000000        0.0000000000000000        0.0000000000000000     
         0.0000000000000000        1.0000000000000000        0.0000000000000000     
         0.0000000000000000        0.0000000000000000        1.0000000000000000     
         0.0000000000000000        1.0000000000000000        1.0000000000000000     
         0.0000000000000000       0.50000000000000000        0.0000000000000000     
         0.0000000000000000        0.0000000000000000       0.50000000000000000     
         0.0000000000000000       0.50000000000000000       0.50000000000000000     
         0.0000000000000000        1.0000000000000000       0.50000000000000000     
         0.0000000000000000       0.50000000000000000        1.0000000000000000     

 !NewElementMapDefinition
         931        1861
         0.0000000000000000        0.0000000000000000        0.0000000000000000     
         0.0000000000000000        1.0000000000000000        0.0000000000000000     
         0.0000000000000000        0.0000000000000000        1.0000000000000000     
         0.0000000000000000        1.0000000000000000        1.0000000000000000     
         0.0000000000000000       0.50000000000000000        0.0000000000000000     
         0.0000000000000000        0.0000000000000000       0.50000000000000000     
         0.0000000000000000       0.50000000000000000       0.50000000000000000     
         0.0000000000000000        1.0000000000000000       0.50000000000000000     
         0.0000000000000000       0.50000000000000000        1.0000000000000000     

 !NewElementMapDefinition
         932        1863
         0.0000000000000000        0.0000000000000000        0.0000000000000000     
         0.0000000000000000        1.0000000000000000        0.0000000000000000     
         0.0000000000000000        0.0000000000000000        1.0000000000000000     
         0.0000000000000000        1.0000000000000000        1.0000000000000000     
         0.0000000000000000       0.50000000000000000        0.0000000000000000     
         0.0000000000000000        0.0000000000000000       0.50000000000000000     
         0.0000000000000000       0.50000000000000000       0.50000000000000000     
         0.0000000000000000        1.0000000000000000       0.50000000000000000     
         0.0000000000000000       0.50000000000000000        1.0000000000000000     

 !NewElementMapDefinition
         933        1865
         0.0000000000000000        0.0000000000000000        0.0000000000000000     
         0.0000000000000000        1.0000000000000000        0.0000000000000000     
         0.0000000000000000        0.0000000000000000        1.0000000000000000     
         0.0000000000000000        1.0000000000000000        1.0000000000000000     
         0.0000000000000000       0.50000000000000000        0.0000000000000000     
         0.0000000000000000        0.0000000000000000       0.50000000000000000     
         0.0000000000000000       0.50000000000000000       0.50000000000000000     
         0.0000000000000000        1.0000000000000000       0.50000000000000000     
         0.0000000000000000       0.50000000000000000        1.0000000000000000     

 !NewElementMapDefinition
         934        1867
         0.0000000000000000        0.0000000000000000        0.0000000000000000     
         0.0000000000000000        1.0000000000000000        0.0000000000000000     
         0.0000000000000000        0.0000000000000000        1.0000000000000000     
         0.0000000000000000        1.0000000000000000        1.0000000000000000     
         0.0000000000000000       0.50000000000000000        0.0000000000000000     
         0.0000000000000000        0.0000000000000000       0.50000000000000000     
         0.0000000000000000       0.50000000000000000       0.50000000000000000     
         0.0000000000000000        1.0000000000000000       0.50000000000000000     
         0.0000000000000000       0.50000000000000000        1.0000000000000000     

 !NewElementMapDefinition
         935        1869
         0.0000000000000000        0.0000000000000000        0.0000000000000000     
         0.0000000000000000        1.0000000000000000        0.0000000000000000     
         0.0000000000000000        0.0000000000000000        1.0000000000000000     
         0.0000000000000000        1.0000000000000000        1.0000000000000000     
         0.0000000000000000       0.50000000000000000        0.0000000000000000     
         0.0000000000000000        0.0000000000000000       0.50000000000000000     
         0.0000000000000000       0.50000000000000000       0.50000000000000000     
         0.0000000000000000        1.0000000000000000       0.50000000000000000     
         0.0000000000000000       0.50000000000000000        1.0000000000000000     

 !NewElementMapDefinition
         936        1871
         0.0000000000000000        0.0000000000000000        0.0000000000000000     
         0.0000000000000000        1.0000000000000000        0.0000000000000000     
         0.0000000000000000        0.0000000000000000        1.0000000000000000     
         0.0000000000000000        1.0000000000000000        1.0000000000000000     
         0.0000000000000000       0.50000000000000000        0.0000000000000000     
         0.0000000000000000        0.0000000000000000       0.50000000000000000     
         0.0000000000000000       0.50000000000000000       0.50000000000000000     
         0.0000000000000000        1.0000000000000000       0.50000000000000000     
         0.0000000000000000       0.50000000000000000        1.0000000000000000     

 !NewElementMapDefinition
         937        1873
         0.0000000000000000        0.0000000000000000        0.0000000000000000     
         0.0000000000000000        1.0000000000000000        0.0000000000000000     
         0.0000000000000000        0.0000000000000000        1.0000000000000000     
         0.0000000000000000        1.0000000000000000        1.0000000000000000     
         0.0000000000000000       0.50000000000000000        0.0000000000000000     
         0.0000000000000000        0.0000000000000000       0.50000000000000000     
         0.0000000000000000       0.50000000000000000       0.50000000000000000     
         0.0000000000000000        1.0000000000000000       0.50000000000000000     
         0.0000000000000000       0.50000000000000000        1.0000000000000000     

 !NewElementMapDefinition
         938        1875
         0.0000000000000000        0.0000000000000000        0.0000000000000000     
         0.0000000000000000        1.0000000000000000        0.0000000000000000     
         0.0000000000000000        0.0000000000000000        1.0000000000000000     
         0.0000000000000000        1.0000000000000000        1.0000000000000000     
         0.0000000000000000       0.50000000000000000        0.0000000000000000     
         0.0000000000000000        0.0000000000000000       0.50000000000000000     
         0.0000000000000000       0.50000000000000000       0.50000000000000000     
         0.0000000000000000        1.0000000000000000       0.50000000000000000     
         0.0000000000000000       0.50000000000000000        1.0000000000000000     

 !NewElementMapDefinition
         939        1877
         0.0000000000000000        0.0000000000000000        0.0000000000000000     
         0.0000000000000000        1.0000000000000000        0.0000000000000000     
         0.0000000000000000        0.0000000000000000        1.0000000000000000     
         0.0000000000000000        1.0000000000000000        1.0000000000000000     
         0.0000000000000000       0.50000000000000000        0.0000000000000000     
         0.0000000000000000        0.0000000000000000       0.50000000000000000     
         0.0000000000000000       0.50000000000000000       0.50000000000000000     
         0.0000000000000000        1.0000000000000000       0.50000000000000000     
         0.0000000000000000       0.50000000000000000        1.0000000000000000     

 !NewElementMapDefinition
         940        1879
         0.0000000000000000        0.0000000000000000        0.0000000000000000     
         0.0000000000000000        1.0000000000000000        0.0000000000000000     
         0.0000000000000000        0.0000000000000000        1.0000000000000000     
         0.0000000000000000        1.0000000000000000        1.0000000000000000     
         0.0000000000000000       0.50000000000000000        0.0000000000000000     
         0.0000000000000000        0.0000000000000000       0.50000000000000000     
         0.0000000000000000       0.50000000000000000       0.50000000000000000     
         0.0000000000000000        1.0000000000000000       0.50000000000000000     
         0.0000000000000000       0.50000000000000000        1.0000000000000000     

 !NewElementMapDefinition
         941        1881
         0.0000000000000000        0.0000000000000000        0.0000000000000000     
         0.0000000000000000        1.0000000000000000        0.0000000000000000     
         0.0000000000000000        0.0000000000000000        1.0000000000000000     
         0.0000000000000000        1.0000000000000000        1.0000000000000000     
         0.0000000000000000       0.50000000000000000        0.0000000000000000     
         0.0000000000000000        0.0000000000000000       0.50000000000000000     
         0.0000000000000000       0.50000000000000000       0.50000000000000000     
         0.0000000000000000        1.0000000000000000       0.50000000000000000     
         0.0000000000000000       0.50000000000000000        1.0000000000000000     

 !NewElementMapDefinition
         942        1883
         0.0000000000000000        0.0000000000000000        0.0000000000000000     
         0.0000000000000000        1.0000000000000000        0.0000000000000000     
         0.0000000000000000        0.0000000000000000        1.0000000000000000     
         0.0000000000000000        1.0000000000000000        1.0000000000000000     
         0.0000000000000000       0.50000000000000000        0.0000000000000000     
         0.0000000000000000        0.0000000000000000       0.50000000000000000     
         0.0000000000000000       0.50000000000000000       0.50000000000000000     
         0.0000000000000000        1.0000000000000000       0.50000000000000000     
         0.0000000000000000       0.50000000000000000        1.0000000000000000     

 !NewElementMapDefinition
         943        1885
         0.0000000000000000        0.0000000000000000        0.0000000000000000     
         0.0000000000000000        1.0000000000000000        0.0000000000000000     
         0.0000000000000000        0.0000000000000000        1.0000000000000000     
         0.0000000000000000        1.0000000000000000        1.0000000000000000     
         0.0000000000000000       0.50000000000000000        0.0000000000000000     
         0.0000000000000000        0.0000000000000000       0.50000000000000000     
         0.0000000000000000       0.50000000000000000       0.50000000000000000     
         0.0000000000000000        1.0000000000000000       0.50000000000000000     
         0.0000000000000000       0.50000000000000000        1.0000000000000000     

 !NewElementMapDefinition
         944        1887
         0.0000000000000000        0.0000000000000000        0.0000000000000000     
         0.0000000000000000        1.0000000000000000        0.0000000000000000     
         0.0000000000000000        0.0000000000000000        1.0000000000000000     
         0.0000000000000000        1.0000000000000000        1.0000000000000000     
         0.0000000000000000       0.50000000000000000        0.0000000000000000     
         0.0000000000000000        0.0000000000000000       0.50000000000000000     
         0.0000000000000000       0.50000000000000000       0.50000000000000000     
         0.0000000000000000        1.0000000000000000       0.50000000000000000     
         0.0000000000000000       0.50000000000000000        1.0000000000000000     

 !NewElementMapDefinition
         945        1889
         0.0000000000000000        0.0000000000000000        0.0000000000000000     
         0.0000000000000000        1.0000000000000000        0.0000000000000000     
         0.0000000000000000        0.0000000000000000        1.0000000000000000     
         0.0000000000000000        1.0000000000000000        1.0000000000000000     
         0.0000000000000000       0.50000000000000000        0.0000000000000000     
         0.0000000000000000        0.0000000000000000       0.50000000000000000     
         0.0000000000000000       0.50000000000000000       0.50000000000000000     
         0.0000000000000000        1.0000000000000000       0.50000000000000000     
         0.0000000000000000       0.50000000000000000        1.0000000000000000     

 !NewElementMapDefinition
         946        1891
         0.0000000000000000        0.0000000000000000        0.0000000000000000     
         0.0000000000000000        1.0000000000000000        0.0000000000000000     
         0.0000000000000000        0.0000000000000000        1.0000000000000000     
         0.0000000000000000        1.0000000000000000        1.0000000000000000     
         0.0000000000000000       0.50000000000000000        0.0000000000000000     
         0.0000000000000000        0.0000000000000000       0.50000000000000000     
         0.0000000000000000       0.50000000000000000       0.50000000000000000     
         0.0000000000000000        1.0000000000000000       0.50000000000000000     
         0.0000000000000000       0.50000000000000000        1.0000000000000000     

 !NewElementMapDefinition
         947        1893
         0.0000000000000000        0.0000000000000000        0.0000000000000000     
         0.0000000000000000        1.0000000000000000        0.0000000000000000     
         0.0000000000000000        0.0000000000000000        1.0000000000000000     
         0.0000000000000000        1.0000000000000000        1.0000000000000000     
         0.0000000000000000       0.50000000000000000        0.0000000000000000     
         0.0000000000000000        0.0000000000000000       0.50000000000000000     
         0.0000000000000000       0.50000000000000000       0.50000000000000000     
         0.0000000000000000        1.0000000000000000       0.50000000000000000     
         0.0000000000000000       0.50000000000000000        1.0000000000000000     

 !NewElementMapDefinition
         948        1895
         0.0000000000000000        0.0000000000000000        0.0000000000000000     
         0.0000000000000000        1.0000000000000000        0.0000000000000000     
         0.0000000000000000        0.0000000000000000        1.0000000000000000     
         0.0000000000000000        1.0000000000000000        1.0000000000000000     
         0.0000000000000000       0.50000000000000000        0.0000000000000000     
         0.0000000000000000        0.0000000000000000       0.50000000000000000     
         0.0000000000000000       0.50000000000000000       0.50000000000000000     
         0.0000000000000000        1.0000000000000000       0.50000000000000000     
         0.0000000000000000       0.50000000000000000        1.0000000000000000     

 !NewElementMapDefinition
         949        1897
         0.0000000000000000        0.0000000000000000        0.0000000000000000     
         0.0000000000000000        1.0000000000000000        0.0000000000000000     
         0.0000000000000000        0.0000000000000000        1.0000000000000000     
         0.0000000000000000        1.0000000000000000        1.0000000000000000     
         0.0000000000000000       0.50000000000000000        0.0000000000000000     
         0.0000000000000000        0.0000000000000000       0.50000000000000000     
         0.0000000000000000       0.50000000000000000       0.50000000000000000     
         0.0000000000000000        1.0000000000000000       0.50000000000000000     
         0.0000000000000000       0.50000000000000000        1.0000000000000000     

 !NewElementMapDefinition
         950        1899
         0.0000000000000000        0.0000000000000000        0.0000000000000000     
         0.0000000000000000        1.0000000000000000        0.0000000000000000     
         0.0000000000000000        0.0000000000000000        1.0000000000000000     
         0.0000000000000000        1.0000000000000000        1.0000000000000000     
         0.0000000000000000       0.50000000000000000        0.0000000000000000     
         0.0000000000000000        0.0000000000000000       0.50000000000000000     
         0.0000000000000000       0.50000000000000000       0.50000000000000000     
         0.0000000000000000        1.0000000000000000       0.50000000000000000     
         0.0000000000000000       0.50000000000000000        1.0000000000000000     

 !NewElementMapDefinition
         951        1901
         0.0000000000000000        0.0000000000000000        0.0000000000000000     
         0.0000000000000000        1.0000000000000000        0.0000000000000000     
         0.0000000000000000        0.0000000000000000        1.0000000000000000     
         0.0000000000000000        1.0000000000000000        1.0000000000000000     
         0.0000000000000000       0.50000000000000000        0.0000000000000000     
         0.0000000000000000        0.0000000000000000       0.50000000000000000     
         0.0000000000000000       0.50000000000000000       0.50000000000000000     
         0.0000000000000000        1.0000000000000000       0.50000000000000000     
         0.0000000000000000       0.50000000000000000        1.0000000000000000     

 !NewElementMapDefinition
         952        1903
         0.0000000000000000        0.0000000000000000        0.0000000000000000     
         0.0000000000000000        1.0000000000000000        0.0000000000000000     
         0.0000000000000000        0.0000000000000000        1.0000000000000000     
         0.0000000000000000        1.0000000000000000        1.0000000000000000     
         0.0000000000000000       0.50000000000000000        0.0000000000000000     
         0.0000000000000000        0.0000000000000000       0.50000000000000000     
         0.0000000000000000       0.50000000000000000       0.50000000000000000     
         0.0000000000000000        1.0000000000000000       0.50000000000000000     
         0.0000000000000000       0.50000000000000000        1.0000000000000000     

 !NewElementMapDefinition
         953        1905
         0.0000000000000000        0.0000000000000000        0.0000000000000000     
         0.0000000000000000        1.0000000000000000        0.0000000000000000     
         0.0000000000000000        0.0000000000000000        1.0000000000000000     
         0.0000000000000000        1.0000000000000000        1.0000000000000000     
         0.0000000000000000       0.50000000000000000        0.0000000000000000     
         0.0000000000000000        0.0000000000000000       0.50000000000000000     
         0.0000000000000000       0.50000000000000000       0.50000000000000000     
         0.0000000000000000        1.0000000000000000       0.50000000000000000     
         0.0000000000000000       0.50000000000000000        1.0000000000000000     

 !NewElementMapDefinition
         954        1907
         0.0000000000000000        0.0000000000000000        0.0000000000000000     
         0.0000000000000000        1.0000000000000000        0.0000000000000000     
         0.0000000000000000        0.0000000000000000        1.0000000000000000     
         0.0000000000000000        1.0000000000000000        1.0000000000000000     
         0.0000000000000000       0.50000000000000000        0.0000000000000000     
         0.0000000000000000        0.0000000000000000       0.50000000000000000     
         0.0000000000000000       0.50000000000000000       0.50000000000000000     
         0.0000000000000000        1.0000000000000000       0.50000000000000000     
         0.0000000000000000       0.50000000000000000        1.0000000000000000     

 !NewElementMapDefinition
         955        1909
         0.0000000000000000        0.0000000000000000        0.0000000000000000     
         0.0000000000000000        1.0000000000000000        0.0000000000000000     
         0.0000000000000000        0.0000000000000000        1.0000000000000000     
         0.0000000000000000        1.0000000000000000        1.0000000000000000     
         0.0000000000000000       0.50000000000000000        0.0000000000000000     
         0.0000000000000000        0.0000000000000000       0.50000000000000000     
         0.0000000000000000       0.50000000000000000       0.50000000000000000     
         0.0000000000000000        1.0000000000000000       0.50000000000000000     
         0.0000000000000000       0.50000000000000000        1.0000000000000000     

 !NewElementMapDefinition
         956        1911
         0.0000000000000000        0.0000000000000000        0.0000000000000000     
         0.0000000000000000        1.0000000000000000        0.0000000000000000     
         0.0000000000000000        0.0000000000000000        1.0000000000000000     
         0.0000000000000000        1.0000000000000000        1.0000000000000000     
         0.0000000000000000       0.50000000000000000        0.0000000000000000     
         0.0000000000000000        0.0000000000000000       0.50000000000000000     
         0.0000000000000000       0.50000000000000000       0.50000000000000000     
         0.0000000000000000        1.0000000000000000       0.50000000000000000     
         0.0000000000000000       0.50000000000000000        1.0000000000000000     

 !NewElementMapDefinition
         957        1913
         0.0000000000000000        0.0000000000000000        0.0000000000000000     
         0.0000000000000000        1.0000000000000000        0.0000000000000000     
         0.0000000000000000        0.0000000000000000        1.0000000000000000     
         0.0000000000000000        1.0000000000000000        1.0000000000000000     
         0.0000000000000000       0.50000000000000000        0.0000000000000000     
         0.0000000000000000        0.0000000000000000       0.50000000000000000     
         0.0000000000000000       0.50000000000000000       0.50000000000000000     
         0.0000000000000000        1.0000000000000000       0.50000000000000000     
         0.0000000000000000       0.50000000000000000        1.0000000000000000     

 !NewElementMapDefinition
         958        1915
         0.0000000000000000        0.0000000000000000        0.0000000000000000     
         0.0000000000000000        1.0000000000000000        0.0000000000000000     
         0.0000000000000000        0.0000000000000000        1.0000000000000000     
         0.0000000000000000        1.0000000000000000        1.0000000000000000     
         0.0000000000000000       0.50000000000000000        0.0000000000000000     
         0.0000000000000000        0.0000000000000000       0.50000000000000000     
         0.0000000000000000       0.50000000000000000       0.50000000000000000     
         0.0000000000000000        1.0000000000000000       0.50000000000000000     
         0.0000000000000000       0.50000000000000000        1.0000000000000000     

 !NewElementMapDefinition
         959        1917
         0.0000000000000000        0.0000000000000000        0.0000000000000000     
         0.0000000000000000        1.0000000000000000        0.0000000000000000     
         0.0000000000000000        0.0000000000000000        1.0000000000000000     
         0.0000000000000000        1.0000000000000000        1.0000000000000000     
         0.0000000000000000       0.50000000000000000        0.0000000000000000     
         0.0000000000000000        0.0000000000000000       0.50000000000000000     
         0.0000000000000000       0.50000000000000000       0.50000000000000000     
         0.0000000000000000        1.0000000000000000       0.50000000000000000     
         0.0000000000000000       0.50000000000000000        1.0000000000000000     

 !NewElementMapDefinition
         960        1919
         0.0000000000000000        0.0000000000000000        0.0000000000000000     
         0.0000000000000000        1.0000000000000000        0.0000000000000000     
         0.0000000000000000        0.0000000000000000        1.0000000000000000     
         0.0000000000000000        1.0000000000000000        1.0000000000000000     
         0.0000000000000000       0.50000000000000000        0.0000000000000000     
         0.0000000000000000        0.0000000000000000       0.50000000000000000     
         0.0000000000000000       0.50000000000000000       0.50000000000000000     
         0.0000000000000000        1.0000000000000000       0.50000000000000000     
         0.0000000000000000       0.50000000000000000        1.0000000000000000     

 !NewElementMapDefinition
         961        1921
         0.0000000000000000        0.0000000000000000        0.0000000000000000     
         0.0000000000000000        1.0000000000000000        0.0000000000000000     
         0.0000000000000000        0.0000000000000000        1.0000000000000000     
         0.0000000000000000        1.0000000000000000        1.0000000000000000     
         0.0000000000000000       0.50000000000000000        0.0000000000000000     
         0.0000000000000000        0.0000000000000000       0.50000000000000000     
         0.0000000000000000       0.50000000000000000       0.50000000000000000     
         0.0000000000000000        1.0000000000000000       0.50000000000000000     
         0.0000000000000000       0.50000000000000000        1.0000000000000000     

 !NewElementMapDefinition
         962        1923
         0.0000000000000000        0.0000000000000000        0.0000000000000000     
         0.0000000000000000        1.0000000000000000        0.0000000000000000     
         0.0000000000000000        0.0000000000000000        1.0000000000000000     
         0.0000000000000000        1.0000000000000000        1.0000000000000000     
         0.0000000000000000       0.50000000000000000        0.0000000000000000     
         0.0000000000000000        0.0000000000000000       0.50000000000000000     
         0.0000000000000000       0.50000000000000000       0.50000000000000000     
         0.0000000000000000        1.0000000000000000       0.50000000000000000     
         0.0000000000000000       0.50000000000000000        1.0000000000000000     

 !NewElementMapDefinition
         963        1925
         0.0000000000000000        0.0000000000000000        0.0000000000000000     
         0.0000000000000000        1.0000000000000000        0.0000000000000000     
         0.0000000000000000        0.0000000000000000        1.0000000000000000     
         0.0000000000000000        1.0000000000000000        1.0000000000000000     
         0.0000000000000000       0.50000000000000000        0.0000000000000000     
         0.0000000000000000        0.0000000000000000       0.50000000000000000     
         0.0000000000000000       0.50000000000000000       0.50000000000000000     
         0.0000000000000000        1.0000000000000000       0.50000000000000000     
         0.0000000000000000       0.50000000000000000        1.0000000000000000     

 !NewElementMapDefinition
         964        1927
         0.0000000000000000        0.0000000000000000        0.0000000000000000     
         0.0000000000000000        1.0000000000000000        0.0000000000000000     
         0.0000000000000000        0.0000000000000000        1.0000000000000000     
         0.0000000000000000        1.0000000000000000        1.0000000000000000     
         0.0000000000000000       0.50000000000000000        0.0000000000000000     
         0.0000000000000000        0.0000000000000000       0.50000000000000000     
         0.0000000000000000       0.50000000000000000       0.50000000000000000     
         0.0000000000000000        1.0000000000000000       0.50000000000000000     
         0.0000000000000000       0.50000000000000000        1.0000000000000000     

 !NewElementMapDefinition
         965        1929
         0.0000000000000000        0.0000000000000000        0.0000000000000000     
         0.0000000000000000        1.0000000000000000        0.0000000000000000     
         0.0000000000000000        0.0000000000000000        1.0000000000000000     
         0.0000000000000000        1.0000000000000000        1.0000000000000000     
         0.0000000000000000       0.50000000000000000        0.0000000000000000     
         0.0000000000000000        0.0000000000000000       0.50000000000000000     
         0.0000000000000000       0.50000000000000000       0.50000000000000000     
         0.0000000000000000        1.0000000000000000       0.50000000000000000     
         0.0000000000000000       0.50000000000000000        1.0000000000000000     

 !NewElementMapDefinition
         966        1931
         0.0000000000000000        0.0000000000000000        0.0000000000000000     
         0.0000000000000000        1.0000000000000000        0.0000000000000000     
         0.0000000000000000        0.0000000000000000        1.0000000000000000     
         0.0000000000000000        1.0000000000000000        1.0000000000000000     
         0.0000000000000000       0.50000000000000000        0.0000000000000000     
         0.0000000000000000        0.0000000000000000       0.50000000000000000     
         0.0000000000000000       0.50000000000000000       0.50000000000000000     
         0.0000000000000000        1.0000000000000000       0.50000000000000000     
         0.0000000000000000       0.50000000000000000        1.0000000000000000     

 !NewElementMapDefinition
         967        1933
         0.0000000000000000        0.0000000000000000        0.0000000000000000     
         0.0000000000000000        1.0000000000000000        0.0000000000000000     
         0.0000000000000000        0.0000000000000000        1.0000000000000000     
         0.0000000000000000        1.0000000000000000        1.0000000000000000     
         0.0000000000000000       0.50000000000000000        0.0000000000000000     
         0.0000000000000000        0.0000000000000000       0.50000000000000000     
         0.0000000000000000       0.50000000000000000       0.50000000000000000     
         0.0000000000000000        1.0000000000000000       0.50000000000000000     
         0.0000000000000000       0.50000000000000000        1.0000000000000000     

 !NewElementMapDefinition
         968        1935
         0.0000000000000000        0.0000000000000000        0.0000000000000000     
         0.0000000000000000        1.0000000000000000        0.0000000000000000     
         0.0000000000000000        0.0000000000000000        1.0000000000000000     
         0.0000000000000000        1.0000000000000000        1.0000000000000000     
         0.0000000000000000       0.50000000000000000        0.0000000000000000     
         0.0000000000000000        0.0000000000000000       0.50000000000000000     
         0.0000000000000000       0.50000000000000000       0.50000000000000000     
         0.0000000000000000        1.0000000000000000       0.50000000000000000     
         0.0000000000000000       0.50000000000000000        1.0000000000000000     

 !NewElementMapDefinition
         969        1937
         0.0000000000000000        0.0000000000000000        0.0000000000000000     
         0.0000000000000000        1.0000000000000000        0.0000000000000000     
         0.0000000000000000        0.0000000000000000        1.0000000000000000     
         0.0000000000000000        1.0000000000000000        1.0000000000000000     
         0.0000000000000000       0.50000000000000000        0.0000000000000000     
         0.0000000000000000        0.0000000000000000       0.50000000000000000     
         0.0000000000000000       0.50000000000000000       0.50000000000000000     
         0.0000000000000000        1.0000000000000000       0.50000000000000000     
         0.0000000000000000       0.50000000000000000        1.0000000000000000     

 !NewElementMapDefinition
         970        1939
         0.0000000000000000        0.0000000000000000        0.0000000000000000     
         0.0000000000000000        1.0000000000000000        0.0000000000000000     
         0.0000000000000000        0.0000000000000000        1.0000000000000000     
         0.0000000000000000        1.0000000000000000        1.0000000000000000     
         0.0000000000000000       0.50000000000000000        0.0000000000000000     
         0.0000000000000000        0.0000000000000000       0.50000000000000000     
         0.0000000000000000       0.50000000000000000       0.50000000000000000     
         0.0000000000000000        1.0000000000000000       0.50000000000000000     
         0.0000000000000000       0.50000000000000000        1.0000000000000000     

 !NewElementMapDefinition
         971        1941
         0.0000000000000000        0.0000000000000000        0.0000000000000000     
         0.0000000000000000        1.0000000000000000        0.0000000000000000     
         0.0000000000000000        0.0000000000000000        1.0000000000000000     
         0.0000000000000000        1.0000000000000000        1.0000000000000000     
         0.0000000000000000       0.50000000000000000        0.0000000000000000     
         0.0000000000000000        0.0000000000000000       0.50000000000000000     
         0.0000000000000000       0.50000000000000000       0.50000000000000000     
         0.0000000000000000        1.0000000000000000       0.50000000000000000     
         0.0000000000000000       0.50000000000000000        1.0000000000000000     

 !NewElementMapDefinition
         972        1943
         0.0000000000000000        0.0000000000000000        0.0000000000000000     
         0.0000000000000000        1.0000000000000000        0.0000000000000000     
         0.0000000000000000        0.0000000000000000        1.0000000000000000     
         0.0000000000000000        1.0000000000000000        1.0000000000000000     
         0.0000000000000000       0.50000000000000000        0.0000000000000000     
         0.0000000000000000        0.0000000000000000       0.50000000000000000     
         0.0000000000000000       0.50000000000000000       0.50000000000000000     
         0.0000000000000000        1.0000000000000000       0.50000000000000000     
         0.0000000000000000       0.50000000000000000        1.0000000000000000     

 !NewElementMapDefinition
         973        1945
         0.0000000000000000        0.0000000000000000        0.0000000000000000     
         0.0000000000000000        1.0000000000000000        0.0000000000000000     
         0.0000000000000000        0.0000000000000000        1.0000000000000000     
         0.0000000000000000        1.0000000000000000        1.0000000000000000     
         0.0000000000000000       0.50000000000000000        0.0000000000000000     
         0.0000000000000000        0.0000000000000000       0.50000000000000000     
         0.0000000000000000       0.50000000000000000       0.50000000000000000     
         0.0000000000000000        1.0000000000000000       0.50000000000000000     
         0.0000000000000000       0.50000000000000000        1.0000000000000000     

 !NewElementMapDefinition
         974        1947
         0.0000000000000000        0.0000000000000000        0.0000000000000000     
         0.0000000000000000        1.0000000000000000        0.0000000000000000     
         0.0000000000000000        0.0000000000000000        1.0000000000000000     
         0.0000000000000000        1.0000000000000000        1.0000000000000000     
         0.0000000000000000       0.50000000000000000        0.0000000000000000     
         0.0000000000000000        0.0000000000000000       0.50000000000000000     
         0.0000000000000000       0.50000000000000000       0.50000000000000000     
         0.0000000000000000        1.0000000000000000       0.50000000000000000     
         0.0000000000000000       0.50000000000000000        1.0000000000000000     

 !NewElementMapDefinition
         975        1949
         0.0000000000000000        0.0000000000000000        0.0000000000000000     
         0.0000000000000000        1.0000000000000000        0.0000000000000000     
         0.0000000000000000        0.0000000000000000        1.0000000000000000     
         0.0000000000000000        1.0000000000000000        1.0000000000000000     
         0.0000000000000000       0.50000000000000000        0.0000000000000000     
         0.0000000000000000        0.0000000000000000       0.50000000000000000     
         0.0000000000000000       0.50000000000000000       0.50000000000000000     
         0.0000000000000000        1.0000000000000000       0.50000000000000000     
         0.0000000000000000       0.50000000000000000        1.0000000000000000     

 !NewElementMapDefinition
         976        1951
         0.0000000000000000        0.0000000000000000        0.0000000000000000     
         0.0000000000000000        1.0000000000000000        0.0000000000000000     
         0.0000000000000000        0.0000000000000000        1.0000000000000000     
         0.0000000000000000        1.0000000000000000        1.0000000000000000     
         0.0000000000000000       0.50000000000000000        0.0000000000000000     
         0.0000000000000000        0.0000000000000000       0.50000000000000000     
         0.0000000000000000       0.50000000000000000       0.50000000000000000     
         0.0000000000000000        1.0000000000000000       0.50000000000000000     
         0.0000000000000000       0.50000000000000000        1.0000000000000000     

 !NewElementMapDefinition
         977        1953
         0.0000000000000000        0.0000000000000000        0.0000000000000000     
         0.0000000000000000        1.0000000000000000        0.0000000000000000     
         0.0000000000000000        0.0000000000000000        1.0000000000000000     
         0.0000000000000000        1.0000000000000000        1.0000000000000000     
         0.0000000000000000       0.50000000000000000        0.0000000000000000     
         0.0000000000000000        0.0000000000000000       0.50000000000000000     
         0.0000000000000000       0.50000000000000000       0.50000000000000000     
         0.0000000000000000        1.0000000000000000       0.50000000000000000     
         0.0000000000000000       0.50000000000000000        1.0000000000000000     

 !NewElementMapDefinition
         978        1955
         0.0000000000000000        0.0000000000000000        0.0000000000000000     
         0.0000000000000000        1.0000000000000000        0.0000000000000000     
         0.0000000000000000        0.0000000000000000        1.0000000000000000     
         0.0000000000000000        1.0000000000000000        1.0000000000000000     
         0.0000000000000000       0.50000000000000000        0.0000000000000000     
         0.0000000000000000        0.0000000000000000       0.50000000000000000     
         0.0000000000000000       0.50000000000000000       0.50000000000000000     
         0.0000000000000000        1.0000000000000000       0.50000000000000000     
         0.0000000000000000       0.50000000000000000        1.0000000000000000     

 !NewElementMapDefinition
         979        1957
         0.0000000000000000        0.0000000000000000        0.0000000000000000     
         0.0000000000000000        1.0000000000000000        0.0000000000000000     
         0.0000000000000000        0.0000000000000000        1.0000000000000000     
         0.0000000000000000        1.0000000000000000        1.0000000000000000     
         0.0000000000000000       0.50000000000000000        0.0000000000000000     
         0.0000000000000000        0.0000000000000000       0.50000000000000000     
         0.0000000000000000       0.50000000000000000       0.50000000000000000     
         0.0000000000000000        1.0000000000000000       0.50000000000000000     
         0.0000000000000000       0.50000000000000000        1.0000000000000000     

 !NewElementMapDefinition
         980        1959
         0.0000000000000000        0.0000000000000000        0.0000000000000000     
         0.0000000000000000        1.0000000000000000        0.0000000000000000     
         0.0000000000000000        0.0000000000000000        1.0000000000000000     
         0.0000000000000000        1.0000000000000000        1.0000000000000000     
         0.0000000000000000       0.50000000000000000        0.0000000000000000     
         0.0000000000000000        0.0000000000000000       0.50000000000000000     
         0.0000000000000000       0.50000000000000000       0.50000000000000000     
         0.0000000000000000        1.0000000000000000       0.50000000000000000     
         0.0000000000000000       0.50000000000000000        1.0000000000000000     

 !NewElementMapDefinition
         981        1961
         0.0000000000000000        0.0000000000000000        0.0000000000000000     
         0.0000000000000000        1.0000000000000000        0.0000000000000000     
         0.0000000000000000        0.0000000000000000        1.0000000000000000     
         0.0000000000000000        1.0000000000000000        1.0000000000000000     
         0.0000000000000000       0.50000000000000000        0.0000000000000000     
         0.0000000000000000        0.0000000000000000       0.50000000000000000     
         0.0000000000000000       0.50000000000000000       0.50000000000000000     
         0.0000000000000000        1.0000000000000000       0.50000000000000000     
         0.0000000000000000       0.50000000000000000        1.0000000000000000     

 !NewElementMapDefinition
         982        1963
         0.0000000000000000        0.0000000000000000        0.0000000000000000     
         0.0000000000000000        1.0000000000000000        0.0000000000000000     
         0.0000000000000000        0.0000000000000000        1.0000000000000000     
         0.0000000000000000        1.0000000000000000        1.0000000000000000     
         0.0000000000000000       0.50000000000000000        0.0000000000000000     
         0.0000000000000000        0.0000000000000000       0.50000000000000000     
         0.0000000000000000       0.50000000000000000       0.50000000000000000     
         0.0000000000000000        1.0000000000000000       0.50000000000000000     
         0.0000000000000000       0.50000000000000000        1.0000000000000000     

 !NewElementMapDefinition
         983        1965
         0.0000000000000000        0.0000000000000000        0.0000000000000000     
         0.0000000000000000        1.0000000000000000        0.0000000000000000     
         0.0000000000000000        0.0000000000000000        1.0000000000000000     
         0.0000000000000000        1.0000000000000000        1.0000000000000000     
         0.0000000000000000       0.50000000000000000        0.0000000000000000     
         0.0000000000000000        0.0000000000000000       0.50000000000000000     
         0.0000000000000000       0.50000000000000000       0.50000000000000000     
         0.0000000000000000        1.0000000000000000       0.50000000000000000     
         0.0000000000000000       0.50000000000000000        1.0000000000000000     

 !NewElementMapDefinition
         984        1967
         0.0000000000000000        0.0000000000000000        0.0000000000000000     
         0.0000000000000000        1.0000000000000000        0.0000000000000000     
         0.0000000000000000        0.0000000000000000        1.0000000000000000     
         0.0000000000000000        1.0000000000000000        1.0000000000000000     
         0.0000000000000000       0.50000000000000000        0.0000000000000000     
         0.0000000000000000        0.0000000000000000       0.50000000000000000     
         0.0000000000000000       0.50000000000000000       0.50000000000000000     
         0.0000000000000000        1.0000000000000000       0.50000000000000000     
         0.0000000000000000       0.50000000000000000        1.0000000000000000     

 !NewElementMapDefinition
         985        1969
         0.0000000000000000        0.0000000000000000        0.0000000000000000     
         0.0000000000000000        1.0000000000000000        0.0000000000000000     
         0.0000000000000000        0.0000000000000000        1.0000000000000000     
         0.0000000000000000        1.0000000000000000        1.0000000000000000     
         0.0000000000000000       0.50000000000000000        0.0000000000000000     
         0.0000000000000000        0.0000000000000000       0.50000000000000000     
         0.0000000000000000       0.50000000000000000       0.50000000000000000     
         0.0000000000000000        1.0000000000000000       0.50000000000000000     
         0.0000000000000000       0.50000000000000000        1.0000000000000000     

 !NewElementMapDefinition
         986        1971
         0.0000000000000000        0.0000000000000000        0.0000000000000000     
         0.0000000000000000        1.0000000000000000        0.0000000000000000     
         0.0000000000000000        0.0000000000000000        1.0000000000000000     
         0.0000000000000000        1.0000000000000000        1.0000000000000000     
         0.0000000000000000       0.50000000000000000        0.0000000000000000     
         0.0000000000000000        0.0000000000000000       0.50000000000000000     
         0.0000000000000000       0.50000000000000000       0.50000000000000000     
         0.0000000000000000        1.0000000000000000       0.50000000000000000     
         0.0000000000000000       0.50000000000000000        1.0000000000000000     

 !NewElementMapDefinition
         987        1973
         0.0000000000000000        0.0000000000000000        0.0000000000000000     
         0.0000000000000000        1.0000000000000000        0.0000000000000000     
         0.0000000000000000        0.0000000000000000        1.0000000000000000     
         0.0000000000000000        1.0000000000000000        1.0000000000000000     
         0.0000000000000000       0.50000000000000000        0.0000000000000000     
         0.0000000000000000        0.0000000000000000       0.50000000000000000     
         0.0000000000000000       0.50000000000000000       0.50000000000000000     
         0.0000000000000000        1.0000000000000000       0.50000000000000000     
         0.0000000000000000       0.50000000000000000        1.0000000000000000     

 !NewElementMapDefinition
         988        1975
         0.0000000000000000        0.0000000000000000        0.0000000000000000     
         0.0000000000000000        1.0000000000000000        0.0000000000000000     
         0.0000000000000000        0.0000000000000000        1.0000000000000000     
         0.0000000000000000        1.0000000000000000        1.0000000000000000     
         0.0000000000000000       0.50000000000000000        0.0000000000000000     
         0.0000000000000000        0.0000000000000000       0.50000000000000000     
         0.0000000000000000       0.50000000000000000       0.50000000000000000     
         0.0000000000000000        1.0000000000000000       0.50000000000000000     
         0.0000000000000000       0.50000000000000000        1.0000000000000000     

 !NewElementMapDefinition
         989        1977
         0.0000000000000000        0.0000000000000000        0.0000000000000000     
         0.0000000000000000        1.0000000000000000        0.0000000000000000     
         0.0000000000000000        0.0000000000000000        1.0000000000000000     
         0.0000000000000000        1.0000000000000000        1.0000000000000000     
         0.0000000000000000       0.50000000000000000        0.0000000000000000     
         0.0000000000000000        0.0000000000000000       0.50000000000000000     
         0.0000000000000000       0.50000000000000000       0.50000000000000000     
         0.0000000000000000        1.0000000000000000       0.50000000000000000     
         0.0000000000000000       0.50000000000000000        1.0000000000000000     

 !NewElementMapDefinition
         990        1979
         0.0000000000000000        0.0000000000000000        0.0000000000000000     
         0.0000000000000000        1.0000000000000000        0.0000000000000000     
         0.0000000000000000        0.0000000000000000        1.0000000000000000     
         0.0000000000000000        1.0000000000000000        1.0000000000000000     
         0.0000000000000000       0.50000000000000000        0.0000000000000000     
         0.0000000000000000        0.0000000000000000       0.50000000000000000     
         0.0000000000000000       0.50000000000000000       0.50000000000000000     
         0.0000000000000000        1.0000000000000000       0.50000000000000000     
         0.0000000000000000       0.50000000000000000        1.0000000000000000     

 !NewElementMapDefinition
         991        1981
         0.0000000000000000        0.0000000000000000        0.0000000000000000     
         0.0000000000000000        1.0000000000000000        0.0000000000000000     
         0.0000000000000000        0.0000000000000000        1.0000000000000000     
         0.0000000000000000        1.0000000000000000        1.0000000000000000     
         0.0000000000000000       0.50000000000000000        0.0000000000000000     
         0.0000000000000000        0.0000000000000000       0.50000000000000000     
         0.0000000000000000       0.50000000000000000       0.50000000000000000     
         0.0000000000000000        1.0000000000000000       0.50000000000000000     
         0.0000000000000000       0.50000000000000000        1.0000000000000000     

 !NewElementMapDefinition
         992        1983
         0.0000000000000000        0.0000000000000000        0.0000000000000000     
         0.0000000000000000        1.0000000000000000        0.0000000000000000     
         0.0000000000000000        0.0000000000000000        1.0000000000000000     
         0.0000000000000000        1.0000000000000000        1.0000000000000000     
         0.0000000000000000       0.50000000000000000        0.0000000000000000     
         0.0000000000000000        0.0000000000000000       0.50000000000000000     
         0.0000000000000000       0.50000000000000000       0.50000000000000000     
         0.0000000000000000        1.0000000000000000       0.50000000000000000     
         0.0000000000000000       0.50000000000000000        1.0000000000000000     

 !NewElementMapDefinition
         993        1985
         0.0000000000000000        0.0000000000000000        0.0000000000000000     
         0.0000000000000000        1.0000000000000000        0.0000000000000000     
         0.0000000000000000        0.0000000000000000        1.0000000000000000     
         0.0000000000000000        1.0000000000000000        1.0000000000000000     
         0.0000000000000000       0.50000000000000000        0.0000000000000000     
         0.0000000000000000        0.0000000000000000       0.50000000000000000     
         0.0000000000000000       0.50000000000000000       0.50000000000000000     
         0.0000000000000000        1.0000000000000000       0.50000000000000000     
         0.0000000000000000       0.50000000000000000        1.0000000000000000     

 !NewElementMapDefinition
         994        1987
         0.0000000000000000        0.0000000000000000        0.0000000000000000     
         0.0000000000000000        1.0000000000000000        0.0000000000000000     
         0.0000000000000000        0.0000000000000000        1.0000000000000000     
         0.0000000000000000        1.0000000000000000        1.0000000000000000     
         0.0000000000000000       0.50000000000000000        0.0000000000000000     
         0.0000000000000000        0.0000000000000000       0.50000000000000000     
         0.0000000000000000       0.50000000000000000       0.50000000000000000     
         0.0000000000000000        1.0000000000000000       0.50000000000000000     
         0.0000000000000000       0.50000000000000000        1.0000000000000000     

 !NewElementMapDefinition
         995        1989
         0.0000000000000000        0.0000000000000000        0.0000000000000000     
         0.0000000000000000        1.0000000000000000        0.0000000000000000     
         0.0000000000000000        0.0000000000000000        1.0000000000000000     
         0.0000000000000000        1.0000000000000000        1.0000000000000000     
         0.0000000000000000       0.50000000000000000        0.0000000000000000     
         0.0000000000000000        0.0000000000000000       0.50000000000000000     
         0.0000000000000000       0.50000000000000000       0.50000000000000000     
         0.0000000000000000        1.0000000000000000       0.50000000000000000     
         0.0000000000000000       0.50000000000000000        1.0000000000000000     

 !NewElementMapDefinition
         996        1991
         0.0000000000000000        0.0000000000000000        0.0000000000000000     
         0.0000000000000000        1.0000000000000000        0.0000000000000000     
         0.0000000000000000        0.0000000000000000        1.0000000000000000     
         0.0000000000000000        1.0000000000000000        1.0000000000000000     
         0.0000000000000000       0.50000000000000000        0.0000000000000000     
         0.0000000000000000        0.0000000000000000       0.50000000000000000     
         0.0000000000000000       0.50000000000000000       0.50000000000000000     
         0.0000000000000000        1.0000000000000000       0.50000000000000000     
         0.0000000000000000       0.50000000000000000        1.0000000000000000     

 !NewElementMapDefinition
         997        1993
         0.0000000000000000        0.0000000000000000        0.0000000000000000     
         0.0000000000000000        1.0000000000000000        0.0000000000000000     
         0.0000000000000000        0.0000000000000000        1.0000000000000000     
         0.0000000000000000        1.0000000000000000        1.0000000000000000     
         0.0000000000000000       0.50000000000000000        0.0000000000000000     
         0.0000000000000000        0.0000000000000000       0.50000000000000000     
         0.0000000000000000       0.50000000000000000       0.50000000000000000     
         0.0000000000000000        1.0000000000000000       0.50000000000000000     
         0.0000000000000000       0.50000000000000000        1.0000000000000000     

 !NewElementMapDefinition
         998        1995
         0.0000000000000000        0.0000000000000000        0.0000000000000000     
         0.0000000000000000        1.0000000000000000        0.0000000000000000     
         0.0000000000000000        0.0000000000000000        1.0000000000000000     
         0.0000000000000000        1.0000000000000000        1.0000000000000000     
         0.0000000000000000       0.50000000000000000        0.0000000000000000     
         0.0000000000000000        0.0000000000000000       0.50000000000000000     
         0.0000000000000000       0.50000000000000000       0.50000000000000000     
         0.0000000000000000        1.0000000000000000       0.50000000000000000     
         0.0000000000000000       0.50000000000000000        1.0000000000000000     

 !NewElementMapDefinition
         999        1997
         0.0000000000000000        0.0000000000000000        0.0000000000000000     
         0.0000000000000000        1.0000000000000000        0.0000000000000000     
         0.0000000000000000        0.0000000000000000        1.0000000000000000     
         0.0000000000000000        1.0000000000000000        1.0000000000000000     
         0.0000000000000000       0.50000000000000000        0.0000000000000000     
         0.0000000000000000        0.0000000000000000       0.50000000000000000     
         0.0000000000000000       0.50000000000000000       0.50000000000000000     
         0.0000000000000000        1.0000000000000000       0.50000000000000000     
         0.0000000000000000       0.50000000000000000        1.0000000000000000     

 !NewElementMapDefinition
        1000        1999
         0.0000000000000000        0.0000000000000000        0.0000000000000000     
         0.0000000000000000        1.0000000000000000        0.0000000000000000     
         0.0000000000000000        0.0000000000000000        1.0000000000000000     
         0.0000000000000000        1.0000000000000000        1.0000000000000000     
         0.0000000000000000       0.50000000000000000        0.0000000000000000     
         0.0000000000000000        0.0000000000000000       0.50000000000000000     
         0.0000000000000000       0.50000000000000000       0.50000000000000000     
         0.0000000000000000        1.0000000000000000       0.50000000000000000     
         0.0000000000000000       0.50000000000000000        1.0000000000000000     

 !NewElementMapDefinition
        1001        2001
         0.0000000000000000        0.0000000000000000        0.0000000000000000     
         0.0000000000000000        1.0000000000000000        0.0000000000000000     
         0.0000000000000000        0.0000000000000000        1.0000000000000000     
         0.0000000000000000        1.0000000000000000        1.0000000000000000     
         0.0000000000000000       0.50000000000000000        0.0000000000000000     
         0.0000000000000000        0.0000000000000000       0.50000000000000000     
         0.0000000000000000       0.50000000000000000       0.50000000000000000     
         0.0000000000000000        1.0000000000000000       0.50000000000000000     
         0.0000000000000000       0.50000000000000000        1.0000000000000000     

 !NewElementMapDefinition
        1002        2003
         0.0000000000000000        0.0000000000000000        0.0000000000000000     
         0.0000000000000000        1.0000000000000000        0.0000000000000000     
         0.0000000000000000        0.0000000000000000        1.0000000000000000     
         0.0000000000000000        1.0000000000000000        1.0000000000000000     
         0.0000000000000000       0.50000000000000000        0.0000000000000000     
         0.0000000000000000        0.0000000000000000       0.50000000000000000     
         0.0000000000000000       0.50000000000000000       0.50000000000000000     
         0.0000000000000000        1.0000000000000000       0.50000000000000000     
         0.0000000000000000       0.50000000000000000        1.0000000000000000     

 !NewElementMapDefinition
        1003        2005
         0.0000000000000000        0.0000000000000000        0.0000000000000000     
         0.0000000000000000        1.0000000000000000        0.0000000000000000     
         0.0000000000000000        0.0000000000000000        1.0000000000000000     
         0.0000000000000000        1.0000000000000000        1.0000000000000000     
         0.0000000000000000       0.50000000000000000        0.0000000000000000     
         0.0000000000000000        0.0000000000000000       0.50000000000000000     
         0.0000000000000000       0.50000000000000000       0.50000000000000000     
         0.0000000000000000        1.0000000000000000       0.50000000000000000     
         0.0000000000000000       0.50000000000000000        1.0000000000000000     

 !NewElementMapDefinition
        1004        2007
         0.0000000000000000        0.0000000000000000        0.0000000000000000     
         0.0000000000000000        1.0000000000000000        0.0000000000000000     
         0.0000000000000000        0.0000000000000000        1.0000000000000000     
         0.0000000000000000        1.0000000000000000        1.0000000000000000     
         0.0000000000000000       0.50000000000000000        0.0000000000000000     
         0.0000000000000000        0.0000000000000000       0.50000000000000000     
         0.0000000000000000       0.50000000000000000       0.50000000000000000     
         0.0000000000000000        1.0000000000000000       0.50000000000000000     
         0.0000000000000000       0.50000000000000000        1.0000000000000000     

 !NewElementMapDefinition
        1005        2009
         0.0000000000000000        0.0000000000000000        0.0000000000000000     
         0.0000000000000000        1.0000000000000000        0.0000000000000000     
         0.0000000000000000        0.0000000000000000        1.0000000000000000     
         0.0000000000000000        1.0000000000000000        1.0000000000000000     
         0.0000000000000000       0.50000000000000000        0.0000000000000000     
         0.0000000000000000        0.0000000000000000       0.50000000000000000     
         0.0000000000000000       0.50000000000000000       0.50000000000000000     
         0.0000000000000000        1.0000000000000000       0.50000000000000000     
         0.0000000000000000       0.50000000000000000        1.0000000000000000     

 !NewElementMapDefinition
        1006        2011
         0.0000000000000000        0.0000000000000000        0.0000000000000000     
         0.0000000000000000        1.0000000000000000        0.0000000000000000     
         0.0000000000000000        0.0000000000000000        1.0000000000000000     
         0.0000000000000000        1.0000000000000000        1.0000000000000000     
         0.0000000000000000       0.50000000000000000        0.0000000000000000     
         0.0000000000000000        0.0000000000000000       0.50000000000000000     
         0.0000000000000000       0.50000000000000000       0.50000000000000000     
         0.0000000000000000        1.0000000000000000       0.50000000000000000     
         0.0000000000000000       0.50000000000000000        1.0000000000000000     

 !NewElementMapDefinition
        1007        2013
         0.0000000000000000        0.0000000000000000        0.0000000000000000     
         0.0000000000000000        1.0000000000000000        0.0000000000000000     
         0.0000000000000000        0.0000000000000000        1.0000000000000000     
         0.0000000000000000        1.0000000000000000        1.0000000000000000     
         0.0000000000000000       0.50000000000000000        0.0000000000000000     
         0.0000000000000000        0.0000000000000000       0.50000000000000000     
         0.0000000000000000       0.50000000000000000       0.50000000000000000     
         0.0000000000000000        1.0000000000000000       0.50000000000000000     
         0.0000000000000000       0.50000000000000000        1.0000000000000000     

 !NewElementMapDefinition
        1008        2015
         0.0000000000000000        0.0000000000000000        0.0000000000000000     
         0.0000000000000000        1.0000000000000000        0.0000000000000000     
         0.0000000000000000        0.0000000000000000        1.0000000000000000     
         0.0000000000000000        1.0000000000000000        1.0000000000000000     
         0.0000000000000000       0.50000000000000000        0.0000000000000000     
         0.0000000000000000        0.0000000000000000       0.50000000000000000     
         0.0000000000000000       0.50000000000000000       0.50000000000000000     
         0.0000000000000000        1.0000000000000000       0.50000000000000000     
         0.0000000000000000       0.50000000000000000        1.0000000000000000     

 !NewElementMapDefinition
        1009        2017
         0.0000000000000000        0.0000000000000000        0.0000000000000000     
         0.0000000000000000        1.0000000000000000        0.0000000000000000     
         0.0000000000000000        0.0000000000000000        1.0000000000000000     
         0.0000000000000000        1.0000000000000000        1.0000000000000000     
         0.0000000000000000       0.50000000000000000        0.0000000000000000     
         0.0000000000000000        0.0000000000000000       0.50000000000000000     
         0.0000000000000000       0.50000000000000000       0.50000000000000000     
         0.0000000000000000        1.0000000000000000       0.50000000000000000     
         0.0000000000000000       0.50000000000000000        1.0000000000000000     

 !NewElementMapDefinition
        1010        2019
         0.0000000000000000        0.0000000000000000        0.0000000000000000     
         0.0000000000000000        1.0000000000000000        0.0000000000000000     
         0.0000000000000000        0.0000000000000000        1.0000000000000000     
         0.0000000000000000        1.0000000000000000        1.0000000000000000     
         0.0000000000000000       0.50000000000000000        0.0000000000000000     
         0.0000000000000000        0.0000000000000000       0.50000000000000000     
         0.0000000000000000       0.50000000000000000       0.50000000000000000     
         0.0000000000000000        1.0000000000000000       0.50000000000000000     
         0.0000000000000000       0.50000000000000000        1.0000000000000000     

 !NewElementMapDefinition
        1011        2021
         0.0000000000000000        0.0000000000000000        0.0000000000000000     
         0.0000000000000000        1.0000000000000000        0.0000000000000000     
         0.0000000000000000        0.0000000000000000        1.0000000000000000     
         0.0000000000000000        1.0000000000000000        1.0000000000000000     
         0.0000000000000000       0.50000000000000000        0.0000000000000000     
         0.0000000000000000        0.0000000000000000       0.50000000000000000     
         0.0000000000000000       0.50000000000000000       0.50000000000000000     
         0.0000000000000000        1.0000000000000000       0.50000000000000000     
         0.0000000000000000       0.50000000000000000        1.0000000000000000     

 !NewElementMapDefinition
        1012        2023
         0.0000000000000000        0.0000000000000000        0.0000000000000000     
         0.0000000000000000        1.0000000000000000        0.0000000000000000     
         0.0000000000000000        0.0000000000000000        1.0000000000000000     
         0.0000000000000000        1.0000000000000000        1.0000000000000000     
         0.0000000000000000       0.50000000000000000        0.0000000000000000     
         0.0000000000000000        0.0000000000000000       0.50000000000000000     
         0.0000000000000000       0.50000000000000000       0.50000000000000000     
         0.0000000000000000        1.0000000000000000       0.50000000000000000     
         0.0000000000000000       0.50000000000000000        1.0000000000000000     

 !NewElementMapDefinition
        1013        2025
         0.0000000000000000        0.0000000000000000        0.0000000000000000     
         0.0000000000000000        1.0000000000000000        0.0000000000000000     
         0.0000000000000000        0.0000000000000000        1.0000000000000000     
         0.0000000000000000        1.0000000000000000        1.0000000000000000     
         0.0000000000000000       0.50000000000000000        0.0000000000000000     
         0.0000000000000000        0.0000000000000000       0.50000000000000000     
         0.0000000000000000       0.50000000000000000       0.50000000000000000     
         0.0000000000000000        1.0000000000000000       0.50000000000000000     
         0.0000000000000000       0.50000000000000000        1.0000000000000000     

 !NewElementMapDefinition
        1014        2027
         0.0000000000000000        0.0000000000000000        0.0000000000000000     
         0.0000000000000000        1.0000000000000000        0.0000000000000000     
         0.0000000000000000        0.0000000000000000        1.0000000000000000     
         0.0000000000000000        1.0000000000000000        1.0000000000000000     
         0.0000000000000000       0.50000000000000000        0.0000000000000000     
         0.0000000000000000        0.0000000000000000       0.50000000000000000     
         0.0000000000000000       0.50000000000000000       0.50000000000000000     
         0.0000000000000000        1.0000000000000000       0.50000000000000000     
         0.0000000000000000       0.50000000000000000        1.0000000000000000     

 !NewElementMapDefinition
        1015        2029
         0.0000000000000000        0.0000000000000000        0.0000000000000000     
         0.0000000000000000        1.0000000000000000        0.0000000000000000     
         0.0000000000000000        0.0000000000000000        1.0000000000000000     
         0.0000000000000000        1.0000000000000000        1.0000000000000000     
         0.0000000000000000       0.50000000000000000        0.0000000000000000     
         0.0000000000000000        0.0000000000000000       0.50000000000000000     
         0.0000000000000000       0.50000000000000000       0.50000000000000000     
         0.0000000000000000        1.0000000000000000       0.50000000000000000     
         0.0000000000000000       0.50000000000000000        1.0000000000000000     

 !NewElementMapDefinition
        1016        2031
         0.0000000000000000        0.0000000000000000        0.0000000000000000     
         0.0000000000000000        1.0000000000000000        0.0000000000000000     
         0.0000000000000000        0.0000000000000000        1.0000000000000000     
         0.0000000000000000        1.0000000000000000        1.0000000000000000     
         0.0000000000000000       0.50000000000000000        0.0000000000000000     
         0.0000000000000000        0.0000000000000000       0.50000000000000000     
         0.0000000000000000       0.50000000000000000       0.50000000000000000     
         0.0000000000000000        1.0000000000000000       0.50000000000000000     
         0.0000000000000000       0.50000000000000000        1.0000000000000000     

 !NewElementMapDefinition
        1017        2033
         0.0000000000000000        0.0000000000000000        0.0000000000000000     
         0.0000000000000000        1.0000000000000000        0.0000000000000000     
         0.0000000000000000        0.0000000000000000        1.0000000000000000     
         0.0000000000000000        1.0000000000000000        1.0000000000000000     
         0.0000000000000000       0.50000000000000000        0.0000000000000000     
         0.0000000000000000        0.0000000000000000       0.50000000000000000     
         0.0000000000000000       0.50000000000000000       0.50000000000000000     
         0.0000000000000000        1.0000000000000000       0.50000000000000000     
         0.0000000000000000       0.50000000000000000        1.0000000000000000     

 !NewElementMapDefinition
        1018        2035
         0.0000000000000000        0.0000000000000000        0.0000000000000000     
         0.0000000000000000        1.0000000000000000        0.0000000000000000     
         0.0000000000000000        0.0000000000000000        1.0000000000000000     
         0.0000000000000000        1.0000000000000000        1.0000000000000000     
         0.0000000000000000       0.50000000000000000        0.0000000000000000     
         0.0000000000000000        0.0000000000000000       0.50000000000000000     
         0.0000000000000000       0.50000000000000000       0.50000000000000000     
         0.0000000000000000        1.0000000000000000       0.50000000000000000     
         0.0000000000000000       0.50000000000000000        1.0000000000000000     

 !NewElementMapDefinition
        1019        2037
         0.0000000000000000        0.0000000000000000        0.0000000000000000     
         0.0000000000000000        1.0000000000000000        0.0000000000000000     
         0.0000000000000000        0.0000000000000000        1.0000000000000000     
         0.0000000000000000        1.0000000000000000        1.0000000000000000     
         0.0000000000000000       0.50000000000000000        0.0000000000000000     
         0.0000000000000000        0.0000000000000000       0.50000000000000000     
         0.0000000000000000       0.50000000000000000       0.50000000000000000     
         0.0000000000000000        1.0000000000000000       0.50000000000000000     
         0.0000000000000000       0.50000000000000000        1.0000000000000000     

 !NewElementMapDefinition
        1020        2039
         0.0000000000000000        0.0000000000000000        0.0000000000000000     
         0.0000000000000000        1.0000000000000000        0.0000000000000000     
         0.0000000000000000        0.0000000000000000        1.0000000000000000     
         0.0000000000000000        1.0000000000000000        1.0000000000000000     
         0.0000000000000000       0.50000000000000000        0.0000000000000000     
         0.0000000000000000        0.0000000000000000       0.50000000000000000     
         0.0000000000000000       0.50000000000000000       0.50000000000000000     
         0.0000000000000000        1.0000000000000000       0.50000000000000000     
         0.0000000000000000       0.50000000000000000        1.0000000000000000     

 !NewElementMapDefinition
        1021        2041
         0.0000000000000000        0.0000000000000000        0.0000000000000000     
         0.0000000000000000        1.0000000000000000        0.0000000000000000     
         0.0000000000000000        0.0000000000000000        1.0000000000000000     
         0.0000000000000000        1.0000000000000000        1.0000000000000000     
         0.0000000000000000       0.50000000000000000        0.0000000000000000     
         0.0000000000000000        0.0000000000000000       0.50000000000000000     
         0.0000000000000000       0.50000000000000000       0.50000000000000000     
         0.0000000000000000        1.0000000000000000       0.50000000000000000     
         0.0000000000000000       0.50000000000000000        1.0000000000000000     

 !NewElementMapDefinition
        1022        2043
         0.0000000000000000        0.0000000000000000        0.0000000000000000     
         0.0000000000000000        1.0000000000000000        0.0000000000000000     
         0.0000000000000000        0.0000000000000000        1.0000000000000000     
         0.0000000000000000        1.0000000000000000        1.0000000000000000     
         0.0000000000000000       0.50000000000000000        0.0000000000000000     
         0.0000000000000000        0.0000000000000000       0.50000000000000000     
         0.0000000000000000       0.50000000000000000       0.50000000000000000     
         0.0000000000000000        1.0000000000000000       0.50000000000000000     
         0.0000000000000000       0.50000000000000000        1.0000000000000000     

 !NewElementMapDefinition
        1023        2045
         0.0000000000000000        0.0000000000000000        0.0000000000000000     
         0.0000000000000000        1.0000000000000000        0.0000000000000000     
         0.0000000000000000        0.0000000000000000        1.0000000000000000     
         0.0000000000000000        1.0000000000000000        1.0000000000000000     
         0.0000000000000000       0.50000000000000000        0.0000000000000000     
         0.0000000000000000        0.0000000000000000       0.50000000000000000     
         0.0000000000000000       0.50000000000000000       0.50000000000000000     
         0.0000000000000000        1.0000000000000000       0.50000000000000000     
         0.0000000000000000       0.50000000000000000        1.0000000000000000     

 !NewElementMapDefinition
        1024        2047
         0.0000000000000000        0.0000000000000000        0.0000000000000000     
         0.0000000000000000        1.0000000000000000        0.0000000000000000     
         0.0000000000000000        0.0000000000000000        1.0000000000000000     
         0.0000000000000000        1.0000000000000000        1.0000000000000000     
         0.0000000000000000       0.50000000000000000        0.0000000000000000     
         0.0000000000000000        0.0000000000000000       0.50000000000000000     
         0.0000000000000000       0.50000000000000000       0.50000000000000000     
         0.0000000000000000        1.0000000000000000       0.50000000000000000     
         0.0000000000000000       0.50000000000000000        1.0000000000000000     
